student_id,name,gender,age,current_branch,semester,cgpa,avg_marks,completed_credits,skills,programming_languages,interests,preferred_domain,project_experience,certifications,career_interest,preferred_specialization,learning_preference
S00001,Ritu Gupta,Female,22,AIML,8,7.53,80.9,83,Algorithms|Business Analytics|C|Cloud Computing|Cyber Security|DBMS|Deep Learning|DevOps|Embedded Systems|Frontend Development|Hardware Design|Java|JavaScript|Machine Learning|NLP|Networking|Python|SQL|Software Engineering|Software Testing|Statistics|Web Development,C|Java|JavaScript|Python,Deep Learning,Deep Learning,Chatbot using Transformers|Sentiment Analysis Tool,,Data Analyst,AIML,Hands-on Labs
S00002,Suresh Bose,Male,20,CSE,3,8.53,91.7,19,Algorithms|C|Hardware Design|Statistics|SQL,C,Algorithms,Algorithms,OS Scheduler Simulation,,Software Architect,CSE,Hands-on Labs
S00003,Rahul Gupta,Male,21,CSE,8,8.47,90.9,76,Algorithms|Business Analytics|C|Cloud Computing|Cyber Security|DBMS|Data Analytics|Data Structures|Distributed Systems|Hardware Design|Java|JavaScript|Operating Systems|Python|Software Engineering|Software Testing|Statistics|Web Development,C|Java|JavaScript|Python,Systems,Systems,,Java Programming Certificate|DSA Specialization,Systems Engineer,CSE,Theory-focused
S00004,Divya Das,Male,22,CSE,8,7.93,83.6,73,Algorithms|C|Cloud Computing|Computer Vision|Cryptography|Cyber Security|Data Engineering|Data Structures|Deep Learning|DevOps|Frontend Development|Hardware Design|JavaScript|Networking|Python|SQL|Software Engineering|Software Testing|Web Development,C|JavaScript|Python,Algorithms,Algorithms,Compiler Mini-Project|OS Scheduler Simulation,Java Programming Certificate,Database Administrator,IOT,Project-based
S00005,Prakash Varma,Male,19,CYSEC,3,6.83,73.2,23,Algorithms|C|Data Structures|Hardware Design|Statistics,C,Networking,Networking,,,Network Administrator,IOT,Hands-on Labs
S00006,Arjun Rao,Female,20,AIML,5,6.73,73.7,45,Algorithms|C|Data Structures|Frontend Development|Java|JavaScript|SQL|Software Testing|Statistics,C|Java|JavaScript,AI,AI,,,Business Intelligence Analyst,AIML,Self-paced Online
S00007,Naveen Das,Male,19,AIDS,4,5.74,65.0,34,Algorithms|DBMS|Frontend Development|Hardware Design|Java|Python|SQL|Software Engineering|Statistics|Computer Vision,Java|Python,Statistics,Statistics,ETL Pipeline for Retail Data|Sales Forecasting Dashboard,,Data Engineer,AIDS,Project-based
S00008,Ritu Nair,Male,20,AIML,4,7.21,77.6,34,C|DBMS|Data Structures|Hardware Design|Java|JavaScript|SQL|Software Engineering|Statistics|Web Development,C|Java|JavaScript,Machine Learning,Machine Learning,Sentiment Analysis Tool|Chatbot using Transformers,Deep Learning Specialization,Backend Developer,AIML,Theory-focused
S00009,Aravind Singh,Male,22,AIDS,7,7.34,77.3,71,Algorithms|C|Cloud Computing|DBMS|Data Analytics|Data Engineering|Data Structures|Frontend Development|Hardware Design|Java|JavaScript|Machine Learning|Networking|Python|SQL|Software Engineering|Software Testing|Web Development,C|Java|JavaScript|Python,Business Analytics,Business Analytics,,,Machine Learning Engineer,AIDS,Project-based
S00010,Nisha Raman,Male,19,IT,3,5.35,63.7,23,Algorithms|Hardware Design|Python,Python,Hardware,Hardware,Network Monitoring Tool,,Systems Engineer,IT,Theory-focused
S00011,Prakash Singh,Female,19,IT,3,6.52,71.0,23,Algorithms|Data Structures|Hardware Design|Python,Python,Web Systems,Web Systems,Cloud-hosted Inventory System,AWS Cloud Practitioner|CompTIA Network+,Backend Developer,IT,Self-paced Online
S00012,Suresh Chandran,Male,21,IT,5,6.76,73.4,49,Algorithms|C|DBMS|Data Structures|Frontend Development|Hardware Design|Java|JavaScript|Networking|Operating Systems|Python|Software Engineering|Statistics|Web Development,C|Java|JavaScript|Python,Software,Software,Network Monitoring Tool|Enterprise CRM App,,Product Manager (Tech),IT,Self-paced Online
S00013,Shreya Bose,Female,20,CSE,5,8.2,85.9,49,Data Structures|Frontend Development|Hardware Design|Java|JavaScript|Networking|Python|Software Engineering|Software Testing|Statistics|Web Development,Java|JavaScript|Python,Algorithms,Algorithms,Compiler Mini-Project|E-commerce Web App|OS Scheduler Simulation,Java Programming Certificate,DevOps Engineer,CSE,Mentor-guided
S00014,Karthik Rao,Female,20,AIML,5,4.71,59.8,49,Algorithms|DBMS|Data Structures|Frontend Development|Hardware Design|Java|Networking|Operating Systems|Python|SQL|Software Engineering|Statistics|Web Development,Java|Python,Machine Learning,Machine Learning,,,Machine Learning Engineer,AIML,Self-paced Online
S00015,Aditi Verma,Male,19,AIDS,3,8.17,85.1,23,Algorithms|C|Data Structures|Hardware Design,C,Machine Learning,Machine Learning,,,Data Analyst,AIDS,Theory-focused
S00016,Karthik Kumar,Male,20,CSE,3,7.17,75.6,23,Algorithms|Data Structures|Hardware Design|Data Engineering,C++,Programming,Programming,OS Scheduler Simulation|E-commerce Web App|Compiler Mini-Project,DSA Specialization,DevOps Engineer,CSE,Theory-focused
S00017,Deepa Sharma,Male,20,CSE,4,4.53,57.1,34,Algorithms|C|DBMS|Data Structures|Hardware Design|JavaScript|Python|SQL|Software Engineering|Statistics,C|JavaScript|Python,Systems,Systems,,Java Programming Certificate,Backend Developer,CSE,Theory-focused
S00018,Shreya Sharma,Male,19,CYSEC,4,6.19,66.2,31,Algorithms|C|DBMS|Data Structures|Frontend Development|Hardware Design|JavaScript|Python|SQL|Software Engineering|Statistics|Web Development,C|JavaScript|Python,Cryptography,Cryptography,Phishing Detection Tool|Secure File Sharing System|Vulnerability Scanner,,Penetration Tester,CYSEC,Project-based
S00019,Nisha Rao,Female,20,AIML,5,7.51,81.0,49,C|Data Structures|Hardware Design|Networking|Python|Statistics,C|Python,Machine Learning,Machine Learning,Chatbot using Transformers|Image Classification Model|Sentiment Analysis Tool,,Backend Developer,AIML,Theory-focused
S00020,Aravind Menon,Female,22,CSE,8,6.17,67.8,64,Algorithms|C|Data Structures|Distributed Systems|Frontend Development|Hardware Design|Java|JavaScript|Networking|Operating Systems|Python|SQL|Software Engineering|Software Testing|Web Development,C|Java|JavaScript|Python,Algorithms,Algorithms,Compiler Mini-Project|OS Scheduler Simulation|E-commerce Web App,Java Programming Certificate,DevOps Engineer,CSE,Mentor-guided
S00021,Prakash Verma,Male,20,CYSEC,3,8.35,89.0,23,Algorithms|C|Hardware Design|Statistics,C,Systems,Systems,Vulnerability Scanner,CompTIA Security+|Certified Ethical Hacker (CEH) - Foundation,Security Architect,CYSEC,Hands-on Labs
S00022,Harish Das,Female,19,CYSEC,3,8.13,85.2,23,Algorithms|Hardware Design|Python|Statistics,Python,Security,Security,Secure File Sharing System,Certified Ethical Hacker (CEH) - Foundation,SOC Analyst,CYSEC,Hands-on Labs
S00023,Rohan Iyer,Female,19,AIML,3,7.3,78.7,20,Algorithms|C|Data Structures|Hardware Design|Statistics,C,Deep Learning,Deep Learning,Chatbot using Transformers,,Robotics Engineer,AIML,Mentor-guided
S00024,Sanjay Mehta,Female,19,AIML,3,8.26,86.4,23,C|Data Structures|Python|Statistics,C|Python,Deep Learning,Deep Learning,,,Machine Learning Engineer,AIML,Project-based
S00025,Arjun Iyer,Female,20,AIML,4,8.18,87.0,34,Algorithms|C|DBMS|Data Structures|Frontend Development|Hardware Design|Java|JavaScript|Python|SQL|Statistics|Web Development,C|Java|JavaScript|Python,Statistics,Statistics,Image Classification Model|Sentiment Analysis Tool,,Data Scientist,AIML,Mentor-guided
S00026,Naveen Pillai,Male,20,CSBS,5,8.6,91.7,45,Algorithms|C|DBMS|Data Structures|Hardware Design|Java|JavaScript|Networking|Operating Systems|Python|SQL|Software Engineering|Software Testing|Statistics,C|Java|JavaScript|Python,Deep Learning,Deep Learning,Market Trend Predictor|Business Analytics Report Tool,PMP Foundation|Google Business Analytics Certificate,Business Intelligence Analyst,CSBS,Theory-focused
S00027,Ananya Menon,Male,20,CSE,6,7.43,78.8,69,Algorithms|Cloud Computing|DBMS|Data Analytics|Data Structures|DevOps|Frontend Development|Hardware Design|Java|JavaScript|Machine Learning|Operating Systems|Python|SQL|Software Engineering|Statistics|Web Development,Java|JavaScript|Python,Systems,Systems,Compiler Mini-Project,,Software Architect,CSE,Mentor-guided
S00028,Sanjay Gupta,Female,20,CYSEC,5,8.82,95.4,45,C|Data Structures|Hardware Design|JavaScript|Operating Systems|Python|Statistics,C|JavaScript|Python,Data Science,Data Science,Phishing Detection Tool|Secure File Sharing System,,Security Architect,CYSEC,Self-paced Online
S00029,Karthik Reddy,Female,20,AIDS,5,7.11,77.6,46,Algorithms|C|DBMS|Data Structures|Frontend Development|Hardware Design|Java|JavaScript|Networking|Operating Systems|Python|SQL|Software Engineering|Software Testing|Statistics|Web Development,C|Java|JavaScript|Python,Statistics,Statistics,Sales Forecasting Dashboard,IBM Data Science Certificate,Cloud Engineer,AIDS,Hands-on Labs
S00030,Rohan Sharma,Female,21,AIML,5,6.6,71.8,45,Algorithms|C|DBMS|Data Structures|Java|Networking|Python|SQL|Software Engineering|Statistics|Web Development,C|Java|Python,Deep Learning,Deep Learning,Image Classification Model|Chatbot using Transformers,TensorFlow Developer Certificate,Computer Vision Engineer,AIML,Mentor-guided
S00031,Prakash Rao,Male,19,CSBS,4,8.47,91.4,34,Algorithms|C|Data Structures|Frontend Development|Hardware Design|Java|JavaScript|Python|SQL|Software Engineering|Statistics|Web Development,C|Java|JavaScript|Python,Databases,Databases,Market Trend Predictor,,Product Manager (Tech),CSBS,Mentor-guided
S00032,Aravind Das,Male,19,AIML,3,6.52,71.8,23,Algorithms|C|Hardware Design|Python|Statistics|Cryptography,C|Python,Statistics,Statistics,Sentiment Analysis Tool|Chatbot using Transformers,TensorFlow Developer Certificate,Data Scientist,AIML,Mentor-guided
S00033,Shreya Sharma,Male,19,AIML,3,8.3,89.2,23,Algorithms|C|Data Structures|Hardware Design|Python|Statistics,C|Python,Data,Data,Image Classification Model,,Machine Learning Engineer,AIML,Mentor-guided
S00034,Aditi Chandran,Male,19,CYSEC,3,7.96,85.5,23,Algorithms|C|Data Structures|Hardware Design|Python|Statistics,C|Python,Networking,Networking,Vulnerability Scanner,CompTIA Security+,Security Architect,CYSEC,Self-paced Online
S00035,Suresh Mehta,Female,20,CSBS,5,6.08,68.9,49,C|DBMS|Data Structures|Hardware Design|Java|JavaScript|Networking|Operating Systems|Python|Software Engineering|Software Testing|Statistics|Web Development,C|Java|JavaScript|Python,Management,Management,,Google Business Analytics Certificate,Business Intelligence Analyst,CSBS,Self-paced Online
S00036,Ananya Krishnan,Female,20,AIML,5,7.02,73.1,49,Algorithms|C|DBMS|Data Structures|Hardware Design|JavaScript|Networking|Operating Systems|SQL|Software Engineering,C|JavaScript,Statistics,Statistics,Image Classification Model,,Robotics Engineer,AIML,Project-based
S00037,Lakshmi Singh,Male,21,CYSEC,8,6.73,73.1,93,Algorithms|Backend Development|C|Cloud Computing|Cryptography|Cyber Security|DBMS|Data Analytics|Data Engineering|Data Structures|Deep Learning|DevOps|Ethical Hacking|Frontend Development|Hardware Design|Java|Machine Learning|Networking|SQL|Software Engineering|Software Testing|Statistics|Web Development,C|Java,Web Systems,Web Systems,Vulnerability Scanner|Secure File Sharing System,Certified Ethical Hacker (CEH) - Foundation|CompTIA Security+,Machine Learning Engineer,CYSEC,Project-based
S00038,Divya Sharma,Male,20,AIML,4,7.21,75.4,34,Algorithms|C|DBMS|Data Structures|Frontend Development|Hardware Design|Java|Python|SQL|Networking,C|Java|Python,Statistics,Statistics,Chatbot using Transformers,TensorFlow Developer Certificate|Deep Learning Specialization,Machine Learning Engineer,AIML,Mentor-guided
S00039,Aravind Bose,Male,20,CSE,4,6.88,74.7,34,C|DBMS|Frontend Development|Hardware Design|JavaScript|SQL|Software Engineering|Web Development,C|JavaScript,Programming,Programming,E-commerce Web App|Compiler Mini-Project|OS Scheduler Simulation,Java Programming Certificate,Systems Engineer,CSE,Theory-focused
S00040,Nisha Reddy,Male,20,AIDS,6,7.75,81.2,52,Algorithms|Business Analytics|C|DBMS|Data Structures|Frontend Development|Hardware Design|Java|JavaScript|Python|SQL|Software Testing|Statistics|Web Development,C|Java|JavaScript|Python,Security,Security,ETL Pipeline for Retail Data|Customer Segmentation Analysis|Sales Forecasting Dashboard,,Machine Learning Engineer,IT,Self-paced Online
S00041,Manoj Reddy,Male,21,AIML,8,3.96,55.8,57,Algorithms|C|DBMS|Data Engineering|Data Structures|Deep Learning|Hardware Design|IoT|JavaScript|Machine Learning|NLP|Networking|Operating Systems|Python|SQL|Software Engineering|Statistics|Web Development,C|JavaScript|Python,AI,AI,Sentiment Analysis Tool|Chatbot using Transformers|Image Classification Model,TensorFlow Developer Certificate|Deep Learning Specialization,Robotics Engineer,AIML,Hands-on Labs
S00042,Rohan Verma,Male,19,AIML,3,6.83,74.9,23,Algorithms|C|Python|Statistics,C|Python,Machine Learning,Machine Learning,Sentiment Analysis Tool|Image Classification Model,TensorFlow Developer Certificate|Deep Learning Specialization,Network Administrator,AIML,Self-paced Online
S00043,Manoj Sharma,Male,21,IT,5,7.07,76.3,45,Algorithms|C|DBMS|Data Structures|Frontend Development|Hardware Design|Java|JavaScript|Networking|Python|SQL|Software Engineering|Software Testing|Statistics|Web Development,C|Java|JavaScript|Python,Web Systems,Web Systems,Network Monitoring Tool,CompTIA Network+|AWS Cloud Practitioner,Network Administrator,IT,Project-based
S00044,Kiran Verma,Male,20,CSE,5,7.43,78.2,49,Algorithms|C|DBMS|Data Structures|Hardware Design|Java|Networking|Operating Systems|Python|SQL|Software Engineering|Software Testing|Statistics,C|Java|Python,Software Engineering,Software Engineering,E-commerce Web App,DSA Specialization,Data Scientist,CSE,Self-paced Online
S00045,Ananya Pillai,Female,19,IOT,4,8.35,89.9,34,Algorithms|C|DBMS|Data Structures|Frontend Development|Hardware Design|Java|JavaScript|Python|SQL|Software Engineering|Web Development,C|Java|JavaScript|Python,IoT,IoT,Weather Monitoring IoT Node|Wearable Health Tracker,IoT Fundamentals (Cisco),Robotics Engineer,IOT,Project-based
S00046,Meera Nair,Male,21,AIML,7,7.72,83.0,67,Algorithms|C|Cloud Computing|Cyber Security|DBMS|Data Analytics|Data Engineering|Data Structures|Ethical Hacking|Frontend Development|Hardware Design|Java|JavaScript|Machine Learning|Networking|Operating Systems|Python|SQL|Software Engineering|Statistics,C|Java|JavaScript|Python,Software Engineering,Software Engineering,Sentiment Analysis Tool|Chatbot using Transformers,TensorFlow Developer Certificate,Data Scientist,AIML,Self-paced Online
S00047,Divya Reddy,Female,20,AIML,6,7.46,80.7,57,Algorithms|DBMS|Data Structures|Frontend Development|Hardware Design|Java|JavaScript|Operating Systems|Python|SQL|Software Engineering|Software Testing|Statistics|Web Development,Java|JavaScript|Python,Web Systems,Web Systems,Image Classification Model|Sentiment Analysis Tool,,Robotics Engineer,AIML,Theory-focused
S00048,Manoj Verma,Male,21,CSE,7,8.89,95.8,73,Algorithms|C|Cloud Computing|Cyber Security|DBMS|Data Analytics|Data Structures|DevOps|Distributed Systems|Embedded Systems|Ethical Hacking|Hardware Design|JavaScript|Operating Systems|Python|SQL|Software Engineering|Software Testing|Statistics|Web Development,C|JavaScript|Python,Programming,Programming,,,Cloud Engineer,CSE,Self-paced Online
S00049,Vivek Menon,Male,19,AIML,3,7.05,76.2,20,Algorithms|Hardware Design|Python|Statistics,Python,Statistics,Statistics,Chatbot using Transformers|Sentiment Analysis Tool,Deep Learning Specialization,NLP Engineer,AIML,Hands-on Labs
S00050,Prakash Varma,Female,19,IT,3,6.48,72.2,23,Algorithms|C|Hardware Design|Python|Statistics,C|Python,Web Systems,Web Systems,Cloud-hosted Inventory System,,Cloud Engineer,IOT,Mentor-guided
S00051,Rahul Krishnan,Male,19,AIDS,4,5.41,62.8,27,Algorithms|C|Data Structures|Frontend Development|Hardware Design|Java|JavaScript|SQL|Software Engineering|Web Development,C|Java|JavaScript,Data Engineering,Data Engineering,Customer Segmentation Analysis|ETL Pipeline for Retail Data,,Data Analyst,AIDS,Theory-focused
S00052,Anjali Singh,Male,19,IT,4,8.06,84.4,34,Algorithms|C|DBMS|Data Structures|Frontend Development|Hardware Design|JavaScript|Python|SQL|Statistics|Web Development,C|JavaScript|Python,Networking,Networking,,CompTIA Network+,Backend Developer,IOT,Project-based
S00053,Harish Bose,Female,20,IOT,3,5.39,63.3,23,Algorithms|C|Data Structures|Hardware Design|Python|Statistics,C|Python,Cloud,Cloud,Smart Home Automation,IoT Fundamentals (Cisco),Firmware Engineer,IOT,Mentor-guided
S00054,Anjali Singh,Male,22,CSBS,8,6.32,70.7,90,Algorithms|Backend Development|Business Analytics|Cloud Computing|Cyber Security|DBMS|Data Structures|DevOps|Embedded Systems|Frontend Development|Hardware Design|Java|JavaScript|Networking|Operating Systems|Software Engineering|Web Development,Java|JavaScript,Management,Management,,Google Business Analytics Certificate,Business Systems Analyst,IT,Project-based
S00055,Rohan Nair,Female,21,AIML,6,7.38,78.6,53,Algorithms|C|DBMS|Data Structures|Frontend Development|Hardware Design|Java|JavaScript|Machine Learning|Networking|Operating Systems|Python|Software Engineering|Statistics,C|Java|JavaScript|Python,Deep Learning,Deep Learning,,TensorFlow Developer Certificate|Deep Learning Specialization,AI Research Engineer,AIML,Mentor-guided
S00056,Shreya Iyer,Female,19,AIDS,4,8.09,87.8,34,Algorithms|C|Data Structures|Frontend Development|Hardware Design|Java|JavaScript|Python|SQL|Software Engineering|Web Development,C|Java|JavaScript|Python,Databases,Databases,Customer Segmentation Analysis|ETL Pipeline for Retail Data,IBM Data Science Certificate,Data Analyst,AIDS,Project-based
S00057,Suresh Raman,Male,21,CSE,8,6.94,73.4,89,Algorithms|C|Cloud Computing|Data Analytics|Data Engineering|Data Structures|DevOps|Frontend Development|Hardware Design|Java|JavaScript|Python|SQL|Software Engineering|Software Testing|Statistics|Web Development,C|Java|JavaScript|Python,Systems,Systems,,,DevOps Engineer,CSE,Theory-focused
S00058,Divya Menon,Male,20,AIML,4,7.79,81.8,34,Algorithms|C|DBMS|Data Structures|Frontend Development|Hardware Design|Java|JavaScript|Python|SQL|Software Engineering|Statistics|Web Development,C|Java|JavaScript|Python,Software,Software,Chatbot using Transformers|Sentiment Analysis Tool,,AI Research Engineer,AIML,Mentor-guided
S00059,Aravind Patel,Female,22,IT,8,6.8,74.2,76,Backend Development|C|Cyber Security|DBMS|Data Structures|Deep Learning|DevOps|Frontend Development|Java|JavaScript|NLP|Networking|Operating Systems|Python|SQL|Software Engineering,C|Java|JavaScript|Python,Networking,Networking,Cloud-hosted Inventory System|Enterprise CRM App,,Machine Learning Engineer,IT,Theory-focused
S00060,Deepa Mehta,Male,19,IT,3,8.0,85.5,20,C|Data Structures|Hardware Design|Python|Statistics,C|Python,Networking,Networking,Network Monitoring Tool,CompTIA Network+,Cloud Engineer,IT,Project-based
S00061,Aditi Pillai,Female,21,CSE,8,7.25,77.5,76,C|Data Engineering|DevOps|Java|JavaScript|Networking|Operating Systems|Python|SQL|Software Engineering|Software Testing|Statistics|Web Development,C|Java|JavaScript|Python,Software Engineering,Software Engineering,E-commerce Web App|OS Scheduler Simulation|Compiler Mini-Project,,Backend Developer,CSE,Project-based
S00062,Priya Gupta,Male,20,CSE,3,5.7,68.5,23,Algorithms|Data Structures|Hardware Design|Statistics,Python,Software Engineering,Software Engineering,,,Software Engineer,IOT,Hands-on Labs
S00063,Swathi Mehta,Female,21,AIDS,6,5.28,62.6,50,Algorithms|Data Analytics|Hardware Design|Java|Networking|Operating Systems|Python|SQL|Software Engineering|Software Testing|Statistics,Java|Python,Machine Learning,Machine Learning,Sales Forecasting Dashboard,IBM Data Science Certificate,Machine Learning Engineer,AIDS,Project-based
S00064,Kavya Nair,Male,19,IT,4,8.38,89.1,34,Algorithms|DBMS|Data Structures|Frontend Development|Java|JavaScript|Python|SQL|Software Engineering|Statistics|Web Development,Java|JavaScript|Python,Databases,Databases,,,Cloud Engineer,IT,Theory-focused
S00065,Lakshmi Singh,Male,21,AIML,7,8.14,86.9,79,Algorithms|Business Analytics|Cloud Computing|Cryptography|DBMS|Data Analytics|Data Engineering|Data Structures|Deep Learning|DevOps|Frontend Development|Hardware Design|IoT|JavaScript|Machine Learning|Networking|Operating Systems|Python|SQL|Software Testing|Statistics|Web Development,JavaScript|Python,Deep Learning,Deep Learning,Image Classification Model,TensorFlow Developer Certificate|Deep Learning Specialization,Data Scientist,IT,Theory-focused
S00066,Sneha Sharma,Male,20,IT,5,7.47,79.7,49,Algorithms|C|DBMS|Hardware Design|Java|JavaScript|Networking|Operating Systems|Python|SQL|Software Engineering|Software Testing|Statistics|Web Development,C|Java|JavaScript|Python,Databases,Databases,Cloud-hosted Inventory System,AWS Cloud Practitioner|CompTIA Network+,Cloud Engineer,IT,Mentor-guided
S00067,Shreya Sharma,Female,19,CSE,4,5.97,67.6,34,Algorithms|C|DBMS|Data Structures|Frontend Development|Hardware Design|Java|JavaScript|Python|SQL|Statistics|Web Development,C|Java|JavaScript|Python,Algorithms,Algorithms,Compiler Mini-Project|OS Scheduler Simulation|E-commerce Web App,,DevOps Engineer,CSE,Project-based
S00068,Kiran Rao,Female,19,IOT,4,6.62,71.3,34,Algorithms|Data Structures|Frontend Development|Java|JavaScript|Python|SQL|Software Engineering|Statistics|Web Development,Java|JavaScript|Python,Hardware,Hardware,Wearable Health Tracker,,Robotics Engineer,IOT,Theory-focused
S00069,Ritu Singh,Male,20,CSBS,6,7.24,75.1,67,Business Analytics|C|DBMS|Data Analytics|Data Structures|Frontend Development|Hardware Design|Java|JavaScript|Machine Learning|Networking|Operating Systems|Python|SQL|Software Engineering|Software Testing|Statistics,C|Java|JavaScript|Python,Software,Software,Business Analytics Report Tool|Market Trend Predictor|ERP Dashboard for SMEs,,Embedded Systems Engineer,CSBS,Hands-on Labs
S00070,Naveen Nair,Female,21,IT,5,8.76,94.5,45,Algorithms|C|DBMS|Data Structures|Frontend Development|Java|JavaScript|Operating Systems|SQL|Software Engineering|Software Testing|Statistics|Web Development,C|Java|JavaScript,Web Systems,Web Systems,Network Monitoring Tool|Enterprise CRM App,,Cloud Engineer,IT,Hands-on Labs
S00071,Harish Gupta,Male,21,CSE,7,5.41,62.6,74,Algorithms|Cloud Computing|Cyber Security|DBMS|Deep Learning|Distributed Systems|Ethical Hacking|Frontend Development|Hardware Design|Java|JavaScript|Machine Learning|Networking|Operating Systems|Python|SQL|Software Engineering|Software Testing|Web Development,Java|JavaScript|Python,Programming,Programming,,DSA Specialization,Systems Engineer,CSE,Mentor-guided
S00072,Vikram Pillai,Female,21,IOT,8,7.62,80.6,68,C|Cloud Computing|DBMS|Data Structures|Deep Learning|DevOps|Distributed Systems|Embedded Systems|Java|JavaScript|NLP|Networking|Operating Systems|SQL|Software Testing|Statistics|Web Development,C|Java|JavaScript,Cloud,Cloud,Smart Home Automation|Weather Monitoring IoT Node|Wearable Health Tracker,,Robotics Engineer,IOT,Theory-focused
S00073,Gokul Rao,Female,20,CSBS,4,7.76,83.1,34,Algorithms|Data Structures|Frontend Development|Hardware Design|Java|JavaScript|Python|SQL|Software Engineering|Statistics|Web Development,Java|JavaScript|Python,Business Analytics,Business Analytics,Market Trend Predictor|ERP Dashboard for SMEs,Google Business Analytics Certificate,Systems Engineer,CSBS,Project-based
S00074,Harish Iyer,Female,21,IOT,7,6.79,73.2,70,Algorithms|C|Cloud Computing|Data Analytics|Data Engineering|Distributed Systems|Embedded Systems|Frontend Development|Hardware Design|IoT|Java|JavaScript|Networking|Operating Systems|SQL|Software Engineering|Software Testing|Statistics|Web Development,C|Java|JavaScript,Networking,Networking,Wearable Health Tracker,,Robotics Engineer,IOT,Mentor-guided
S00075,Gokul Das,Female,19,AIML,4,6.76,72.8,34,Algorithms|C|Frontend Development|Hardware Design|Java|JavaScript|Software Engineering|Statistics|Web Development,C|Java|JavaScript,Machine Learning,Machine Learning,Sentiment Analysis Tool|Chatbot using Transformers,TensorFlow Developer Certificate,Data Engineer,AIML,Hands-on Labs
S00076,Anjali Subramaniam,Male,20,CSE,5,8.08,86.0,49,Algorithms|C|DBMS|Frontend Development|Hardware Design|Java|JavaScript|Networking|Operating Systems|Python|SQL|Software Engineering|Software Testing|Statistics|Web Development,C|Java|JavaScript|Python,Programming,Programming,OS Scheduler Simulation,DSA Specialization,Software Architect,CSE,Self-paced Online
S00077,Anjali Rao,Female,20,IOT,6,5.61,64.4,59,Algorithms|Cloud Computing|Data Structures|DevOps|Embedded Systems|Frontend Development|Java|Networking|Operating Systems|Python|SQL|Software Engineering|Software Testing|Web Development,Java|Python,IoT,IoT,,Embedded Systems Certificate|IoT Fundamentals (Cisco),IoT Solutions Engineer,IOT,Mentor-guided
S00078,Kiran Menon,Male,21,IT,8,6.84,74.4,87,Algorithms|Backend Development|C|Cloud Computing|Computer Vision|Cyber Security|DBMS|Data Engineering|Deep Learning|DevOps|Frontend Development|Hardware Design|Java|JavaScript|Networking|Operating Systems|Python|Statistics|Web Development,C|Java|JavaScript|Python,Cloud,Cloud,Enterprise CRM App|Cloud-hosted Inventory System|Network Monitoring Tool,,IT Consultant,IT,Theory-focused
S00079,Priya Reddy,Female,20,CSE,5,7.59,82.0,49,Algorithms|DBMS|Data Structures|Hardware Design|Java|JavaScript|Networking|Operating Systems|SQL|Software Engineering|Software Testing|Statistics|Web Development,Java|JavaScript,Software Engineering,Software Engineering,Compiler Mini-Project,Java Programming Certificate,Database Administrator,CSE,Hands-on Labs
S00080,Deepa Bose,Female,20,IT,6,7.57,81.7,58,Algorithms|C|Cloud Computing|DBMS|Data Structures|Embedded Systems|Frontend Development|Java|JavaScript|Networking|Operating Systems|Python|SQL|Software Engineering|Software Testing|Statistics|Web Development,C|Java|JavaScript|Python,Web Systems,Web Systems,Network Monitoring Tool,AWS Cloud Practitioner,Machine Learning Engineer,AIDS,Theory-focused
S00081,Anjali Singh,Female,20,AIML,4,7.76,81.5,34,Algorithms|C|DBMS|Frontend Development|Hardware Design|Java|JavaScript|Python|SQL|Statistics,C|Java|JavaScript|Python,Networking,Networking,Sentiment Analysis Tool|Image Classification Model,,Machine Learning Engineer,AIML,Mentor-guided
S00082,Rohan Patel,Female,21,CSBS,8,7.63,80.7,86,Algorithms|Business Analytics|C|Cloud Computing|Computer Vision|Cyber Security|DBMS|Data Analytics|Data Structures|Hardware Design|IoT|Java|JavaScript|Machine Learning|Operating Systems|Python|SQL|Software Engineering|Software Testing|Statistics,C|Java|JavaScript|Python,Data,Data,,,NLP Engineer,AIDS,Self-paced Online
S00083,Priya Sharma,Male,21,AIDS,5,7.96,84.4,49,C|DBMS|Data Structures|Networking|Operating Systems|Python|Software Engineering|Software Testing|Statistics|Web Development,C|Python,Data Engineering,Data Engineering,Customer Segmentation Analysis,,Data Engineer,AIDS,Mentor-guided
S00084,Sanjay Varma,Male,22,IT,7,8.55,89.6,62,Algorithms|Backend Development|C|Cloud Computing|DBMS|Data Engineering|Frontend Development|Java|JavaScript|Networking|Operating Systems|SQL|Software Engineering|Statistics|Web Development,C|Java|JavaScript,Databases,Databases,Cloud-hosted Inventory System|Network Monitoring Tool|Enterprise CRM App,,IT Support Engineer,IT,Mentor-guided
S00085,Manoj Bose,Female,19,CSBS,4,5.63,64.0,30,C|DBMS|Data Structures|Frontend Development|Hardware Design|JavaScript|Python|SQL|Web Development|Data Engineering,C|JavaScript|Python,Data,Data,Market Trend Predictor,PMP Foundation,Security Architect,CSBS,Self-paced Online
S00086,Shreya Verma,Male,19,IT,3,7.3,76.8,23,Algorithms|C|Data Structures|Python|Statistics,C|Python,Databases,Databases,Network Monitoring Tool|Cloud-hosted Inventory System,CompTIA Network+,IT Support Engineer,AIML,Mentor-guided
S00087,Arjun Mehta,Male,20,AIDS,5,8.22,87.9,46,Algorithms|C|DBMS|Data Structures|Frontend Development|Hardware Design|Networking|Operating Systems|SQL|Web Development,C,Data Engineering,Data Engineering,ETL Pipeline for Retail Data,Google Data Analytics Certificate,Machine Learning Engineer,AIDS,Hands-on Labs
S00088,Prakash Singh,Male,20,CSE,3,4.17,58.1,23,C|Data Structures|Hardware Design|Statistics,C,Algorithms,Algorithms,OS Scheduler Simulation|E-commerce Web App|Compiler Mini-Project,,Software Engineer,CSE,Hands-on Labs
S00089,Sanjay Reddy,Male,19,CYSEC,4,7.12,76.8,34,Algorithms|C|DBMS|Data Structures|Frontend Development|Hardware Design|Java|JavaScript|SQL|Software Engineering,C|Java|JavaScript,Networking,Networking,,,Network Administrator,CYSEC,Theory-focused
S00090,Divya Iyer,Female,20,CYSEC,3,5.52,63.7,23,Algorithms|C|Data Structures|Hardware Design|Python|Statistics,C|Python,Cryptography,Cryptography,Phishing Detection Tool,Certified Ethical Hacker (CEH) - Foundation,Embedded Systems Engineer,CYSEC,Project-based
S00091,Suresh Mehta,Female,20,IT,3,6.91,75.6,23,Algorithms|C|Data Structures|Hardware Design|Python,C|Python,Databases,Databases,Cloud-hosted Inventory System|Network Monitoring Tool|Enterprise CRM App,CompTIA Network+|AWS Cloud Practitioner,Systems Engineer,IT,Self-paced Online
S00092,Swathi Krishnan,Female,20,AIDS,6,6.09,67.5,56,Algorithms|C|Cloud Computing|DBMS|Data Analytics|Data Structures|DevOps|Hardware Design|Java|Machine Learning|Networking|Operating Systems|Python|SQL|Software Engineering|Software Testing|Statistics,C|Java|Python,Data Science,Data Science,Sales Forecasting Dashboard|Customer Segmentation Analysis,IBM Data Science Certificate,Data Analyst,AIDS,Mentor-guided
S00093,Sanjay Chandran,Male,21,IT,8,4.36,55.8,58,Algorithms|Backend Development|C|Cloud Computing|DBMS|Data Structures|DevOps|Frontend Development|Hardware Design|Java|JavaScript|Networking|Operating Systems|Python|SQL|Software Engineering|Software Testing|Statistics|Web Development,C|Java|JavaScript|Python,IoT,IoT,Network Monitoring Tool|Cloud-hosted Inventory System,,DevOps Engineer,IT,Mentor-guided
S00094,Lakshmi Krishnan,Male,20,CYSEC,4,7.06,76.8,34,C|Data Structures|Frontend Development|Hardware Design|Java|Python|SQL|Software Engineering|Statistics|Web Development,C|Java|Python,Databases,Databases,,CompTIA Security+,Network Administrator,CYSEC,Theory-focused
S00095,Anjali Kumar,Female,20,AIDS,3,8.0,86.0,23,Algorithms|C|Data Structures|Hardware Design|Statistics,C,Data Engineering,Data Engineering,Sales Forecasting Dashboard|Customer Segmentation Analysis|ETL Pipeline for Retail Data,Google Data Analytics Certificate|IBM Data Science Certificate,Data Engineer,AIDS,Mentor-guided
S00096,Ananya Mehta,Female,19,AIML,3,7.91,84.5,23,C|Data Structures|Hardware Design|Python|Statistics,C|Python,Software,Software,Sentiment Analysis Tool|Image Classification Model,Deep Learning Specialization|TensorFlow Developer Certificate,SOC Analyst,AIML,Theory-focused
S00097,Pooja Subramaniam,Female,19,CSE,4,8.9,96.8,30,C|Data Structures|Frontend Development|Hardware Design|Java|Python|Software Engineering|Statistics|Web Development,C|Java|Python,Programming,Programming,E-commerce Web App,,DevOps Engineer,CSBS,Mentor-guided
S00098,Aravind Gupta,Male,20,IT,4,7.15,78.3,34,C|DBMS|Data Structures|Frontend Development|Hardware Design|Java|JavaScript|Python|SQL|Web Development,C|Java|JavaScript|Python,Business Analytics,Business Analytics,,,IT Consultant,IT,Hands-on Labs
S00099,Nisha Raman,Male,21,IOT,7,8.75,93.8,79,C|Cloud Computing|Cyber Security|Data Analytics|Data Engineering|DevOps|Embedded Systems|Frontend Development|Hardware Design|IoT|Java|JavaScript|Networking|Operating Systems|Python|SQL|Software Engineering|Software Testing|Web Development,C|Java|JavaScript|Python,Embedded Systems,Embedded Systems,Smart Home Automation|Wearable Health Tracker,,Robotics Engineer,CSE,Mentor-guided
S00100,Anjali Rao,Female,19,AIML,4,8.0,86.9,30,Algorithms|C|DBMS|Frontend Development|Hardware Design|JavaScript|Python|SQL|Software Engineering|Statistics,C|JavaScript|Python,AI,AI,Chatbot using Transformers,TensorFlow Developer Certificate,SOC Analyst,AIML,Theory-focused
S00101,Harish Menon,Female,21,AIML,7,7.41,78.8,66,Algorithms|C|DBMS|Data Engineering|Data Structures|Deep Learning|DevOps|Frontend Development|Hardware Design|IoT|Java|JavaScript|Machine Learning|Networking|Operating Systems|SQL|Software Engineering|Software Testing,C|Java|JavaScript,Hardware,Hardware,Sentiment Analysis Tool,Deep Learning Specialization,Firmware Engineer,AIML,Mentor-guided
S00102,Arjun Rao,Male,19,AIDS,3,8.04,87.9,23,C|Python|Statistics,C|Python,Systems,Systems,ETL Pipeline for Retail Data|Sales Forecasting Dashboard|Customer Segmentation Analysis,Google Data Analytics Certificate,Business Intelligence Analyst,CSBS,Hands-on Labs
S00103,Gokul Reddy,Female,21,AIDS,5,6.86,75.2,49,Algorithms|C|DBMS|Data Structures|Frontend Development|Hardware Design|Java|JavaScript|Networking|Operating Systems|Python|SQL|Software Engineering|Software Testing|Statistics,C|Java|JavaScript|Python,Software Engineering,Software Engineering,,Google Data Analytics Certificate,IT Consultant,AIDS,Mentor-guided
S00104,Shreya Verma,Female,20,AIML,6,5.24,63.0,49,Algorithms|C|DBMS|Data Structures|Java|Machine Learning|Networking|SQL|Software Engineering|Statistics|Web Development,C|Java,AI,AI,Sentiment Analysis Tool|Chatbot using Transformers,,AI Research Engineer,AIML,Self-paced Online
S00105,Swathi Chandran,Male,20,IT,3,8.87,95.1,23,Algorithms|C|Data Structures|Hardware Design|Python|Statistics,C|Python,Networking,Networking,Network Monitoring Tool|Cloud-hosted Inventory System|Enterprise CRM App,AWS Cloud Practitioner,Software Engineer,CSE,Theory-focused
S00106,Karthik Nair,Female,21,AIDS,7,4.3,56.4,64,Algorithms|Backend Development|Business Analytics|C|Cloud Computing|Data Engineering|Data Structures|Frontend Development|Hardware Design|Java|JavaScript|Machine Learning|Networking|Python|SQL|Software Engineering|Software Testing|Statistics|Web Development,C|Java|JavaScript|Python,Statistics,Statistics,ETL Pipeline for Retail Data,,Data Engineer,AIDS,Mentor-guided
S00107,Ritu Mehta,Male,19,IT,3,7.55,80.8,20,Algorithms|Data Structures|Hardware Design|Python|Statistics,Python,Web Systems,Web Systems,Enterprise CRM App|Cloud-hosted Inventory System,,Cloud Engineer,IT,Theory-focused
S00108,Harish Bose,Male,20,CSE,6,6.8,72.6,46,C|Data Structures|Frontend Development|Hardware Design|Java|JavaScript|Networking|SQL|Software Engineering|Software Testing|Statistics|Web Development,C|Java|JavaScript,Software Engineering,Software Engineering,,DSA Specialization,Software Architect,CSE,Self-paced Online
S00109,Vivek Rao,Female,20,IOT,5,8.71,93.5,49,Algorithms|C|DBMS|Data Structures|Frontend Development|JavaScript|Operating Systems|Python|SQL|Software Engineering|Software Testing|Statistics|Web Development,C|JavaScript|Python,Embedded Systems,Embedded Systems,Wearable Health Tracker|Weather Monitoring IoT Node,,Firmware Engineer,IOT,Hands-on Labs
S00110,Sneha Subramaniam,Male,20,AIDS,5,5.15,61.8,39,DBMS|Data Structures|Frontend Development|Hardware Design|Java|JavaScript|Networking|Operating Systems|Python|SQL|Software Engineering|Statistics,Java|JavaScript|Python,Statistics,Statistics,Sales Forecasting Dashboard,Google Data Analytics Certificate|IBM Data Science Certificate,Machine Learning Engineer,AIDS,Self-paced Online
S00111,Manoj Bose,Female,19,IOT,4,7.09,79.3,34,Algorithms|C|DBMS|Data Structures|Frontend Development|Hardware Design|Java|Python|SQL|Software Engineering|Web Development,C|Java|Python,Hardware,Hardware,Smart Home Automation,,Embedded Systems Engineer,CYSEC,Self-paced Online
S00112,Pooja Gupta,Female,20,CSE,4,6.53,69.4,34,DBMS|Data Structures|Frontend Development|Hardware Design|Java|JavaScript|Python|SQL|Software Engineering|Web Development,Java|JavaScript|Python,Programming,Programming,Compiler Mini-Project|OS Scheduler Simulation,,Systems Engineer,CSE,Self-paced Online
S00113,Priya Rao,Female,19,CYSEC,3,6.09,70.4,23,Algorithms|Data Structures|Hardware Design|Python|Statistics,Python,Security,Security,Vulnerability Scanner|Secure File Sharing System,,IoT Solutions Engineer,CYSEC,Hands-on Labs
S00114,Aravind Rao,Female,21,CSE,6,7.78,83.4,59,Algorithms|C|DBMS|Data Structures|Embedded Systems|Frontend Development|Hardware Design|JavaScript|Networking|Python|Software Testing|Statistics,C|JavaScript|Python,Software Engineering,Software Engineering,OS Scheduler Simulation,DSA Specialization|Java Programming Certificate,Cybersecurity Analyst,CSE,Theory-focused
S00115,Kavya Krishnan,Female,21,IT,8,7.92,85.5,74,Backend Development|Business Analytics|Cloud Computing|Data Structures|DevOps|Embedded Systems|Frontend Development|Java|JavaScript|Machine Learning|Networking|Operating Systems|Python|SQL|Software Engineering|Software Testing|Statistics|Web Development,Java|JavaScript|Python,Networking,Networking,Network Monitoring Tool|Cloud-hosted Inventory System|Enterprise CRM App,AWS Cloud Practitioner,Firmware Engineer,IT,Self-paced Online
S00116,Divya Pillai,Male,19,AIML,3,7.48,79.7,23,Algorithms|Data Structures|Hardware Design|Python|Statistics|IoT,Python,Statistics,Statistics,,,Robotics Engineer,AIML,Theory-focused
S00117,Sneha Rao,Male,21,CYSEC,7,6.78,73.8,69,Algorithms|Cryptography|Cyber Security|DBMS|Java|Networking|Python|SQL|Software Testing|Web Development,Java|Python,Statistics,Statistics,Vulnerability Scanner|Phishing Detection Tool,CompTIA Security+,Security Architect,CYSEC,Project-based
S00118,Sneha Menon,Female,22,AIML,7,6.91,72.9,66,Algorithms|C|Cloud Computing|DBMS|Data Engineering|Data Structures|Deep Learning|Frontend Development|Hardware Design|Java|JavaScript|Operating Systems|Python|SQL|Software Engineering|Software Testing|Statistics,C|Java|JavaScript|Python,Deep Learning,Deep Learning,Sentiment Analysis Tool,,AI Research Engineer,AIML,Self-paced Online
S00119,Sanjay Pillai,Male,21,AIML,8,7.12,75.1,69,Algorithms|C|Cloud Computing|DBMS|Data Analytics|Data Engineering|Data Structures|Frontend Development|Hardware Design|Java|JavaScript|Machine Learning|NLP|Networking|Software Testing|Statistics,C|Java|JavaScript,Deep Learning,Deep Learning,Sentiment Analysis Tool,TensorFlow Developer Certificate,Database Administrator,AIML,Mentor-guided
S00120,Arjun Menon,Female,21,CYSEC,7,7.96,84.9,73,Algorithms|C|Cryptography|Cyber Security|DBMS|Data Engineering|Data Structures|Ethical Hacking|Hardware Design|Java|Operating Systems|SQL|Software Engineering|Software Testing|Statistics,C|Java,Security,Security,Secure File Sharing System|Phishing Detection Tool,CompTIA Security+,Penetration Tester,CYSEC,Project-based
S00121,Shreya Verma,Female,21,CSE,8,8.52,91.1,73,Algorithms|Cloud Computing|DBMS|DevOps|Frontend Development|Hardware Design|JavaScript|Operating Systems|SQL|Software Engineering|Software Testing|Statistics|Web Development,JavaScript,Systems,Systems,E-commerce Web App|OS Scheduler Simulation,DSA Specialization|Java Programming Certificate,IoT Solutions Engineer,CSE,Project-based
S00122,Meera Das,Male,22,AIML,8,6.53,72.5,78,Algorithms|Cloud Computing|Computer Vision|Deep Learning|Distributed Systems|Embedded Systems|Frontend Development|Java|JavaScript|Machine Learning|NLP|Networking|Operating Systems|Python|Statistics|Web Development,Java|JavaScript|Python,AI,AI,Sentiment Analysis Tool|Image Classification Model,TensorFlow Developer Certificate,Machine Learning Engineer,AIML,Hands-on Labs
S00123,Suresh Chandran,Male,19,AIML,3,8.48,86.1,23,Algorithms|Hardware Design|Python|Statistics|Cryptography,Python,Deep Learning,Deep Learning,Image Classification Model|Sentiment Analysis Tool,,Data Scientist,AIML,Mentor-guided
S00124,Naveen Singh,Female,21,IOT,5,6.61,71.6,49,Algorithms|C|DBMS|Data Structures|Frontend Development|Hardware Design|JavaScript|Operating Systems|Python|SQL|Software Engineering|Software Testing|Statistics|Web Development,C|JavaScript|Python,IoT,IoT,Smart Home Automation|Wearable Health Tracker,Embedded Systems Certificate,Robotics Engineer,IOT,Hands-on Labs
S00125,Karthik Patel,Male,20,IT,5,5.18,62.4,45,Algorithms|C|DBMS|Data Structures|Frontend Development|JavaScript|Networking|Operating Systems|Python|SQL|Software Engineering|Software Testing|Statistics|Web Development,C|JavaScript|Python,Web Systems,Web Systems,Network Monitoring Tool|Enterprise CRM App,CompTIA Network+,IT Consultant,IT,Mentor-guided
S00126,Aditi Chandran,Female,21,IT,7,4.55,58.6,66,Algorithms|Backend Development|C|Cloud Computing|DBMS|Data Structures|DevOps|Frontend Development|Hardware Design|Java|JavaScript|Networking|Operating Systems|Python|SQL|Software Engineering|Software Testing|Statistics|Web Development,C|Java|JavaScript|Python,Databases,Databases,Cloud-hosted Inventory System|Enterprise CRM App|Network Monitoring Tool,,IT Support Engineer,IT,Mentor-guided
S00127,Kiran Chandran,Female,22,CYSEC,7,7.09,76.4,68,Algorithms|C|Cryptography|Data Structures|Ethical Hacking|Hardware Design|JavaScript|Networking|Operating Systems|Python|SQL|Software Engineering|Software Testing|Statistics|Web Development,C|JavaScript|Python,Networking,Networking,Vulnerability Scanner|Phishing Detection Tool|Secure File Sharing System,,SOC Analyst,CYSEC,Theory-focused
S00128,Prakash Nair,Male,20,CSE,5,5.57,63.6,49,Algorithms|DBMS|Data Structures|Frontend Development|Java|JavaScript|Operating Systems|Python|Software Engineering|Statistics|Web Development,Java|JavaScript|Python,Systems,Systems,,,Systems Engineer,CSE,Mentor-guided
S00129,Lakshmi Verma,Male,21,AIDS,8,5.21,62.6,86,Algorithms|C|Cloud Computing|Cryptography|Cyber Security|DBMS|Data Analytics|Data Structures|Deep Learning|Ethical Hacking|Frontend Development|Hardware Design|Java|JavaScript|NLP|SQL|Software Testing|Web Development,C|Java|JavaScript,Management,Management,Customer Segmentation Analysis|ETL Pipeline for Retail Data,Google Data Analytics Certificate|IBM Data Science Certificate,Data Analyst,AIDS,Self-paced Online
S00130,Deepa Mehta,Male,21,CSE,7,6.03,68.6,73,Algorithms|C|Cloud Computing|Cryptography|DBMS|Data Analytics|Data Structures|DevOps|Distributed Systems|Frontend Development|Hardware Design|Java|Networking|Operating Systems|Python|Statistics|Web Development,C|Java|Python,Programming,Programming,,Java Programming Certificate,Robotics Engineer,CSE,Theory-focused
S00131,Vikram Sharma,Male,19,IT,3,7.61,80.3,23,Algorithms|C|Hardware Design|Python|Statistics,C|Python,Cryptography,Cryptography,Network Monitoring Tool|Enterprise CRM App,AWS Cloud Practitioner|CompTIA Network+,Systems Administrator,AIML,Self-paced Online
S00132,Divya Menon,Female,21,CSE,7,6.15,69.9,55,Algorithms|C|DBMS|Data Structures|Frontend Development|Hardware Design|Java|Networking|Operating Systems|Python|Software Engineering|Software Testing|Statistics|Web Development,C|Java|Python,Deep Learning,Deep Learning,OS Scheduler Simulation|E-commerce Web App|Compiler Mini-Project,,Systems Engineer,CSE,Hands-on Labs
S00133,Divya Chandran,Female,19,IT,3,4.32,55.3,19,Algorithms|C|Data Structures|Hardware Design|Python,C|Python,Networking,Networking,,AWS Cloud Practitioner,Systems Engineer,IT,Mentor-guided
S00134,Priya Reddy,Female,21,CYSEC,8,4.81,59.1,89,Algorithms|Cloud Computing|Cyber Security|DBMS|Data Engineering|Data Structures|DevOps|Embedded Systems|Hardware Design|Java|JavaScript|Networking|SQL|Software Engineering|Statistics|Web Development|NLP,Java|JavaScript,Security,Security,Secure File Sharing System|Vulnerability Scanner,CompTIA Security+,Cybersecurity Analyst,CSBS,Mentor-guided
S00135,Naveen Singh,Female,21,IOT,7,6.23,67.7,64,Algorithms|Business Analytics|C|DBMS|Data Structures|Ethical Hacking|Frontend Development|Hardware Design|IoT|Java|Python|SQL|Software Engineering|Statistics|Web Development,C|Java|Python,Hardware,Hardware,Wearable Health Tracker,IoT Fundamentals (Cisco)|Embedded Systems Certificate,Embedded Systems Engineer,CSE,Self-paced Online
S00136,Karthik Reddy,Male,20,CYSEC,5,7.29,78.9,45,Algorithms|C|DBMS|Data Structures|Frontend Development|Hardware Design|Networking|SQL|Software Engineering|Software Testing|Statistics,C,Networking,Networking,Vulnerability Scanner|Phishing Detection Tool,Certified Ethical Hacker (CEH) - Foundation,Security Architect,CYSEC,Mentor-guided
S00137,Karthik Menon,Male,21,AIDS,8,6.69,73.6,71,Algorithms|C|Cloud Computing|DBMS|Data Analytics|Data Structures|Embedded Systems|Frontend Development|Hardware Design|JavaScript|Machine Learning|NLP|Operating Systems|Python|Software Testing|Statistics|Web Development,C|JavaScript|Python,Web Systems,Web Systems,,,Business Intelligence Analyst,AIDS,Theory-focused
S00138,Sneha Rao,Male,21,CSE,5,5.67,63.9,49,Algorithms|C|DBMS|Data Structures|Frontend Development|Hardware Design|Java|JavaScript|Networking|Operating Systems|Python|Software Engineering|Software Testing|Statistics|Web Development,C|Java|JavaScript|Python,Programming,Programming,OS Scheduler Simulation|Compiler Mini-Project,Java Programming Certificate,Systems Engineer,CSE,Theory-focused
S00139,Kiran Iyer,Male,19,CSE,3,7.57,82.4,23,Algorithms|Data Structures|Python|Statistics,Python,Networking,Networking,OS Scheduler Simulation|Compiler Mini-Project,DSA Specialization,Cybersecurity Analyst,CSE,Self-paced Online
S00140,Swathi Patel,Male,20,CYSEC,6,5.86,67.1,59,Algorithms|Business Analytics|C|Cryptography|Cyber Security|Data Analytics|Hardware Design|Networking|Operating Systems|Python|SQL|Software Engineering|Software Testing|Statistics|Web Development,C|Python,Networking,Networking,Vulnerability Scanner|Secure File Sharing System,Certified Ethical Hacker (CEH) - Foundation,Network Administrator,CYSEC,Mentor-guided
S00141,Manoj Raman,Female,19,IOT,4,7.94,85.4,34,Algorithms|C|DBMS|Data Structures|Frontend Development|Hardware Design|Java|JavaScript|Python|Software Engineering|Web Development,C|Java|JavaScript|Python,Networking,Networking,,,Firmware Engineer,IOT,Mentor-guided
S00142,Suresh Iyer,Male,21,AIML,8,6.07,68.2,70,Backend Development|C|Cloud Computing|Computer Vision|Cyber Security|DBMS|Data Engineering|Data Structures|Deep Learning|Hardware Design|Java|Machine Learning|NLP|Networking|Operating Systems|Python|SQL|Software Engineering|Software Testing|Statistics|Web Development,C|Java|Python,Statistics,Statistics,Sentiment Analysis Tool|Chatbot using Transformers,TensorFlow Developer Certificate,AI Research Engineer,AIML,Hands-on Labs
S00143,Lakshmi Chandran,Male,21,CSE,8,7.14,76.5,81,Algorithms|Business Analytics|C|DBMS|Data Analytics|Data Engineering|Data Structures|DevOps|Distributed Systems|Frontend Development|Hardware Design|JavaScript|Networking|Operating Systems|Python|SQL|Software Testing|Statistics|Web Development,C|JavaScript|Python,Programming,Programming,OS Scheduler Simulation|Compiler Mini-Project,Java Programming Certificate,Software Architect,AIML,Self-paced Online
S00144,Ananya Reddy,Female,21,CSE,5,6.84,74.9,49,Algorithms|C|DBMS|Data Structures|Frontend Development|Hardware Design|JavaScript|Networking|Operating Systems|Python|SQL|Statistics|Web Development,C|JavaScript|Python,Systems,Systems,,DSA Specialization,Security Architect,CSE,Hands-on Labs
S00145,Swathi Krishnan,Male,20,IOT,5,8.41,91.2,46,Algorithms|C|DBMS|Data Structures|Frontend Development|Hardware Design|Java|Networking|Python|Software Engineering|Software Testing|Statistics|Web Development|Machine Learning,C|Java|Python,Embedded Systems,Embedded Systems,Wearable Health Tracker,Embedded Systems Certificate,Firmware Engineer,IOT,Hands-on Labs
S00146,Harish Sharma,Male,21,AIDS,6,8.42,89.3,60,Algorithms|C|Cloud Computing|DBMS|Data Analytics|DevOps|Frontend Development|Hardware Design|Java|JavaScript|Python|Software Engineering|Software Testing|Statistics|Web Development,C|Java|JavaScript|Python,Data Science,Data Science,ETL Pipeline for Retail Data|Sales Forecasting Dashboard,Google Data Analytics Certificate,Database Administrator,AIDS,Hands-on Labs
S00147,Sanjay Varma,Female,22,IT,8,8.88,97.2,84,Algorithms|Backend Development|Business Analytics|C|Cloud Computing|DBMS|Data Analytics|Data Structures|DevOps|Frontend Development|Hardware Design|Java|JavaScript|Machine Learning|Networking|Operating Systems|Python|SQL|Software Engineering|Web Development,C|Java|JavaScript|Python,Web Systems,Web Systems,Network Monitoring Tool,CompTIA Network+,Systems Engineer,IT,Hands-on Labs
S00148,Deepa Pillai,Male,20,AIML,3,5.52,66.3,23,C|Data Structures|Hardware Design|Python,C|Python,IoT,IoT,Chatbot using Transformers,,NLP Engineer,AIML,Theory-focused
S00149,Anjali Das,Male,19,AIDS,4,6.41,69.6,34,C|DBMS|Frontend Development|Hardware Design|Java|Python|SQL|Software Engineering,C|Java|Python,Data Science,Data Science,ETL Pipeline for Retail Data,Google Data Analytics Certificate,Machine Learning Engineer,AIDS,Mentor-guided
S00150,Rahul Subramaniam,Male,21,IOT,8,7.09,75.5,79,Algorithms|C|Cloud Computing|Cryptography|Cyber Security|DBMS|Data Analytics|Data Structures|Deep Learning|Embedded Systems|Frontend Development|Hardware Design|IoT|Java|JavaScript|Machine Learning|Networking|Operating Systems|SQL|Software Engineering|Web Development,C|Java|JavaScript,Data,Data,Smart Home Automation|Weather Monitoring IoT Node|Wearable Health Tracker,,Embedded Systems Engineer,IOT,Mentor-guided
S00151,Vikram Bose,Male,20,IT,5,8.16,87.3,49,Algorithms|C|DBMS|Data Structures|Hardware Design|Networking|Operating Systems|SQL|Software Engineering|Software Testing|Statistics,C,Databases,Databases,,,Systems Engineer,IT,Hands-on Labs
S00152,Harish Singh,Female,20,IT,3,7.04,75.9,23,Algorithms|Data Structures|Python|Statistics,Python,Networking,Networking,Network Monitoring Tool|Enterprise CRM App,CompTIA Network+,Database Administrator,IT,Self-paced Online
S00153,Sanjay Verma,Female,21,CSBS,7,4.93,60.0,81,Algorithms|Backend Development|Business Analytics|C|DBMS|Data Analytics|Data Engineering|Data Structures|Frontend Development|Hardware Design|IoT|Java|JavaScript|Networking|Operating Systems|Python|Software Engineering|Software Testing|Statistics,C|Java|JavaScript|Python,Cryptography,Cryptography,ERP Dashboard for SMEs|Market Trend Predictor,Google Business Analytics Certificate,Computer Vision Engineer,CSBS,Theory-focused
S00154,Gokul Rao,Female,21,IOT,8,8.57,91.9,72,Algorithms|C|DBMS|Data Structures|DevOps|Embedded Systems|Hardware Design|IoT|Java|JavaScript|Python|SQL|Software Engineering|Web Development,C|Java|JavaScript|Python,Networking,Networking,Weather Monitoring IoT Node,,Robotics Engineer,IOT,Mentor-guided
S00155,Shreya Subramaniam,Male,19,CSE,3,8.04,84.5,23,C|Hardware Design|Python|Statistics,C|Python,Software Engineering,Software Engineering,OS Scheduler Simulation,,Database Administrator,CSE,Theory-focused
S00156,Lakshmi Raman,Male,19,IOT,3,6.74,73.2,19,C|Data Structures|Hardware Design|Statistics,C,Hardware,Hardware,Smart Home Automation,IoT Fundamentals (Cisco),Robotics Engineer,IOT,Project-based
S00157,Aditi Das,Female,19,IT,4,7.26,78.5,34,Algorithms|C|DBMS|Data Structures|Frontend Development|Hardware Design|Java|JavaScript|Python|SQL|Software Engineering|Statistics|Web Development,C|Java|JavaScript|Python,Cloud,Cloud,Enterprise CRM App|Cloud-hosted Inventory System,CompTIA Network+,Business Intelligence Analyst,IT,Project-based
S00158,Aravind Menon,Female,19,AIML,4,8.68,93.3,34,Algorithms|C|DBMS|Data Structures|Frontend Development|Hardware Design|Java|JavaScript|Python|SQL|Software Engineering|Statistics|Web Development,C|Java|JavaScript|Python,AI,AI,,,AI Research Engineer,AIML,Theory-focused
S00159,Divya Patel,Female,21,CSE,8,6.94,74.2,68,Algorithms|C|Data Structures|DevOps|Embedded Systems|Frontend Development|JavaScript|Python|SQL|Software Engineering|Software Testing|Statistics|Web Development,C|JavaScript|Python,Software,Software,Compiler Mini-Project,,DevOps Engineer,CSE,Mentor-guided
S00160,Aditi Bose,Female,22,CYSEC,8,7.23,76.4,82,Algorithms|Backend Development|C|Cryptography|Cyber Security|DBMS|Data Analytics|Data Structures|Hardware Design|JavaScript|Networking|Operating Systems|Python|SQL|Software Engineering|Software Testing|Web Development,C|JavaScript|Python,Systems,Systems,Secure File Sharing System|Vulnerability Scanner,Certified Ethical Hacker (CEH) - Foundation,Security Architect,CYSEC,Self-paced Online
S00161,Karthik Mehta,Male,19,CYSEC,4,5.71,63.7,34,Algorithms|C|DBMS|Data Structures|Frontend Development|Hardware Design|SQL|Software Engineering|Statistics,C,Security,Security,Secure File Sharing System|Phishing Detection Tool,Certified Ethical Hacker (CEH) - Foundation,Database Administrator,CYSEC,Theory-focused
S00162,Ritu Rao,Female,21,IOT,6,7.0,76.0,58,Algorithms|C|Cloud Computing|DBMS|Data Structures|DevOps|Embedded Systems|Frontend Development|Hardware Design|Java|JavaScript|Networking|Operating Systems|Python|Software Engineering|Statistics|Web Development,C|Java|JavaScript|Python,Networking,Networking,Weather Monitoring IoT Node|Smart Home Automation,,Machine Learning Engineer,IOT,Hands-on Labs
S00163,Swathi Das,Female,21,AIML,6,4.23,56.3,57,Algorithms|C|DBMS|Data Analytics|Frontend Development|Hardware Design|Java|JavaScript|Machine Learning|Networking|Operating Systems|Python|Software Engineering|Software Testing|Statistics|Web Development,C|Java|JavaScript|Python,Machine Learning,Machine Learning,,TensorFlow Developer Certificate,Machine Learning Engineer,AIML,Hands-on Labs
S00164,Kavya Krishnan,Female,20,CSE,6,8.42,89.7,52,C|Hardware Design|Java|JavaScript|Networking|Operating Systems|SQL|Software Testing|Statistics|Web Development,C|Java|JavaScript,Programming,Programming,,Java Programming Certificate|DSA Specialization,DevOps Engineer,CSE,Theory-focused
S00165,Swathi Rao,Male,21,AIDS,7,8.01,86.7,76,Algorithms|C|Cyber Security|DBMS|Data Analytics|Data Engineering|Ethical Hacking|Frontend Development|Hardware Design|IoT|Java|JavaScript|Networking|Operating Systems|Python|SQL|Software Testing|Statistics|Web Development,C|Java|JavaScript|Python,Data Science,Data Science,Customer Segmentation Analysis|ETL Pipeline for Retail Data,IBM Data Science Certificate,Business Intelligence Analyst,CYSEC,Mentor-guided
S00166,Lakshmi Varma,Female,21,AIDS,5,7.18,78.3,49,Algorithms|C|DBMS|Data Structures|Frontend Development|Hardware Design|Java|Networking|Operating Systems|Python|Software Engineering|Statistics|Web Development,C|Java|Python,Data Engineering,Data Engineering,Customer Segmentation Analysis|Sales Forecasting Dashboard|ETL Pipeline for Retail Data,IBM Data Science Certificate,Data Engineer,CSE,Project-based
S00167,Nisha Varma,Female,20,CSBS,4,7.97,85.7,34,Algorithms|Data Structures|Frontend Development|Hardware Design|Java|Python|SQL|Software Engineering|Statistics|Web Development,Java|Python,AI,AI,Business Analytics Report Tool|ERP Dashboard for SMEs,Google Business Analytics Certificate|PMP Foundation,Data Analyst,CSE,Mentor-guided
S00168,Vivek Pillai,Female,20,IT,3,8.26,90.4,23,Algorithms|Data Structures|Hardware Design|Python,Python,IoT,IoT,,AWS Cloud Practitioner,Software Engineer,IT,Hands-on Labs
S00169,Pooja Patel,Female,20,CSE,3,7.96,88.2,23,Algorithms|Hardware Design|Statistics,Java,Systems,Systems,Compiler Mini-Project|E-commerce Web App|OS Scheduler Simulation,,Software Architect,CSE,Project-based
S00170,Karthik Iyer,Female,20,AIML,5,4.29,57.1,42,Algorithms|C|DBMS|Data Structures|Frontend Development|Java|JavaScript|Networking|Operating Systems|SQL|Software Engineering|Software Testing|Web Development,C|Java|JavaScript,Deep Learning,Deep Learning,,,NLP Engineer,AIML,Hands-on Labs
S00171,Rohan Singh,Male,19,CSBS,4,8.71,93.7,34,Algorithms|C|Frontend Development|Hardware Design|Java|JavaScript|Python|SQL|Software Engineering|Statistics|Web Development,C|Java|JavaScript|Python,Management,Management,ERP Dashboard for SMEs,,Data Analyst,CSBS,Mentor-guided
S00172,Ananya Das,Male,20,AIML,6,6.97,75.1,63,Algorithms|C|DBMS|Data Analytics|Data Structures|Frontend Development|Hardware Design|Java|JavaScript|Machine Learning|Operating Systems|SQL|Software Engineering|Software Testing|Web Development,C|Java|JavaScript,Statistics,Statistics,Image Classification Model,,Robotics Engineer,AIML,Self-paced Online
S00173,Lakshmi Bose,Female,22,CSBS,8,3.99,54.5,80,Algorithms|C|Computer Vision|DBMS|Data Engineering|Data Structures|Deep Learning|Frontend Development|Hardware Design|IoT|Java|JavaScript|Machine Learning|Networking|Python|Software Engineering|Statistics|Web Development,C|Java|JavaScript|Python,Data Science,Data Science,ERP Dashboard for SMEs,,IT Consultant,CSE,Self-paced Online
S00174,Anjali Menon,Female,21,AIDS,8,6.73,73.3,78,Algorithms|Business Analytics|C|Cloud Computing|Computer Vision|Cyber Security|Data Analytics|Data Engineering|Data Structures|Deep Learning|Frontend Development|Hardware Design|Java|JavaScript|Machine Learning|Networking|Operating Systems|Python|SQL|Statistics|Web Development,C|Java|JavaScript|Python,Statistics,Statistics,Customer Segmentation Analysis|ETL Pipeline for Retail Data|Sales Forecasting Dashboard,,Business Intelligence Analyst,IT,Hands-on Labs
S00175,Rahul Gupta,Female,19,AIDS,4,4.9,59.5,31,DBMS|Data Structures|Frontend Development|Hardware Design|Java|JavaScript|Python|SQL|Software Engineering|Statistics,Java|JavaScript|Python,Statistics,Statistics,Sales Forecasting Dashboard|ETL Pipeline for Retail Data,IBM Data Science Certificate,Cybersecurity Analyst,AIDS,Hands-on Labs
S00176,Swathi Singh,Female,19,CSE,3,7.35,78.3,23,Algorithms|C|Data Structures|Statistics,C,Software Engineering,Software Engineering,OS Scheduler Simulation,Java Programming Certificate,Cloud Engineer,CSE,Project-based
S00177,Arjun Sharma,Male,19,CSE,3,7.7,81.2,23,C|Hardware Design|Python|Statistics,C|Python,Programming,Programming,E-commerce Web App|Compiler Mini-Project|OS Scheduler Simulation,DSA Specialization,Cloud Engineer,CSE,Hands-on Labs
S00178,Sneha Das,Female,20,CSE,4,5.85,66.8,34,Algorithms|C|DBMS|Data Structures|Frontend Development|Java|JavaScript|Python|SQL|Software Engineering|Statistics|Web Development,C|Java|JavaScript|Python,Business Analytics,Business Analytics,,,Software Architect,CSE,Mentor-guided
S00179,Lakshmi Krishnan,Male,20,CSBS,5,5.53,64.5,49,DBMS|Data Structures|Hardware Design|Java|JavaScript|Networking|Operating Systems|Python|SQL|Software Engineering|Software Testing,Java|JavaScript|Python,Software,Software,Business Analytics Report Tool,Google Business Analytics Certificate,Business Systems Analyst,CSBS,Mentor-guided
S00180,Pooja Pillai,Female,19,CSE,3,7.65,81.6,23,Algorithms|C|Hardware Design|Python|Statistics,C|Python,Security,Security,Compiler Mini-Project|E-commerce Web App,DSA Specialization|Java Programming Certificate,Robotics Engineer,IOT,Theory-focused
S00181,Priya Das,Male,19,CSE,4,7.09,76.9,34,C|DBMS|Data Structures|Frontend Development|Hardware Design|Java|Python|SQL|Software Engineering|Statistics|Web Development,C|Java|Python,Systems,Systems,Compiler Mini-Project,,Software Architect,CSE,Self-paced Online
S00182,Meera Das,Male,19,CSE,4,5.76,66.0,34,C|DBMS|Data Structures|Frontend Development|Hardware Design|Java|Python|SQL|Statistics|Web Development,C|Java|Python,Databases,Databases,,DSA Specialization,Software Architect,CSE,Hands-on Labs
S00183,Deepa Sharma,Male,21,AIDS,6,5.98,66.2,55,Algorithms|C|Cloud Computing|Data Analytics|Data Structures|Embedded Systems|Frontend Development|Hardware Design|Java|JavaScript|Machine Learning|Networking|Operating Systems|Python|Software Testing|Statistics,C|Java|JavaScript|Python,Machine Learning,Machine Learning,,IBM Data Science Certificate|Google Data Analytics Certificate,Machine Learning Engineer,AIDS,Mentor-guided
S00184,Harish Verma,Male,21,CSBS,8,7.42,79.0,80,Algorithms|Business Analytics|Cloud Computing|Cryptography|DBMS|DevOps|Frontend Development|Hardware Design|JavaScript|Machine Learning|Python|SQL|Software Testing|Web Development,JavaScript|Python,Management,Management,ERP Dashboard for SMEs,PMP Foundation|Google Business Analytics Certificate,Business Intelligence Analyst,AIDS,Project-based
S00185,Karthik Iyer,Female,19,CSE,4,7.91,84.2,34,Algorithms|C|DBMS|Data Structures|Frontend Development|Hardware Design|Java|JavaScript|Python|SQL|Software Engineering|Statistics|Web Development,C|Java|JavaScript|Python,Algorithms,Algorithms,,DSA Specialization,Cloud Engineer,CSE,Project-based
S00186,Manoj Raman,Female,20,CSE,3,7.87,85.1,23,Algorithms|C|Hardware Design|Python|Statistics|Operating Systems,C|Python,Statistics,Statistics,Compiler Mini-Project|OS Scheduler Simulation,,Machine Learning Engineer,CSE,Mentor-guided
S00187,Meera Subramaniam,Male,21,AIML,5,5.24,61.3,41,Algorithms|C|Data Structures|Frontend Development|Hardware Design|Java|JavaScript|Networking|Python|Software Testing|Web Development,C|Java|JavaScript|Python,Embedded Systems,Embedded Systems,Image Classification Model,,Computer Vision Engineer,AIML,Self-paced Online
S00188,Gokul Verma,Female,21,AIDS,7,8.59,91.7,66,Algorithms|Business Analytics|Cyber Security|DBMS|Data Analytics|Data Engineering|Frontend Development|Hardware Design|JavaScript|Machine Learning|Networking|Operating Systems|Python|SQL|Software Engineering|Software Testing,JavaScript|Python,Machine Learning,Machine Learning,Sales Forecasting Dashboard,,Data Analyst,AIDS,Hands-on Labs
S00189,Lakshmi Raman,Female,19,CSE,4,8.21,88.4,34,Algorithms|C|DBMS|Data Structures|Frontend Development|Java|JavaScript|Python|SQL|Software Engineering|Statistics|Web Development,C|Java|JavaScript|Python,Algorithms,Algorithms,E-commerce Web App|Compiler Mini-Project,Java Programming Certificate,Cloud Engineer,CSE,Project-based
S00190,Naveen Iyer,Male,21,AIDS,5,7.67,82.7,49,Algorithms|C|DBMS|Data Structures|Frontend Development|Hardware Design|Java|Networking|Operating Systems|Python|Software Engineering|Software Testing,C|Java|Python,Machine Learning,Machine Learning,,,Machine Learning Engineer,AIDS,Theory-focused
S00191,Ananya Patel,Male,21,CSE,5,4.45,56.4,49,Algorithms|C|DBMS|Data Structures|Hardware Design|Java|JavaScript|Networking|Operating Systems|Python|SQL|Software Engineering|Software Testing|Web Development,C|Java|JavaScript|Python,Software Engineering,Software Engineering,Compiler Mini-Project|OS Scheduler Simulation|E-commerce Web App,,Software Engineer,CSE,Mentor-guided
S00192,Karthik Gupta,Male,19,AIML,4,7.29,77.8,34,Algorithms|C|DBMS|Data Structures|Frontend Development|Java|JavaScript|Python|SQL|Software Engineering|Statistics|Web Development,C|Java|JavaScript|Python,Statistics,Statistics,Chatbot using Transformers|Image Classification Model,TensorFlow Developer Certificate|Deep Learning Specialization,Machine Learning Engineer,AIML,Self-paced Online
S00193,Aditi Mehta,Male,19,CSE,4,6.15,68.4,34,C|DBMS|Frontend Development|Hardware Design|Java|JavaScript|SQL|Software Engineering|Statistics,C|Java|JavaScript,Systems,Systems,Compiler Mini-Project|OS Scheduler Simulation,Java Programming Certificate|DSA Specialization,Software Engineer,CSE,Self-paced Online
S00194,Manoj Das,Female,22,CSE,8,5.26,61.5,84,Algorithms|Backend Development|Business Analytics|C|Cloud Computing|DBMS|Data Structures|DevOps|Frontend Development|Hardware Design|Java|JavaScript|Networking|SQL|Software Engineering|Statistics|Web Development,C|Java|JavaScript,Algorithms,Algorithms,Compiler Mini-Project,,Cloud Engineer,CSE,Hands-on Labs
S00195,Karthik Krishnan,Female,20,IT,6,6.91,74.8,55,C|Cloud Computing|Data Structures|Frontend Development|Hardware Design|Java|JavaScript|Networking|Operating Systems|Python|SQL,C|Java|JavaScript|Python,Web Systems,Web Systems,Enterprise CRM App,,Systems Engineer,CSBS,Theory-focused
S00196,Gokul Subramaniam,Female,21,CSE,5,8.69,94.5,49,Algorithms|C|DBMS|Data Structures|Frontend Development|Hardware Design|Java|Networking|Operating Systems|Python|SQL|Software Engineering|Software Testing|Statistics|Web Development,C|Java|Python,Software Engineering,Software Engineering,E-commerce Web App|Compiler Mini-Project,Java Programming Certificate,Computer Vision Engineer,CSE,Project-based
S00197,Karthik Patel,Male,22,IT,7,5.12,61.8,72,Algorithms|Backend Development|C|Cloud Computing|Cyber Security|DBMS|Data Analytics|Data Structures|DevOps|Distributed Systems|Embedded Systems|Frontend Development|Java|JavaScript|Networking|Python|SQL|Software Engineering|Statistics|Web Development,C|Java|JavaScript|Python,Databases,Databases,Enterprise CRM App,AWS Cloud Practitioner,Embedded Systems Engineer,IT,Hands-on Labs
S00198,Rohan Singh,Male,19,AIML,4,6.35,69.7,34,Algorithms|C|DBMS|Data Structures|Frontend Development|Hardware Design|Java|JavaScript|SQL|Software Engineering|Statistics|Web Development,C|Java|JavaScript,Deep Learning,Deep Learning,Chatbot using Transformers,TensorFlow Developer Certificate,Machine Learning Engineer,AIML,Mentor-guided
S00199,Sneha Patel,Male,21,IT,5,5.39,61.3,49,Algorithms|C|DBMS|Data Structures|Frontend Development|Java|Networking|Operating Systems|SQL|Software Engineering|Software Testing|Web Development,C|Java,Business Analytics,Business Analytics,Cloud-hosted Inventory System|Network Monitoring Tool|Enterprise CRM App,,Database Administrator,IOT,Hands-on Labs
S00200,Arjun Gupta,Male,19,CSE,3,8.22,86.3,23,Algorithms|C|Hardware Design|Python|Statistics,C|Python,Systems,Systems,OS Scheduler Simulation,,DevOps Engineer,CSE,Mentor-guided
S00201,Naveen Verma,Female,20,AIML,3,6.4,69.4,20,Algorithms|C|Data Structures|Python|Cyber Security,C|Python,Machine Learning,Machine Learning,Image Classification Model|Chatbot using Transformers|Sentiment Analysis Tool,Deep Learning Specialization,NLP Engineer,AIML,Mentor-guided
S00202,Rohan Subramaniam,Female,21,CSE,8,5.6,64.9,73,Algorithms|Business Analytics|C|Cloud Computing|DBMS|Data Analytics|Data Structures|Deep Learning|DevOps|Distributed Systems|Frontend Development|Hardware Design|Java|NLP|Operating Systems|Python|Software Engineering|Software Testing|Statistics|Web Development,C|Java|Python,Software Engineering,Software Engineering,E-commerce Web App|Compiler Mini-Project,,Backend Developer,CSE,Self-paced Online
S00203,Meera Patel,Female,21,CSE,5,7.73,82.7,49,C|DBMS|Data Structures|Frontend Development|Hardware Design|Java|Networking|Python|SQL|Software Engineering|Software Testing|Statistics|Web Development,C|Java|Python,Software,Software,E-commerce Web App,DSA Specialization|Java Programming Certificate,DevOps Engineer,CSE,Self-paced Online
S00204,Kavya Raman,Female,19,CSE,4,7.38,77.3,34,Algorithms|C|DBMS|Data Structures|Frontend Development|Hardware Design|Java|JavaScript|SQL|Software Engineering|Statistics|Web Development,C|Java|JavaScript,Systems,Systems,OS Scheduler Simulation|E-commerce Web App,,Penetration Tester,CSE,Theory-focused
S00205,Naveen Pillai,Male,21,IOT,8,6.36,70.3,76,Algorithms|C|Cyber Security|DBMS|Data Analytics|Data Structures|Embedded Systems|Ethical Hacking|Frontend Development|Hardware Design|IoT|Java|Networking|Operating Systems|Python|SQL|Software Engineering|Software Testing|Statistics|Web Development,C|Java|Python,Software,Software,Wearable Health Tracker,,SOC Analyst,IOT,Project-based
S00206,Kavya Rao,Female,20,CSE,6,8.05,85.8,61,Algorithms|Business Analytics|C|DBMS|Data Structures|Frontend Development|Hardware Design|JavaScript|Networking|Operating Systems|Software Engineering|Software Testing|Statistics|Web Development,C|JavaScript,Algorithms,Algorithms,Compiler Mini-Project|OS Scheduler Simulation,Java Programming Certificate|DSA Specialization,DevOps Engineer,CSE,Mentor-guided
S00207,Anjali Patel,Male,21,CSBS,5,4.18,56.6,38,C|DBMS|Data Structures|Frontend Development|Hardware Design|JavaScript|Python|Software Engineering|Software Testing|Statistics|Web Development,C|JavaScript|Python,Software,Software,ERP Dashboard for SMEs,,Product Manager (Tech),CSBS,Mentor-guided
S00208,Aravind Bose,Male,19,CYSEC,3,8.0,84.7,23,Algorithms|C|Data Structures|Hardware Design|Python,C|Python,Cryptography,Cryptography,Vulnerability Scanner,Certified Ethical Hacker (CEH) - Foundation,SOC Analyst,CYSEC,Hands-on Labs
S00209,Vikram Verma,Female,20,AIML,5,4.24,55.9,49,Algorithms|C|DBMS|Data Structures|Frontend Development|Hardware Design|Java|JavaScript|Networking|Operating Systems|Python|SQL|Software Engineering|Web Development,C|Java|JavaScript|Python,Security,Security,Sentiment Analysis Tool|Chatbot using Transformers,Deep Learning Specialization,AI Research Engineer,CYSEC,Mentor-guided
S00210,Anjali Das,Female,21,CSE,6,7.0,75.8,63,C|Data Analytics|Data Structures|Embedded Systems|Hardware Design|JavaScript|Networking|Operating Systems|Python|SQL|Software Engineering|Software Testing|Statistics,C|JavaScript|Python,Systems,Systems,Compiler Mini-Project|OS Scheduler Simulation|E-commerce Web App,,Software Engineer,CSE,Hands-on Labs
S00211,Rahul Mehta,Male,20,AIML,6,6.94,74.6,54,Algorithms|C|Cyber Security|DBMS|Data Structures|Frontend Development|Hardware Design|Java|JavaScript|Machine Learning|Networking|Python|SQL|Software Engineering|Statistics|Web Development,C|Java|JavaScript|Python,AI,AI,,Deep Learning Specialization|TensorFlow Developer Certificate,AI Research Engineer,AIDS,Mentor-guided
S00212,Kiran Iyer,Female,19,AIDS,3,4.43,59.7,23,Algorithms|Data Structures|Hardware Design|Python|Statistics,Python,Machine Learning,Machine Learning,Customer Segmentation Analysis,,Robotics Engineer,AIDS,Mentor-guided
S00213,Sanjay Das,Male,19,AIML,3,8.7,93.5,23,Hardware Design|Python|Statistics|Data Structures,Python,AI,AI,Image Classification Model,,Machine Learning Engineer,AIML,Self-paced Online
S00214,Meera Singh,Female,21,AIML,6,5.0,62.1,52,Algorithms|Business Analytics|DBMS|Data Analytics|Data Structures|Frontend Development|Hardware Design|Java|JavaScript|Machine Learning|Operating Systems|SQL|Software Engineering|Software Testing|Statistics,Java|JavaScript,AI,AI,,,Machine Learning Engineer,AIML,Self-paced Online
S00215,Kavya Pillai,Male,20,CYSEC,6,2.62,48.1,45,Algorithms|C|Cryptography|DBMS|Data Structures|Frontend Development|Hardware Design|Operating Systems|Python|Software Testing|Statistics|Web Development,C|Python,Security,Security,,,Penetration Tester,CYSEC,Hands-on Labs
S00216,Rohan Chandran,Female,21,AIML,8,5.75,64.8,68,Algorithms|C|Cloud Computing|Computer Vision|Cryptography|DBMS|Data Engineering|Data Structures|Deep Learning|Hardware Design|Machine Learning|NLP|Networking|Operating Systems|Python|SQL|Software Engineering|Statistics|Cyber Security,C|Python,Machine Learning,Machine Learning,Image Classification Model,,NLP Engineer,AIML,Hands-on Labs
S00217,Gokul Singh,Male,22,CYSEC,8,7.54,80.2,70,C|Cryptography|Cyber Security|DBMS|Data Structures|Frontend Development|Hardware Design|Java|JavaScript|Networking|Operating Systems|SQL|Software Engineering|Statistics|Web Development,C|Java|JavaScript,Systems,Systems,Phishing Detection Tool|Vulnerability Scanner|Secure File Sharing System,,SOC Analyst,CYSEC,Project-based
S00218,Arjun Menon,Female,19,IOT,3,7.04,74.6,23,Algorithms|C|Data Structures|Hardware Design|Statistics,C,IoT,IoT,Weather Monitoring IoT Node|Wearable Health Tracker|Smart Home Automation,,IoT Solutions Engineer,IOT,Self-paced Online
S00219,Ritu Das,Female,22,CSE,7,8.17,87.5,78,Algorithms|C|Cyber Security|Deep Learning|DevOps|Distributed Systems|Ethical Hacking|Hardware Design|Java|JavaScript|Machine Learning|Networking|Operating Systems|Software Engineering|Software Testing|Statistics|Web Development,C|Java|JavaScript,Systems,Systems,Compiler Mini-Project|OS Scheduler Simulation,,Software Engineer,CSE,Mentor-guided
S00220,Ananya Patel,Female,21,CSE,7,6.89,74.7,72,C|DBMS|Data Analytics|Data Structures|Distributed Systems|Ethical Hacking|Frontend Development|Hardware Design|Java|JavaScript|Networking|SQL|Software Engineering|Software Testing|Statistics|Web Development,C|Java|JavaScript,Software Engineering,Software Engineering,Compiler Mini-Project|OS Scheduler Simulation,,Embedded Systems Engineer,CSE,Theory-focused
S00221,Pooja Das,Male,19,CSE,3,7.78,85.6,23,Data Structures|Python|Statistics,Python,Software Engineering,Software Engineering,Compiler Mini-Project|E-commerce Web App|OS Scheduler Simulation,,Software Engineer,CSE,Hands-on Labs
S00222,Deepa Raman,Male,20,IT,5,6.45,71.2,49,C|DBMS|Data Structures|Hardware Design|Java|JavaScript|Networking|Operating Systems|Python|SQL|Software Engineering|Software Testing|Statistics|Web Development,C|Java|JavaScript|Python,Databases,Databases,Cloud-hosted Inventory System,,Data Scientist,AIDS,Project-based
S00223,Vikram Krishnan,Male,22,AIML,8,8.05,86.6,88,Algorithms|Business Analytics|C|Computer Vision|Cyber Security|DBMS|Data Analytics|Data Engineering|Deep Learning|DevOps|Frontend Development|Hardware Design|IoT|Java|JavaScript|NLP|Operating Systems|Python|SQL|Software Engineering|Software Testing|Statistics|Web Development,C|Java|JavaScript|Python,Deep Learning,Deep Learning,Image Classification Model|Chatbot using Transformers,,Machine Learning Engineer,AIML,Project-based
S00224,Sanjay Reddy,Male,20,AIDS,4,6.71,72.4,31,Algorithms|C|DBMS|Data Structures|Frontend Development|Hardware Design|Java|Software Engineering|Statistics|Web Development,C|Java,Data,Data,ETL Pipeline for Retail Data,IBM Data Science Certificate|Google Data Analytics Certificate,Data Scientist,AIDS,Hands-on Labs
S00225,Pooja Iyer,Male,19,AIDS,4,7.06,76.2,34,Algorithms|C|DBMS|Data Structures|Frontend Development|Hardware Design|Java|JavaScript|Python|Software Engineering,C|Java|JavaScript|Python,Statistics,Statistics,Customer Segmentation Analysis|ETL Pipeline for Retail Data,Google Data Analytics Certificate,Database Administrator,AIDS,Self-paced Online
S00226,Prakash Krishnan,Male,21,AIML,8,8.68,93.4,77,Algorithms|Business Analytics|C|Computer Vision|Cyber Security|DBMS|Data Analytics|Data Engineering|Data Structures|Deep Learning|Frontend Development|Hardware Design|IoT|JavaScript|Machine Learning|Networking|Python|SQL|Software Engineering|Statistics|Web Development,C|JavaScript|Python,Deep Learning,Deep Learning,Image Classification Model|Chatbot using Transformers,TensorFlow Developer Certificate,Machine Learning Engineer,CSBS,Theory-focused
S00227,Anjali Das,Female,20,AIML,5,7.63,80.7,49,Algorithms|C|DBMS|Java|Networking|Operating Systems|Python|SQL|Software Engineering|Software Testing|Statistics,C|Java|Python,Networking,Networking,Chatbot using Transformers,,Computer Vision Engineer,AIML,Theory-focused
S00228,Pooja Singh,Female,21,CSE,8,7.82,83.8,71,Algorithms|C|Cloud Computing|DBMS|Data Structures|DevOps|Distributed Systems|Frontend Development|Hardware Design|Java|JavaScript|Machine Learning|Networking|Operating Systems|Python|SQL|Software Testing|Statistics|Web Development,C|Java|JavaScript|Python,Algorithms,Algorithms,OS Scheduler Simulation,Java Programming Certificate,Business Intelligence Analyst,AIML,Theory-focused
S00229,Ananya Raman,Male,19,IT,4,8.0,84.8,34,C|DBMS|Data Structures|Frontend Development|Hardware Design|Java|JavaScript|Python|Software Engineering,C|Java|JavaScript|Python,Networking,Networking,Network Monitoring Tool|Enterprise CRM App,AWS Cloud Practitioner|CompTIA Network+,Embedded Systems Engineer,IT,Theory-focused
S00230,Priya Mehta,Male,20,IT,5,6.73,72.1,49,Algorithms|C|DBMS|Data Structures|Frontend Development|Hardware Design|Java|JavaScript|Networking|Operating Systems|Python|Software Engineering|Software Testing|Statistics|Web Development,C|Java|JavaScript|Python,Embedded Systems,Embedded Systems,,AWS Cloud Practitioner|CompTIA Network+,Software Engineer,IT,Self-paced Online
S00231,Priya Kumar,Female,22,CSBS,7,6.04,68.0,68,Algorithms|Business Analytics|Data Analytics|Data Structures|DevOps|Frontend Development|Hardware Design|Java|JavaScript|Networking|Operating Systems|Python|SQL|Software Engineering|Statistics|Web Development,Java|JavaScript|Python,Business Analytics,Business Analytics,,,Data Analyst,AIML,Project-based
S00232,Suresh Verma,Female,22,AIML,7,5.65,65.4,74,Algorithms|Backend Development|Data Engineering|Deep Learning|DevOps|Distributed Systems|Embedded Systems|Frontend Development|Java|JavaScript|Machine Learning|Networking|Operating Systems|SQL|Software Engineering|Software Testing|Statistics|Web Development|NLP,Java|JavaScript,Deep Learning,Deep Learning,Sentiment Analysis Tool,Deep Learning Specialization|TensorFlow Developer Certificate,Machine Learning Engineer,AIML,Project-based
S00233,Pooja Singh,Female,20,CSE,5,7.67,81.8,46,Algorithms|DBMS|JavaScript|Networking|Software Engineering|Software Testing|Statistics|Web Development,JavaScript,Databases,Databases,OS Scheduler Simulation,,Software Engineer,CSE,Mentor-guided
S00234,Divya Singh,Female,21,AIML,7,7.29,78.3,58,Algorithms|Cloud Computing|DBMS|Data Engineering|Data Structures|Deep Learning|Distributed Systems|Hardware Design|JavaScript|Networking|Python|SQL|Software Engineering|Software Testing|Statistics,JavaScript|Python,Statistics,Statistics,Sentiment Analysis Tool,,AI Research Engineer,AIML,Project-based
S00235,Prakash Pillai,Female,21,CSE,7,6.44,71.2,62,Algorithms|C|Cyber Security|DBMS|Data Structures|Distributed Systems|Frontend Development|Hardware Design|Java|JavaScript|Networking|Python|SQL|Software Engineering|Software Testing|Web Development,C|Java|JavaScript|Python,Programming,Programming,OS Scheduler Simulation,,Robotics Engineer,CSE,Project-based
S00236,Karthik Verma,Male,20,CYSEC,3,5.3,65.3,23,Algorithms|C|Data Structures|Hardware Design|Statistics,C,Cryptography,Cryptography,Phishing Detection Tool|Vulnerability Scanner,CompTIA Security+|Certified Ethical Hacker (CEH) - Foundation,Cybersecurity Analyst,IOT,Mentor-guided
S00237,Gokul Mehta,Female,21,AIML,7,7.94,84.7,63,Algorithms|C|Cyber Security|DBMS|Data Analytics|Data Engineering|Data Structures|Deep Learning|DevOps|Networking|Operating Systems|SQL|Software Testing|Statistics|Java,C|Java,Deep Learning,Deep Learning,Sentiment Analysis Tool,Deep Learning Specialization,NLP Engineer,AIML,Mentor-guided
S00238,Naveen Das,Male,20,IT,5,8.45,92.3,49,Algorithms|C|DBMS|Data Structures|Frontend Development|Java|Networking|Operating Systems|SQL|Statistics|Web Development,C|Java,Networking,Networking,Enterprise CRM App|Cloud-hosted Inventory System|Network Monitoring Tool,CompTIA Network+,Machine Learning Engineer,IT,Hands-on Labs
S00239,Kiran Nair,Female,19,AIML,4,3.88,55.6,34,C|DBMS|Data Structures|Frontend Development|Hardware Design|Java|JavaScript|Python|SQL|Software Engineering|Statistics|Web Development,C|Java|JavaScript|Python,AI,AI,,TensorFlow Developer Certificate|Deep Learning Specialization,Data Engineer,AIML,Self-paced Online
S00240,Sneha Bose,Female,21,AIDS,8,8.48,91.3,71,Algorithms|C|Cloud Computing|DBMS|Data Analytics|Data Engineering|Data Structures|Embedded Systems|Hardware Design|JavaScript|Machine Learning|Operating Systems|Python|SQL|Software Testing|Statistics|Web Development,C|JavaScript|Python,Machine Learning,Machine Learning,Customer Segmentation Analysis,IBM Data Science Certificate|Google Data Analytics Certificate,Systems Administrator,AIDS,Hands-on Labs
S00241,Gokul Subramaniam,Female,20,CSE,6,8.95,97.8,65,C|DBMS|Data Analytics|Data Structures|Embedded Systems|Frontend Development|Hardware Design|Java|Operating Systems|Python|SQL|Software Engineering|Software Testing|Web Development,C|Java|Python,Programming,Programming,E-commerce Web App,,Software Engineer,CSE,Project-based
S00242,Prakash Subramaniam,Male,22,CSE,8,7.32,77.4,75,Algorithms|Business Analytics|C|Cloud Computing|Cyber Security|DBMS|Data Analytics|Data Structures|DevOps|Ethical Hacking|Frontend Development|Hardware Design|Java|JavaScript|Networking|Operating Systems|Python|Software Engineering|Software Testing|Statistics,C|Java|JavaScript|Python,Software Engineering,Software Engineering,E-commerce Web App|OS Scheduler Simulation,Java Programming Certificate,Systems Administrator,CSE,Mentor-guided
S00243,Sneha Mehta,Male,21,IOT,5,7.48,80.1,42,Algorithms|C|Data Structures|Hardware Design|Java|JavaScript|Networking|SQL|Software Engineering|Statistics|Web Development,C|Java|JavaScript,Networking,Networking,Wearable Health Tracker|Weather Monitoring IoT Node,,Embedded Systems Engineer,IOT,Theory-focused
S00244,Aravind Patel,Male,19,IT,3,7.7,80.6,23,Algorithms|C|Python|Statistics,C|Python,Databases,Databases,,,Systems Engineer,IT,Hands-on Labs
S00245,Swathi Chandran,Female,21,IT,6,8.78,94.2,55,Algorithms|C|DBMS|Data Structures|DevOps|Frontend Development|Hardware Design|Java|JavaScript|Networking|Python|SQL|Software Engineering|Software Testing|Statistics|Web Development,C|Java|JavaScript|Python,Networking,Networking,Enterprise CRM App|Cloud-hosted Inventory System,,AI Research Engineer,IT,Self-paced Online
S00246,Gokul Singh,Male,21,IOT,8,6.29,69.2,73,Algorithms|C|DBMS|Data Structures|DevOps|Embedded Systems|Frontend Development|Java|Networking|Operating Systems|SQL|Software Engineering|Software Testing|Statistics|Web Development,C|Java,Networking,Networking,Smart Home Automation,,IoT Solutions Engineer,IOT,Self-paced Online
S00247,Deepa Das,Female,19,AIDS,3,7.09,78.2,23,Algorithms|Data Structures|Hardware Design|Statistics,C++,Machine Learning,Machine Learning,ETL Pipeline for Retail Data|Sales Forecasting Dashboard|Customer Segmentation Analysis,IBM Data Science Certificate|Google Data Analytics Certificate,Data Analyst,AIDS,Hands-on Labs
S00248,Kavya Rao,Male,20,IT,4,8.41,88.2,34,Algorithms|C|DBMS|Hardware Design|Java|JavaScript|Python|SQL|Software Engineering|Statistics|Web Development,C|Java|JavaScript|Python,Deep Learning,Deep Learning,Enterprise CRM App|Network Monitoring Tool,,Database Administrator,IT,Hands-on Labs
S00249,Naveen Reddy,Female,19,CSE,4,5.71,65.0,34,Algorithms|C|Data Structures|Frontend Development|Java|JavaScript|Python|SQL|Statistics|Web Development,C|Java|JavaScript|Python,Algorithms,Algorithms,Compiler Mini-Project|E-commerce Web App,,Backend Developer,CSE,Project-based
S00250,Ritu Iyer,Female,21,AIDS,8,4.44,57.5,77,Algorithms|C|Cloud Computing|Data Analytics|Data Structures|Deep Learning|Hardware Design|IoT|Java|JavaScript|Machine Learning|NLP|Operating Systems|Python|SQL|Software Engineering|Software Testing|Statistics,C|Java|JavaScript|Python,Machine Learning,Machine Learning,,,Data Engineer,AIDS,Hands-on Labs
S00251,Swathi Krishnan,Female,19,AIML,4,7.06,76.0,34,Algorithms|C|DBMS|Data Structures|Frontend Development|Java|Python|SQL|Software Engineering|Web Development,C|Java|Python,Web Systems,Web Systems,,,Data Analyst,AIML,Hands-on Labs
S00252,Divya Sharma,Male,20,AIML,5,8.69,95.0,49,Algorithms|C|DBMS|Frontend Development|Hardware Design|Java|JavaScript|Networking|Operating Systems|Python|SQL|Software Engineering|Software Testing|Statistics|Web Development,C|Java|JavaScript|Python,Deep Learning,Deep Learning,Sentiment Analysis Tool|Chatbot using Transformers|Image Classification Model,,Data Scientist,AIML,Mentor-guided
S00253,Rahul Mehta,Female,19,CSE,3,2.35,47.2,17,Algorithms|C|Data Structures|Statistics,C,Web Systems,Web Systems,OS Scheduler Simulation|E-commerce Web App|Compiler Mini-Project,DSA Specialization|Java Programming Certificate,Backend Developer,CYSEC,Theory-focused
S00254,Nisha Mehta,Male,19,CSBS,4,7.24,78.2,34,Algorithms|C|Data Structures|Frontend Development|Java|JavaScript|Python|SQL|Software Engineering|Web Development,C|Java|JavaScript|Python,Hardware,Hardware,,PMP Foundation|Google Business Analytics Certificate,Data Analyst,CSBS,Hands-on Labs
S00255,Vikram Reddy,Male,20,IT,6,6.63,71.4,62,Business Analytics|C|Cryptography|Data Analytics|Data Structures|Frontend Development|Hardware Design|Java|Machine Learning|Networking|Operating Systems|Python|Software Engineering|Software Testing|Web Development,C|Java|Python,Cloud,Cloud,Network Monitoring Tool,CompTIA Network+,Software Engineer,IT,Mentor-guided
S00256,Kiran Rao,Female,22,CSE,8,5.38,62.2,73,Algorithms|C|Cloud Computing|Data Analytics|Data Structures|DevOps|Distributed Systems|Hardware Design|IoT|Java|JavaScript|Networking|SQL|Software Engineering|Statistics|Web Development,C|Java|JavaScript,Software Engineering,Software Engineering,OS Scheduler Simulation|Compiler Mini-Project,DSA Specialization|Java Programming Certificate,DevOps Engineer,CSE,Self-paced Online
S00257,Sneha Rao,Female,21,AIDS,6,7.23,77.6,64,Algorithms|C|Cyber Security|DBMS|Data Analytics|Frontend Development|Hardware Design|Java|JavaScript|Machine Learning|Networking|Operating Systems|Python|SQL|Software Engineering|Software Testing|Web Development,C|Java|JavaScript|Python,Data Engineering,Data Engineering,ETL Pipeline for Retail Data,,Business Intelligence Analyst,AIDS,Mentor-guided
S00258,Priya Subramaniam,Female,22,CSE,8,6.33,71.0,87,Algorithms|Business Analytics|C|Cloud Computing|Cyber Security|DBMS|Data Structures|Deep Learning|DevOps|Distributed Systems|Embedded Systems|Frontend Development|Java|JavaScript|Networking|Operating Systems|Python|SQL|Software Engineering|Software Testing|Statistics,C|Java|JavaScript|Python,Algorithms,Algorithms,Compiler Mini-Project,,Systems Administrator,AIML,Theory-focused
S00259,Aditi Subramaniam,Female,20,CSE,3,7.26,79.7,23,Algorithms|C|Data Structures|Hardware Design|Python,C|Python,Programming,Programming,Compiler Mini-Project|OS Scheduler Simulation|E-commerce Web App,DSA Specialization|Java Programming Certificate,DevOps Engineer,AIML,Self-paced Online
S00260,Vivek Gupta,Female,20,AIDS,3,7.0,72.3,23,C|Data Structures|Python,C|Python,Data Engineering,Data Engineering,Sales Forecasting Dashboard,,Data Analyst,AIDS,Project-based
S00261,Rahul Verma,Male,20,CYSEC,5,2.84,48.9,31,Algorithms|C|DBMS|Hardware Design|Networking|Python|SQL|Statistics,C|Python,Networking,Networking,Vulnerability Scanner|Secure File Sharing System|Phishing Detection Tool,,SOC Analyst,CYSEC,Project-based
S00262,Sanjay Patel,Female,21,AIML,5,8.4,89.5,45,DBMS|Data Structures|Frontend Development|Hardware Design|Java|JavaScript|Networking|Python|SQL|Software Engineering|Software Testing|Statistics|Web Development,Java|JavaScript|Python,AI,AI,Sentiment Analysis Tool|Image Classification Model,Deep Learning Specialization|TensorFlow Developer Certificate,Computer Vision Engineer,IOT,Theory-focused
S00263,Ananya Chandran,Female,19,CSE,3,4.15,57.4,20,Algorithms|Data Structures|Hardware Design,Python,Algorithms,Algorithms,E-commerce Web App|Compiler Mini-Project,DSA Specialization,DevOps Engineer,CSE,Hands-on Labs
S00264,Karthik Chandran,Female,19,IT,4,5.5,63.4,34,Algorithms|C|DBMS|Data Structures|Frontend Development|Hardware Design|Python|SQL|Statistics|Web Development,C|Python,Cloud,Cloud,Cloud-hosted Inventory System|Network Monitoring Tool|Enterprise CRM App,,DevOps Engineer,IT,Project-based
S00265,Suresh Krishnan,Female,20,CSE,3,8.43,89.6,23,Algorithms|C|Hardware Design,C,Programming,Programming,,Java Programming Certificate,Software Architect,CSE,Self-paced Online
S00266,Meera Patel,Male,20,CSE,4,8.35,89.2,31,Algorithms|C|DBMS|Data Structures|Frontend Development|Hardware Design|Java|JavaScript|SQL|Software Engineering|Statistics|Web Development,C|Java|JavaScript,Programming,Programming,OS Scheduler Simulation|Compiler Mini-Project,,Cybersecurity Analyst,CSE,Mentor-guided
S00267,Gokul Sharma,Male,21,AIML,6,6.28,69.2,57,Algorithms|DBMS|Data Structures|Embedded Systems|Frontend Development|Java|JavaScript|Machine Learning|Networking|Operating Systems|Python|SQL|Software Engineering|Statistics|Web Development,Java|JavaScript|Python,Statistics,Statistics,Sentiment Analysis Tool|Chatbot using Transformers,,Machine Learning Engineer,AIML,Self-paced Online
S00268,Ritu Rao,Female,19,IT,4,7.71,81.9,34,Algorithms|DBMS|Data Structures|Hardware Design|JavaScript|Python|Software Engineering|Statistics|Web Development,JavaScript|Python,Web Systems,Web Systems,Cloud-hosted Inventory System|Enterprise CRM App,AWS Cloud Practitioner|CompTIA Network+,Software Engineer,IT,Project-based
S00269,Deepa Menon,Female,19,CSE,4,8.09,85.0,34,C|DBMS|Frontend Development|Hardware Design|Java|JavaScript|SQL|Software Engineering|Statistics|Web Development,C|Java|JavaScript,AI,AI,Compiler Mini-Project|OS Scheduler Simulation,DSA Specialization,Security Architect,CSE,Self-paced Online
S00270,Ritu Nair,Female,20,CYSEC,4,7.96,84.0,28,Algorithms|C|DBMS|Data Structures|Frontend Development|Java|SQL|Software Engineering|Statistics|Web Development,C|Java,Systems,Systems,Vulnerability Scanner,,Embedded Systems Engineer,CYSEC,Self-paced Online
S00271,Deepa Sharma,Male,20,IT,3,7.52,80.6,23,Algorithms|C|Data Structures|Hardware Design|Python|Statistics,C|Python,Web Systems,Web Systems,Cloud-hosted Inventory System|Network Monitoring Tool|Enterprise CRM App,,Database Administrator,IT,Self-paced Online
S00272,Arjun Verma,Female,19,CSE,3,6.68,71.7,19,Algorithms|Hardware Design|Python|Statistics,Python,Programming,Programming,E-commerce Web App,Java Programming Certificate|DSA Specialization,Firmware Engineer,IT,Mentor-guided
S00273,Sneha Reddy,Female,20,CSE,3,8.35,88.0,23,Algorithms|C|Data Structures|Hardware Design|Python|Networking,C|Python,Deep Learning,Deep Learning,Compiler Mini-Project|E-commerce Web App,Java Programming Certificate,Software Architect,CSE,Mentor-guided
S00274,Naveen Mehta,Female,21,AIDS,8,4.86,59.4,69,Algorithms|Business Analytics|C|DBMS|Data Analytics|Data Engineering|Data Structures|Embedded Systems|Frontend Development|Hardware Design|IoT|Java|JavaScript|Machine Learning|Networking|Operating Systems|Python|SQL|Software Testing|Statistics|Web Development,C|Java|JavaScript|Python,Machine Learning,Machine Learning,ETL Pipeline for Retail Data,IBM Data Science Certificate|Google Data Analytics Certificate,Business Intelligence Analyst,AIDS,Project-based
S00275,Sneha Singh,Male,19,CYSEC,4,6.4,70.8,30,Algorithms|Frontend Development|Python|SQL|Statistics|Web Development,Python,AI,AI,Phishing Detection Tool|Secure File Sharing System,CompTIA Security+,Network Administrator,CYSEC,Mentor-guided
S00276,Nisha Patel,Female,20,IT,4,5.13,61.8,31,Algorithms|C|DBMS|Data Structures|Hardware Design|Java|JavaScript|SQL|Software Engineering|Web Development,C|Java|JavaScript,Web Systems,Web Systems,,,Systems Administrator,IT,Hands-on Labs
S00277,Prakash Das,Male,19,IT,4,4.18,55.7,34,Algorithms|C|Data Structures|Frontend Development|Hardware Design|Java|JavaScript|Software Engineering|Statistics|Web Development,C|Java|JavaScript,Cloud,Cloud,Enterprise CRM App,,Cloud Engineer,CSBS,Hands-on Labs
S00278,Gokul Pillai,Female,22,AIML,8,8.62,92.2,79,Algorithms|Cloud Computing|Computer Vision|Cyber Security|DBMS|Data Engineering|Data Structures|Frontend Development|Hardware Design|Java|JavaScript|Machine Learning|NLP|Networking|Operating Systems|Python|Software Engineering|Software Testing|Statistics|Web Development,Java|JavaScript|Python,Machine Learning,Machine Learning,Sentiment Analysis Tool|Image Classification Model,,Machine Learning Engineer,AIML,Theory-focused
S00279,Kavya Nair,Male,19,CYSEC,3,6.96,75.5,23,Algorithms|C|Hardware Design|Python|Statistics,C|Python,Cryptography,Cryptography,Secure File Sharing System|Vulnerability Scanner|Phishing Detection Tool,CompTIA Security+,Cybersecurity Analyst,IOT,Theory-focused
S00280,Naveen Chandran,Male,22,CSBS,7,8.48,90.9,63,Algorithms|Business Analytics|C|DBMS|Data Analytics|Data Structures|Frontend Development|Java|JavaScript|Machine Learning|Networking|Operating Systems|Python|SQL|Software Engineering|Statistics|Web Development,C|Java|JavaScript|Python,Management,Management,ERP Dashboard for SMEs|Market Trend Predictor|Business Analytics Report Tool,,IT Consultant,CSBS,Self-paced Online
S00281,Harish Chandran,Female,19,AIDS,3,7.26,79.0,23,Algorithms|C|Data Structures|Hardware Design|Python,C|Python,Data Engineering,Data Engineering,Sales Forecasting Dashboard,IBM Data Science Certificate,Data Engineer,AIDS,Project-based
S00282,Vivek Iyer,Male,19,IT,4,3.71,54.2,34,C|DBMS|Data Structures|Frontend Development|Java|JavaScript|SQL|Software Engineering|Statistics|Web Development,C|Java|JavaScript,Web Systems,Web Systems,Network Monitoring Tool|Enterprise CRM App,AWS Cloud Practitioner,Software Engineer,IT,Self-paced Online
S00283,Kiran Patel,Female,21,CSE,7,6.86,75.9,66,Data Engineering|Data Structures|DevOps|Distributed Systems|Frontend Development|Hardware Design|IoT|Java|JavaScript|Networking|Python|Software Engineering|Statistics|Web Development,Java|JavaScript|Python,Algorithms,Algorithms,E-commerce Web App|OS Scheduler Simulation,,Backend Developer,CSE,Mentor-guided
S00284,Rahul Iyer,Female,20,CSE,4,7.85,84.5,34,Algorithms|C|DBMS|Frontend Development|JavaScript|Python|SQL|Web Development,C|JavaScript|Python,Software Engineering,Software Engineering,Compiler Mini-Project|E-commerce Web App|OS Scheduler Simulation,Java Programming Certificate,AI Research Engineer,CSE,Hands-on Labs
S00285,Aditi Raman,Male,21,CSE,8,7.07,76.8,70,Algorithms|Business Analytics|C|Cloud Computing|DBMS|Data Analytics|Data Structures|Deep Learning|Distributed Systems|Frontend Development|Hardware Design|JavaScript|Machine Learning|Operating Systems|Python|SQL|Software Engineering|Software Testing|Web Development,C|JavaScript|Python,Algorithms,Algorithms,Compiler Mini-Project|E-commerce Web App,Java Programming Certificate|DSA Specialization,Database Administrator,CSE,Self-paced Online
S00286,Karthik Reddy,Female,21,AIML,5,6.2,67.7,46,Algorithms|C|DBMS|Data Structures|Frontend Development|Hardware Design|JavaScript|Networking|Python|SQL|Software Engineering|Software Testing|Statistics|Web Development|DevOps,C|JavaScript|Python,Machine Learning,Machine Learning,Image Classification Model|Chatbot using Transformers|Sentiment Analysis Tool,TensorFlow Developer Certificate,AI Research Engineer,AIML,Theory-focused
S00287,Suresh Mehta,Female,22,IT,7,7.46,80.0,68,Algorithms|C|Cloud Computing|Cyber Security|DBMS|Data Structures|DevOps|Ethical Hacking|Frontend Development|Hardware Design|Java|JavaScript|Networking|Operating Systems|Python|SQL|Software Engineering|Software Testing|Statistics|Web Development,C|Java|JavaScript|Python,Cloud,Cloud,Cloud-hosted Inventory System|Network Monitoring Tool,AWS Cloud Practitioner|CompTIA Network+,Software Architect,AIDS,Mentor-guided
S00288,Arjun Sharma,Male,20,IT,6,8.34,88.2,62,Algorithms|Business Analytics|C|Cloud Computing|DBMS|Data Structures|DevOps|Frontend Development|Hardware Design|Java|JavaScript|Operating Systems|Python|SQL|Software Engineering|Statistics|Web Development,C|Java|JavaScript|Python,Software Engineering,Software Engineering,,AWS Cloud Practitioner,Cloud Engineer,IT,Theory-focused
S00289,Rohan Iyer,Female,21,CSE,8,3.71,53.2,63,Algorithms|C|Cloud Computing|Data Structures|DevOps|Distributed Systems|Frontend Development|Java|JavaScript|Operating Systems|Python|SQL|Software Engineering|Software Testing|Statistics|Web Development,C|Java|JavaScript|Python,Software Engineering,Software Engineering,OS Scheduler Simulation,DSA Specialization,Data Analyst,CSE,Hands-on Labs
S00290,Sneha Chandran,Male,20,AIDS,3,4.87,59.3,23,Algorithms|C|Hardware Design|Python,C|Python,Statistics,Statistics,Sales Forecasting Dashboard,IBM Data Science Certificate,Data Engineer,AIDS,Theory-focused
S00291,Kiran Singh,Female,21,CSE,7,7.06,75.0,63,Algorithms|C|Cloud Computing|DBMS|Data Engineering|Data Structures|DevOps|Distributed Systems|Frontend Development|Hardware Design|Java|Networking|Operating Systems|Python|SQL|Software Engineering|Software Testing|Statistics,C|Java|Python,IoT,IoT,OS Scheduler Simulation,,Backend Developer,CSE,Mentor-guided
S00292,Naveen Nair,Female,20,AIML,4,6.03,68.4,34,Algorithms|C|DBMS|Data Structures|Frontend Development|Hardware Design|Java|JavaScript|Python|SQL|Software Engineering|Statistics,C|Java|JavaScript|Python,AI,AI,Chatbot using Transformers|Sentiment Analysis Tool,TensorFlow Developer Certificate|Deep Learning Specialization,Machine Learning Engineer,AIML,Project-based
S00293,Rohan Das,Female,20,AIML,4,5.82,64.2,34,Algorithms|DBMS|Data Structures|Frontend Development|Hardware Design|Java|JavaScript|Python|SQL|Software Engineering|Statistics,Java|JavaScript|Python,Deep Learning,Deep Learning,Image Classification Model|Sentiment Analysis Tool,TensorFlow Developer Certificate,Computer Vision Engineer,AIML,Project-based
S00294,Arjun Varma,Female,20,AIDS,5,7.9,86.0,49,Algorithms|C|DBMS|Data Structures|Frontend Development|Java|Networking|Python|SQL|Software Engineering,C|Java|Python,Networking,Networking,Customer Segmentation Analysis,IBM Data Science Certificate|Google Data Analytics Certificate,Machine Learning Engineer,IT,Project-based
S00295,Pooja Rao,Male,21,IT,8,5.07,62.7,70,Algorithms|Backend Development|C|Cloud Computing|Data Engineering|Data Structures|DevOps|Frontend Development|Hardware Design|Java|JavaScript|Networking|Operating Systems|Python|Software Engineering|Software Testing|Statistics|Web Development,C|Java|JavaScript|Python,Networking,Networking,Network Monitoring Tool|Cloud-hosted Inventory System,AWS Cloud Practitioner,Network Administrator,CYSEC,Mentor-guided
S00296,Kiran Varma,Female,19,CSE,4,8.0,87.0,34,C|DBMS|Data Structures|Frontend Development|Hardware Design|Java|JavaScript|SQL|Software Engineering|Statistics|Web Development,C|Java|JavaScript,Databases,Databases,OS Scheduler Simulation,DSA Specialization|Java Programming Certificate,DevOps Engineer,CSE,Project-based
S00297,Meera Patel,Female,19,IT,3,8.83,97.7,23,Algorithms|C|Data Structures|Hardware Design,C,Cloud,Cloud,Cloud-hosted Inventory System,CompTIA Network+|AWS Cloud Practitioner,IT Consultant,IT,Self-paced Online
S00298,Gokul Subramaniam,Male,21,AIML,7,6.58,72.8,65,Algorithms|C|Cloud Computing|Cryptography|DBMS|Data Engineering|DevOps|Ethical Hacking|Frontend Development|Hardware Design|Java|JavaScript|Networking|Python|Software Engineering|Software Testing|Statistics,C|Java|JavaScript|Python,Machine Learning,Machine Learning,Sentiment Analysis Tool,,NLP Engineer,AIML,Mentor-guided
S00299,Ananya Raman,Male,20,CSE,3,7.04,75.0,23,C|Data Structures|Hardware Design|Python|Statistics|Computer Vision,C|Python,Systems,Systems,E-commerce Web App|Compiler Mini-Project,,Cybersecurity Analyst,CSE,Mentor-guided
S00300,Harish Pillai,Male,20,IT,5,8.83,97.2,42,Algorithms|C|DBMS|Data Structures|Frontend Development|Hardware Design|Java|JavaScript|Networking|Python|Software Engineering|Statistics|Web Development,C|Java|JavaScript|Python,Databases,Databases,Enterprise CRM App,CompTIA Network+,IT Consultant,IT,Hands-on Labs
S00301,Harish Verma,Male,21,AIML,7,7.64,80.9,70,Algorithms|C|Data Analytics|Data Engineering|Data Structures|Deep Learning|DevOps|Embedded Systems|Frontend Development|Hardware Design|Java|JavaScript|Machine Learning|Networking|Operating Systems|Python|SQL|Software Testing|Web Development,C|Java|JavaScript|Python,Security,Security,Sentiment Analysis Tool|Image Classification Model,Deep Learning Specialization,Security Architect,AIML,Hands-on Labs
S00302,Anjali Singh,Male,20,AIML,6,8.37,88.7,59,Algorithms|Business Analytics|Cloud Computing|Data Analytics|Data Structures|DevOps|Frontend Development|Hardware Design|Java|JavaScript|Machine Learning|Networking|Operating Systems|Python|Software Engineering|Software Testing|Web Development,Java|JavaScript|Python,Hardware,Hardware,Chatbot using Transformers|Sentiment Analysis Tool,TensorFlow Developer Certificate,Data Scientist,AIML,Self-paced Online
S00303,Ananya Rao,Male,20,AIML,3,7.17,76.2,23,Algorithms|C|Data Structures|Hardware Design|Python|Statistics,C|Python,AI,AI,Chatbot using Transformers|Sentiment Analysis Tool,Deep Learning Specialization|TensorFlow Developer Certificate,Backend Developer,AIML,Mentor-guided
S00304,Harish Raman,Female,20,CSE,5,8.14,85.8,49,C|DBMS|Data Structures|Frontend Development|Hardware Design|Java|JavaScript|Operating Systems|Python|Software Engineering|Software Testing|Statistics|Web Development,C|Java|JavaScript|Python,Programming,Programming,OS Scheduler Simulation,,Systems Engineer,AIML,Self-paced Online
S00305,Gokul Nair,Male,21,CSBS,7,7.52,80.8,82,Business Analytics|Cloud Computing|Cryptography|Cyber Security|DBMS|Data Analytics|Data Structures|Frontend Development|Hardware Design|Java|JavaScript|Machine Learning|Networking|Operating Systems|Python|Software Engineering|Software Testing|Statistics|Web Development,Java|JavaScript|Python,Data,Data,ERP Dashboard for SMEs|Market Trend Predictor,,Security Architect,CSBS,Self-paced Online
S00306,Priya Gupta,Male,22,IT,7,8.1,87.1,71,Algorithms|Backend Development|C|Cloud Computing|DBMS|Data Analytics|Data Structures|IoT|Java|JavaScript|Networking|Operating Systems|SQL|Software Engineering,C|Java|JavaScript,Databases,Databases,Cloud-hosted Inventory System|Enterprise CRM App,CompTIA Network+|AWS Cloud Practitioner,IoT Solutions Engineer,IT,Hands-on Labs
S00307,Gokul Kumar,Male,21,AIML,5,7.71,81.7,49,Algorithms|C|Data Structures|Frontend Development|Hardware Design|Java|JavaScript|Networking|Operating Systems|Python|SQL|Software Engineering|Software Testing|Web Development,C|Java|JavaScript|Python,Deep Learning,Deep Learning,Image Classification Model|Sentiment Analysis Tool,,AI Research Engineer,AIML,Mentor-guided
S00308,Rahul Rao,Male,20,CSE,5,7.13,77.3,46,Algorithms|C|DBMS|Data Structures|Hardware Design|JavaScript|Networking|Operating Systems|Python|SQL|Software Engineering|Statistics|Web Development|Computer Vision,C|JavaScript|Python,Software,Software,Compiler Mini-Project|OS Scheduler Simulation|E-commerce Web App,Java Programming Certificate,Database Administrator,CSE,Self-paced Online
S00309,Vikram Patel,Female,19,CSBS,3,5.37,63.0,19,Algorithms|C|Data Structures|Python|Statistics,C|Python,Algorithms,Algorithms,ERP Dashboard for SMEs,,IT Consultant,CSBS,Hands-on Labs
S00310,Naveen Mehta,Male,21,CSBS,8,8.05,86.0,81,Algorithms|Business Analytics|C|Cyber Security|Data Analytics|Data Structures|Embedded Systems|Frontend Development|Java|Machine Learning|Networking|Python|SQL|Software Engineering|Software Testing|Statistics,C|Java|Python,Software,Software,Business Analytics Report Tool|ERP Dashboard for SMEs|Market Trend Predictor,PMP Foundation|Google Business Analytics Certificate,Product Manager (Tech),CSBS,Self-paced Online
S00311,Kavya Das,Male,21,IOT,5,7.45,79.0,42,Data Structures|Frontend Development|Hardware Design|Java|JavaScript|Python|SQL|Software Engineering|Software Testing|Statistics,Java|JavaScript|Python,Machine Learning,Machine Learning,,,Robotics Engineer,IOT,Theory-focused
S00312,Nisha Verma,Female,21,AIML,7,7.03,76.2,68,C|Cloud Computing|Cryptography|Cyber Security|DBMS|Data Engineering|Data Structures|Deep Learning|Embedded Systems|Ethical Hacking|Frontend Development|JavaScript|Machine Learning|Networking|Python|SQL|Software Engineering|Software Testing|Web Development,C|JavaScript|Python,Networking,Networking,Chatbot using Transformers|Sentiment Analysis Tool|Image Classification Model,TensorFlow Developer Certificate,Penetration Tester,AIML,Mentor-guided
S00313,Nisha Rao,Male,20,CSE,6,6.36,69.9,67,Algorithms|Business Analytics|C|Cloud Computing|Data Structures|DevOps|Embedded Systems|Frontend Development|Hardware Design|Java|JavaScript|Machine Learning|Software Engineering|Software Testing|Web Development,C|Java|JavaScript,Software Engineering,Software Engineering,Compiler Mini-Project|OS Scheduler Simulation|E-commerce Web App,,DevOps Engineer,CSE,Self-paced Online
S00314,Harish Bose,Male,21,CSE,6,6.56,71.9,59,Algorithms|C|DBMS|Data Structures|Embedded Systems|Frontend Development|Hardware Design|Java|JavaScript|Operating Systems|Python|Software Engineering|Software Testing|Statistics,C|Java|JavaScript|Python,Networking,Networking,E-commerce Web App|OS Scheduler Simulation,,Network Administrator,CSE,Project-based
S00315,Deepa Kumar,Female,21,AIML,7,6.47,72.2,68,Algorithms|Backend Development|Business Analytics|C|DBMS|Data Analytics|Data Engineering|Data Structures|Deep Learning|Embedded Systems|Frontend Development|Hardware Design|Java|Machine Learning|Networking|Python|SQL|Software Engineering|Software Testing|Statistics|Web Development,C|Java|Python,Hardware,Hardware,Chatbot using Transformers,Deep Learning Specialization,NLP Engineer,AIML,Project-based
S00316,Gokul Chandran,Male,21,AIDS,7,5.93,67.7,72,Algorithms|Business Analytics|C|Cloud Computing|DBMS|Data Engineering|Embedded Systems|Frontend Development|JavaScript|Networking|Operating Systems|Python|SQL|Software Engineering|Software Testing|Statistics|Web Development,C|JavaScript|Python,Statistics,Statistics,Customer Segmentation Analysis,,Data Analyst,AIDS,Mentor-guided
S00317,Rohan Das,Female,21,AIML,6,7.15,77.9,55,Algorithms|DBMS|Frontend Development|Hardware Design|Java|Machine Learning|Python|SQL|Software Engineering|Software Testing|Statistics|Web Development,Java|Python,Statistics,Statistics,,Deep Learning Specialization,NLP Engineer,AIML,Theory-focused
S00318,Shreya Reddy,Female,19,AIML,3,8.35,89.2,23,C|Data Structures|Hardware Design|Python|Statistics,C|Python,Software Engineering,Software Engineering,Image Classification Model|Sentiment Analysis Tool,Deep Learning Specialization,NLP Engineer,AIML,Hands-on Labs
S00319,Sneha Reddy,Female,20,CSBS,3,7.09,74.9,23,Algorithms|C|Hardware Design|Statistics|DevOps,C,Data,Data,ERP Dashboard for SMEs|Business Analytics Report Tool|Market Trend Predictor,Google Business Analytics Certificate,Product Manager (Tech),CSBS,Hands-on Labs
S00320,Manoj Verma,Male,21,IOT,7,8.3,87.1,74,Algorithms|C|Cloud Computing|Cyber Security|DBMS|Data Structures|Deep Learning|Embedded Systems|Frontend Development|Hardware Design|JavaScript|Machine Learning|Networking|Operating Systems|Software Engineering|Software Testing|Statistics|Web Development,C|JavaScript,Deep Learning,Deep Learning,Weather Monitoring IoT Node|Smart Home Automation,IoT Fundamentals (Cisco),Machine Learning Engineer,IOT,Mentor-guided
S00321,Manoj Bose,Female,19,IOT,4,6.65,70.7,34,Algorithms|C|Data Structures|Frontend Development|JavaScript|Python|SQL|Software Engineering|Statistics|Web Development,C|JavaScript|Python,Networking,Networking,Smart Home Automation|Wearable Health Tracker,IoT Fundamentals (Cisco),Data Analyst,IOT,Theory-focused
S00322,Nisha Raman,Female,20,AIDS,6,8.75,93.9,61,Algorithms|DBMS|Data Analytics|Data Structures|Frontend Development|Hardware Design|Java|JavaScript|Machine Learning|Networking|Operating Systems|Python|SQL|Statistics|Web Development,Java|JavaScript|Python,Data Engineering,Data Engineering,ETL Pipeline for Retail Data|Customer Segmentation Analysis|Sales Forecasting Dashboard,,Security Architect,AIDS,Self-paced Online
S00323,Harish Iyer,Female,21,CSBS,8,6.42,70.2,66,Business Analytics|C|DBMS|Data Analytics|Frontend Development|Hardware Design|Java|Machine Learning|Networking|Python|SQL|Software Engineering|Software Testing|Statistics|Web Development,C|Java|Python,Programming,Programming,Market Trend Predictor|Business Analytics Report Tool,,IT Consultant,CYSEC,Theory-focused
S00324,Pooja Rao,Male,21,AIDS,7,8.41,90.6,87,Algorithms|Business Analytics|C|Cloud Computing|Cyber Security|DBMS|Data Analytics|Data Engineering|Data Structures|DevOps|Ethical Hacking|Frontend Development|Hardware Design|IoT|Java|JavaScript|Machine Learning|Python|SQL|Software Testing|Statistics|Web Development,C|Java|JavaScript|Python,Data Engineering,Data Engineering,ETL Pipeline for Retail Data,IBM Data Science Certificate,Machine Learning Engineer,AIML,Hands-on Labs
S00325,Anjali Subramaniam,Female,19,AIML,3,4.87,59.6,23,C|Data Structures|Python,C|Python,AI,AI,,,Data Scientist,AIML,Self-paced Online
S00326,Naveen Iyer,Female,19,AIML,4,5.53,64.5,34,Algorithms|C|Data Structures|Frontend Development|Hardware Design|JavaScript|Python|SQL|Software Engineering|Statistics,C|JavaScript|Python,Data Engineering,Data Engineering,Image Classification Model|Sentiment Analysis Tool|Chatbot using Transformers,,Data Scientist,AIML,Theory-focused
S00327,Divya Patel,Female,19,CSE,3,7.0,75.1,23,C|Data Structures|Hardware Design|Python|Machine Learning,C|Python,Management,Management,,DSA Specialization|Java Programming Certificate,Software Engineer,CSE,Project-based
S00328,Kiran Das,Female,20,AIML,6,7.35,77.9,57,Algorithms|Business Analytics|C|Data Analytics|Data Structures|Frontend Development|Hardware Design|Java|JavaScript|Networking|Python|SQL|Software Engineering|Software Testing|Statistics|Web Development,C|Java|JavaScript|Python,AI,AI,Chatbot using Transformers|Sentiment Analysis Tool|Image Classification Model,,Data Scientist,AIML,Mentor-guided
S00329,Anjali Reddy,Male,21,CSE,8,7.8,82.8,86,Algorithms|C|Cloud Computing|Cyber Security|DBMS|Data Structures|Deep Learning|DevOps|Distributed Systems|Embedded Systems|Frontend Development|Hardware Design|IoT|Java|JavaScript|SQL|Statistics|Web Development,C|Java|JavaScript,Systems,Systems,OS Scheduler Simulation|E-commerce Web App|Compiler Mini-Project,,DevOps Engineer,CSE,Hands-on Labs
S00330,Rohan Varma,Male,20,IOT,5,6.92,74.1,49,Algorithms|C|DBMS|Data Structures|Frontend Development|Hardware Design|Java|JavaScript|Networking|Operating Systems|Python|SQL|Software Engineering|Software Testing|Statistics|Web Development,C|Java|JavaScript|Python,Networking,Networking,Wearable Health Tracker|Weather Monitoring IoT Node,,IoT Solutions Engineer,IOT,Self-paced Online
S00331,Arjun Verma,Male,20,IT,3,7.8,80.9,20,Algorithms|C|Data Structures|Python|Statistics,C|Python,Programming,Programming,,,Backend Developer,IT,Self-paced Online
S00332,Rohan Mehta,Female,21,IT,5,7.71,82.6,49,Algorithms|C|DBMS|Data Structures|Frontend Development|Hardware Design|JavaScript|Operating Systems|Python|SQL|Software Engineering|Software Testing|Statistics|Web Development,C|JavaScript|Python,Web Systems,Web Systems,Enterprise CRM App|Network Monitoring Tool,,Network Administrator,IOT,Self-paced Online
S00333,Ritu Mehta,Female,20,AIML,3,6.52,70.3,23,Algorithms|C|Hardware Design|Python|Statistics,C|Python,Web Systems,Web Systems,Chatbot using Transformers|Image Classification Model,,Robotics Engineer,AIML,Project-based
S00334,Manoj Krishnan,Male,19,CYSEC,4,6.32,67.4,34,Algorithms|C|DBMS|Data Structures|Frontend Development|Hardware Design|Java|JavaScript|Python|SQL|Software Engineering|Statistics|Web Development,C|Java|JavaScript|Python,Security,Security,Phishing Detection Tool,,SOC Analyst,CYSEC,Self-paced Online
S00335,Lakshmi Bose,Female,21,CSE,8,8.29,89.2,76,Algorithms|C|Cloud Computing|Cryptography|Cyber Security|DBMS|Data Structures|Deep Learning|DevOps|Distributed Systems|Ethical Hacking|Frontend Development|Java|JavaScript|NLP|Networking|Operating Systems|SQL|Software Engineering|Statistics,C|Java|JavaScript,Algorithms,Algorithms,E-commerce Web App,DSA Specialization,Network Administrator,CSE,Hands-on Labs
S00336,Kiran Das,Male,19,IT,3,6.26,68.6,23,Algorithms|Data Structures|Python|Statistics|Business Analytics,Python,Web Systems,Web Systems,Network Monitoring Tool,,Systems Administrator,IT,Hands-on Labs
S00337,Rahul Singh,Male,19,CYSEC,4,7.62,82.2,34,Algorithms|DBMS|Data Structures|Frontend Development|Java|JavaScript|Python|SQL|Software Engineering|Statistics|Web Development,Java|JavaScript|Python,Cryptography,Cryptography,Phishing Detection Tool|Vulnerability Scanner|Secure File Sharing System,Certified Ethical Hacker (CEH) - Foundation,Software Engineer,CYSEC,Mentor-guided
S00338,Ritu Patel,Female,20,IT,6,4.46,58.1,59,Algorithms|C|Cloud Computing|DBMS|Data Structures|DevOps|Hardware Design|Java|JavaScript|Operating Systems|Python|Software Engineering|Software Testing|Web Development,C|Java|JavaScript|Python,Networking,Networking,Cloud-hosted Inventory System,AWS Cloud Practitioner,Data Analyst,IT,Self-paced Online
S00339,Gokul Singh,Male,21,CSE,8,6.07,67.2,74,Algorithms|C|Cyber Security|DBMS|Distributed Systems|Hardware Design|Java|JavaScript|Machine Learning|Networking|Operating Systems|Python|Software Engineering|Software Testing|Statistics|Web Development|Business Analytics,C|Java|JavaScript|Python,Software Engineering,Software Engineering,,,Systems Engineer,CSE,Theory-focused
S00340,Prakash Patel,Male,22,CSBS,8,6.55,72.8,76,Algorithms|Business Analytics|DBMS|Data Analytics|Data Engineering|Deep Learning|Frontend Development|Hardware Design|Java|JavaScript|Machine Learning|Networking|Operating Systems|Python|Software Testing|Statistics|Web Development,Java|JavaScript|Python,Software,Software,ERP Dashboard for SMEs,,Data Analyst,CSBS,Project-based
S00341,Priya Krishnan,Male,21,CSBS,7,7.67,82.2,69,Algorithms|Business Analytics|C|DBMS|Data Structures|Hardware Design|Java|JavaScript|Machine Learning|Networking|Python|SQL|Statistics|Web Development,C|Java|JavaScript|Python,Management,Management,Business Analytics Report Tool,,AI Research Engineer,IT,Project-based
S00342,Aditi Gupta,Female,19,CSE,4,9.0,98.2,27,Algorithms|C|Data Structures|Hardware Design|Java|Python|SQL|Software Engineering|Cloud Computing,C|Java|Python,Algorithms,Algorithms,OS Scheduler Simulation,,Software Architect,CSE,Hands-on Labs
S00343,Kiran Chandran,Male,20,AIML,4,7.26,77.0,34,Algorithms|C|Data Structures|Frontend Development|Hardware Design|Java|Python|SQL|Statistics|Web Development,C|Java|Python,Statistics,Statistics,Image Classification Model,,Machine Learning Engineer,AIML,Theory-focused
S00344,Naveen Kumar,Male,19,CSE,4,9.0,97.9,34,Algorithms|C|Data Structures|Frontend Development|Hardware Design|JavaScript|SQL|Software Engineering|Statistics|Web Development,C|JavaScript,Programming,Programming,E-commerce Web App,DSA Specialization,Security Architect,CSE,Hands-on Labs
S00345,Nisha Menon,Male,20,IT,3,7.0,72.7,23,Algorithms|C|Data Structures|Hardware Design|Python|Statistics,C|Python,Embedded Systems,Embedded Systems,,,Backend Developer,IT,Mentor-guided
S00346,Pooja Pillai,Female,20,AIDS,6,8.16,86.6,75,Algorithms|Business Analytics|C|Data Analytics|Data Structures|Embedded Systems|Frontend Development|Hardware Design|JavaScript|Machine Learning|Networking|Operating Systems|Python|SQL|Software Engineering|Software Testing|Statistics|Computer Vision,C|JavaScript|Python,Machine Learning,Machine Learning,Sales Forecasting Dashboard|Customer Segmentation Analysis,,Business Intelligence Analyst,AIDS,Theory-focused
S00347,Suresh Pillai,Male,19,CYSEC,4,8.29,86.2,34,C|DBMS|Data Structures|Frontend Development|Hardware Design|Java|Python|SQL|Software Engineering|Statistics|Web Development,C|Java|Python,Systems,Systems,Phishing Detection Tool|Secure File Sharing System,,Security Architect,AIML,Self-paced Online
S00348,Sneha Gupta,Male,21,AIML,8,8.72,95.1,75,Algorithms|Business Analytics|C|Cloud Computing|Computer Vision|Cryptography|DBMS|Data Engineering|Data Structures|DevOps|Frontend Development|Java|Machine Learning|NLP|Networking|Operating Systems|SQL|Software Engineering|Statistics|Web Development|JavaScript,C|Java|JavaScript,AI,AI,Sentiment Analysis Tool|Image Classification Model,TensorFlow Developer Certificate,Data Scientist,AIML,Self-paced Online
S00349,Kavya Patel,Male,21,CYSEC,6,7.98,85.9,56,Business Analytics|C|Cyber Security|Data Structures|Frontend Development|Hardware Design|Java|JavaScript|Networking|Python|Software Engineering|Software Testing|Statistics,C|Java|JavaScript|Python,Networking,Networking,Vulnerability Scanner|Phishing Detection Tool|Secure File Sharing System,Certified Ethical Hacker (CEH) - Foundation|CompTIA Security+,Cloud Engineer,CYSEC,Theory-focused
S00350,Sanjay Das,Female,21,IT,6,7.61,81.0,57,Algorithms|DBMS|Data Structures|DevOps|Frontend Development|Hardware Design|Java|Networking|Operating Systems|Python|SQL|Software Engineering|Software Testing|Statistics|Web Development,Java|Python,Web Systems,Web Systems,Enterprise CRM App,,Firmware Engineer,IT,Mentor-guided
S00351,Priya Menon,Female,21,IT,7,6.71,73.4,65,Algorithms|Backend Development|C|Cloud Computing|DBMS|Data Engineering|Data Structures|DevOps|Frontend Development|Hardware Design|JavaScript|Machine Learning|Networking|Operating Systems|Python|SQL|Software Engineering|Software Testing|Statistics|Web Development,C|JavaScript|Python,Networking,Networking,Cloud-hosted Inventory System|Network Monitoring Tool|Enterprise CRM App,AWS Cloud Practitioner,Backend Developer,IOT,Project-based
S00352,Sanjay Iyer,Male,21,AIML,7,7.0,74.1,72,Business Analytics|C|Cloud Computing|DBMS|Data Structures|Deep Learning|DevOps|Distributed Systems|Frontend Development|IoT|Java|Machine Learning|Operating Systems|Python|SQL|Software Engineering|Web Development,C|Java|Python,AI,AI,Chatbot using Transformers,Deep Learning Specialization,Machine Learning Engineer,AIML,Project-based
S00353,Kiran Verma,Female,22,CSE,7,6.8,72.6,80,Algorithms|Business Analytics|C|Cloud Computing|DBMS|Data Analytics|Data Engineering|Data Structures|Distributed Systems|Frontend Development|JavaScript|Networking|Operating Systems|SQL|Software Engineering|Software Testing|Statistics|Web Development,C|JavaScript,Systems,Systems,OS Scheduler Simulation|E-commerce Web App,,Cloud Engineer,CSE,Hands-on Labs
S00354,Kiran Krishnan,Female,20,CSE,4,8.27,88.5,30,Algorithms|C|Data Structures|Frontend Development|Hardware Design|JavaScript|Python|Software Engineering|Statistics|Web Development,C|JavaScript|Python,Security,Security,E-commerce Web App|Compiler Mini-Project,,Database Administrator,CSE,Mentor-guided
S00355,Meera Raman,Male,21,IT,8,4.04,55.8,82,Algorithms|Backend Development|Business Analytics|C|Cloud Computing|Cyber Security|DBMS|Data Analytics|DevOps|Frontend Development|IoT|Java|JavaScript|Networking|Operating Systems|Python|SQL|Software Engineering|Software Testing|Statistics|Web Development,C|Java|JavaScript|Python,Cloud,Cloud,,AWS Cloud Practitioner,Cloud Engineer,IT,Self-paced Online
S00356,Ananya Krishnan,Male,20,IT,5,8.31,88.9,49,Algorithms|C|Hardware Design|Java|JavaScript|Networking|Operating Systems|SQL|Statistics|Web Development|Software Engineering,C|Java|JavaScript,Software,Software,Network Monitoring Tool|Enterprise CRM App|Cloud-hosted Inventory System,AWS Cloud Practitioner|CompTIA Network+,Backend Developer,IT,Theory-focused
S00357,Ritu Patel,Male,19,CYSEC,3,7.7,81.6,23,Algorithms|Data Structures|Hardware Design|Python|Statistics,Python,Cryptography,Cryptography,Phishing Detection Tool|Secure File Sharing System,,Network Administrator,CYSEC,Hands-on Labs
S00358,Rohan Kumar,Female,19,IOT,4,9.0,98.2,34,Algorithms|C|Frontend Development|Hardware Design|Java|JavaScript|Python|SQL|Software Engineering|Statistics|Web Development|Computer Vision,C|Java|JavaScript|Python,Business Analytics,Business Analytics,Smart Home Automation,Embedded Systems Certificate,Embedded Systems Engineer,IOT,Self-paced Online
S00359,Sanjay Gupta,Female,22,IT,8,6.32,69.7,68,Algorithms|Backend Development|C|Cloud Computing|Cyber Security|DevOps|Ethical Hacking|Frontend Development|Java|Networking|Operating Systems|SQL|Software Engineering|Statistics|Web Development,C|Java,Hardware,Hardware,,,NLP Engineer,AIML,Theory-focused
S00360,Vivek Rao,Male,20,AIML,6,7.08,76.0,53,Algorithms|DBMS|Data Structures|Frontend Development|Hardware Design|Java|JavaScript|Machine Learning|Operating Systems|Python|SQL|Software Testing|Statistics|Web Development,Java|JavaScript|Python,Machine Learning,Machine Learning,Chatbot using Transformers,TensorFlow Developer Certificate|Deep Learning Specialization,Robotics Engineer,AIML,Hands-on Labs
S00361,Meera Sharma,Female,20,CSE,6,8.41,90.2,54,Algorithms|C|Data Analytics|JavaScript|Machine Learning|Networking|Operating Systems|Software Engineering|Software Testing|Backend Development,C|JavaScript,Systems,Systems,E-commerce Web App,,Database Administrator,CSE,Mentor-guided
S00362,Pooja Reddy,Female,21,CSE,8,4.09,56.2,69,C|Data Engineering|Data Structures|Deep Learning|DevOps|Distributed Systems|Hardware Design|IoT|JavaScript|Networking|Operating Systems|Python|SQL|Software Testing|Statistics|Web Development,C|JavaScript|Python,Programming,Programming,,,Backend Developer,IT,Theory-focused
S00363,Sanjay Verma,Female,22,IOT,8,5.89,67.2,79,Backend Development|Business Analytics|Cloud Computing|Cyber Security|Data Engineering|Ethical Hacking|IoT|JavaScript|Networking|Python|SQL|Software Engineering|Software Testing|Statistics|Web Development,JavaScript|Python,Networking,Networking,Weather Monitoring IoT Node|Smart Home Automation,,Embedded Systems Engineer,IOT,Hands-on Labs
S00364,Deepa Mehta,Female,20,CYSEC,3,8.09,85.9,23,C|Data Structures|Statistics,C,Networking,Networking,Secure File Sharing System|Phishing Detection Tool,CompTIA Security+,IT Consultant,CYSEC,Mentor-guided
S00365,Meera Kumar,Female,19,CSE,4,8.9,94.4,31,Algorithms|DBMS|Data Structures|Frontend Development|Hardware Design|Java|JavaScript|SQL|Software Engineering|Statistics,Java|JavaScript,Machine Learning,Machine Learning,Compiler Mini-Project,DSA Specialization,Systems Engineer,AIML,Theory-focused
S00366,Harish Raman,Female,20,IT,5,7.47,78.0,49,Algorithms|DBMS|Frontend Development|Hardware Design|JavaScript|Networking|Operating Systems|Python|SQL|Software Engineering|Software Testing|Statistics,JavaScript|Python,Software Engineering,Software Engineering,Cloud-hosted Inventory System,CompTIA Network+,Computer Vision Engineer,IT,Self-paced Online
S00367,Prakash Varma,Female,22,AIML,8,4.47,57.2,81,Algorithms|C|Cloud Computing|Cyber Security|DBMS|Data Engineering|Data Structures|Deep Learning|DevOps|Frontend Development|Hardware Design|IoT|Java|JavaScript|Machine Learning|NLP|Networking|Operating Systems|Python|SQL|Software Engineering|Software Testing|Web Development,C|Java|JavaScript|Python,Statistics,Statistics,Sentiment Analysis Tool,,Robotics Engineer,AIML,Project-based
S00368,Gokul Iyer,Male,21,CSE,7,2.95,48.7,59,Algorithms|C|DBMS|Data Analytics|Data Engineering|Embedded Systems|Frontend Development|Hardware Design|IoT|JavaScript|Networking|Operating Systems|Python|SQL|Software Engineering|Software Testing|Statistics|Web Development,C|JavaScript|Python,Programming,Programming,Compiler Mini-Project,,Database Administrator,CSE,Theory-focused
S00369,Lakshmi Chandran,Male,19,IT,4,7.68,83.5,34,C|DBMS|Data Structures|Frontend Development|Hardware Design|Java|JavaScript|Python|SQL|Software Engineering|Statistics|Web Development,C|Java|JavaScript|Python,Databases,Databases,Network Monitoring Tool|Cloud-hosted Inventory System,,DevOps Engineer,IT,Self-paced Online
S00370,Gokul Krishnan,Male,19,IT,4,6.21,71.1,34,Algorithms|C|DBMS|Data Structures|Frontend Development|Hardware Design|JavaScript|Python|SQL|Software Engineering|Statistics|Web Development,C|JavaScript|Python,Web Systems,Web Systems,Cloud-hosted Inventory System,CompTIA Network+,Software Engineer,IT,Hands-on Labs
S00371,Divya Gupta,Female,19,IOT,3,7.61,82.7,23,Algorithms|C|Data Structures|Python|Statistics,C|Python,Hardware,Hardware,Smart Home Automation|Wearable Health Tracker,Embedded Systems Certificate|IoT Fundamentals (Cisco),Firmware Engineer,IOT,Self-paced Online
S00372,Deepa Iyer,Male,21,AIML,6,7.13,75.8,61,Algorithms|C|Data Analytics|Data Structures|Embedded Systems|Frontend Development|Hardware Design|Java|JavaScript|Machine Learning|Networking|Operating Systems|Python|SQL|Software Engineering|Software Testing|Statistics|Web Development,C|Java|JavaScript|Python,Statistics,Statistics,Image Classification Model|Sentiment Analysis Tool,TensorFlow Developer Certificate|Deep Learning Specialization,IT Support Engineer,AIDS,Project-based
S00373,Rahul Nair,Male,19,AIML,4,7.18,77.9,34,Algorithms|C|DBMS|Data Structures|Frontend Development|Hardware Design|Java|JavaScript|Python|SQL|Software Engineering|Statistics|Web Development,C|Java|JavaScript|Python,Machine Learning,Machine Learning,Image Classification Model|Sentiment Analysis Tool|Chatbot using Transformers,,Systems Administrator,AIML,Hands-on Labs
S00374,Sneha Patel,Male,19,CSBS,4,7.53,80.0,34,Algorithms|C|DBMS|Data Structures|Frontend Development|Hardware Design|Java|JavaScript|Python|SQL|Software Engineering|Statistics|Web Development,C|Java|JavaScript|Python,Systems,Systems,ERP Dashboard for SMEs,Google Business Analytics Certificate|PMP Foundation,Data Analyst,CSBS,Theory-focused
S00375,Manoj Nair,Male,19,CSE,3,5.05,59.7,19,C|Hardware Design|Cloud Computing,C,Algorithms,Algorithms,OS Scheduler Simulation,,Software Engineer,CSE,Hands-on Labs
S00376,Ritu Das,Male,20,CSBS,5,8.61,93.0,49,Algorithms|C|DBMS|Data Structures|Frontend Development|Hardware Design|JavaScript|Operating Systems|Python|Software Engineering|Software Testing|Web Development,C|JavaScript|Python,Data,Data,,Google Business Analytics Certificate,Business Intelligence Analyst,CSBS,Project-based
S00377,Ritu Verma,Female,20,IOT,3,7.22,77.9,23,Algorithms|C|Data Structures|Hardware Design|Python|Statistics,C|Python,IoT,IoT,Weather Monitoring IoT Node|Smart Home Automation,IoT Fundamentals (Cisco),Firmware Engineer,IOT,Self-paced Online
S00378,Prakash Verma,Female,22,CYSEC,7,7.55,81.3,66,Algorithms|C|Cryptography|Cyber Security|Data Structures|Frontend Development|Java|Machine Learning|Python|SQL|Software Engineering|Software Testing|Statistics|Web Development,C|Java|Python,Data Engineering,Data Engineering,Secure File Sharing System|Phishing Detection Tool,,Cybersecurity Analyst,CYSEC,Self-paced Online
S00379,Divya Nair,Female,21,CYSEC,6,7.09,76.6,56,Algorithms|Business Analytics|C|Cryptography|Data Structures|Frontend Development|JavaScript|Networking|Operating Systems|Python|SQL|Software Testing|Statistics|Web Development,C|JavaScript|Python,Cryptography,Cryptography,Phishing Detection Tool,Certified Ethical Hacker (CEH) - Foundation,Penetration Tester,AIDS,Project-based
S00380,Aravind Subramaniam,Female,20,CYSEC,5,7.86,83.9,49,Algorithms|DBMS|Data Structures|Frontend Development|Hardware Design|JavaScript|Networking|Operating Systems|Python|SQL|Software Engineering|Statistics|Web Development|Deep Learning,JavaScript|Python,AI,AI,Phishing Detection Tool|Secure File Sharing System,,Cybersecurity Analyst,AIML,Project-based
S00381,Lakshmi Sharma,Female,19,CSE,3,6.39,70.8,23,C|Data Structures|Hardware Design|Python|Statistics,C|Python,Systems,Systems,OS Scheduler Simulation|Compiler Mini-Project,DSA Specialization,Database Administrator,CSE,Project-based
S00382,Kavya Krishnan,Female,21,CSE,5,8.86,94.3,49,Algorithms|DBMS|Data Structures|Frontend Development|Hardware Design|Java|JavaScript|Networking|Operating Systems|Python|SQL|Software Engineering|Software Testing|Statistics|Web Development,Java|JavaScript|Python,Security,Security,,,DevOps Engineer,CSE,Theory-focused
S00383,Arjun Sharma,Female,20,CSE,6,7.55,81.7,62,Algorithms|C|Cyber Security|DBMS|Data Structures|Embedded Systems|Frontend Development|Hardware Design|Java|JavaScript|Networking|Operating Systems|Python|SQL|Software Engineering|Software Testing|Statistics|Web Development,C|Java|JavaScript|Python,Software Engineering,Software Engineering,Compiler Mini-Project|OS Scheduler Simulation,Java Programming Certificate|DSA Specialization,Product Manager (Tech),CSE,Hands-on Labs
S00384,Kavya Reddy,Female,20,AIML,5,6.41,70.9,49,Algorithms|C|DBMS|Data Structures|Frontend Development|Hardware Design|Java|JavaScript|Operating Systems|Python|SQL|Software Engineering|Software Testing|Web Development,C|Java|JavaScript|Python,AI,AI,Chatbot using Transformers|Sentiment Analysis Tool,,Data Engineer,CSE,Theory-focused
S00385,Lakshmi Singh,Female,19,CSE,3,6.13,68.3,23,Algorithms|C|Data Structures|Hardware Design|Statistics,C,Algorithms,Algorithms,E-commerce Web App,Java Programming Certificate,Data Analyst,CSE,Mentor-guided
S00386,Prakash Verma,Male,19,IT,4,3.07,49.4,28,Algorithms|C|DBMS|Hardware Design|Java|Python|SQL|Software Engineering|Statistics,C|Java|Python,Networking,Networking,,CompTIA Network+|AWS Cloud Practitioner,Computer Vision Engineer,IT,Hands-on Labs
S00387,Manoj Das,Male,21,IT,8,5.38,62.5,79,Algorithms|Backend Development|DBMS|Data Analytics|Data Engineering|Data Structures|Deep Learning|Distributed Systems|Hardware Design|Java|Machine Learning|Networking|Operating Systems|SQL|Software Engineering|Software Testing|Web Development,Java,Cloud,Cloud,Network Monitoring Tool,CompTIA Network+,Backend Developer,IT,Project-based
S00388,Pooja Iyer,Male,21,AIML,8,6.99,75.0,89,Algorithms|Business Analytics|C|Cloud Computing|Computer Vision|Cyber Security|DBMS|Data Analytics|Data Engineering|Data Structures|Deep Learning|Embedded Systems|Frontend Development|Hardware Design|IoT|Java|JavaScript|Networking|Operating Systems|Python|SQL|Software Engineering|Software Testing|Statistics|Web Development,C|Java|JavaScript|Python,Machine Learning,Machine Learning,Chatbot using Transformers|Sentiment Analysis Tool,,Data Scientist,AIML,Hands-on Labs
S00389,Kavya Bose,Female,21,CSE,5,8.63,92.8,49,Data Structures|Frontend Development|Hardware Design|Java|JavaScript|Networking|Operating Systems|Python|SQL|Software Engineering|Statistics|Web Development,Java|JavaScript|Python,Algorithms,Algorithms,Compiler Mini-Project|E-commerce Web App,Java Programming Certificate,Backend Developer,CSE,Theory-focused
S00390,Karthik Subramaniam,Male,19,AIDS,3,7.78,84.3,23,Data Structures|Hardware Design|Statistics|DevOps,C++,Machine Learning,Machine Learning,Customer Segmentation Analysis|ETL Pipeline for Retail Data|Sales Forecasting Dashboard,,Data Analyst,AIDS,Theory-focused
S00391,Nisha Raman,Female,21,AIML,5,7.0,75.3,49,C|DBMS|Hardware Design|Networking|Operating Systems|SQL|Software Engineering|Software Testing|Statistics|Web Development,C,AI,AI,Image Classification Model|Sentiment Analysis Tool,,Computer Vision Engineer,IT,Project-based
S00392,Rahul Krishnan,Male,19,CSE,3,5.8,65.2,20,Algorithms|C|Data Structures,C,Algorithms,Algorithms,,DSA Specialization|Java Programming Certificate,Database Administrator,CSE,Theory-focused
S00393,Ritu Pillai,Female,19,AIML,3,9.0,97.7,23,Algorithms|C|Hardware Design|Python|Statistics,C|Python,Machine Learning,Machine Learning,Sentiment Analysis Tool|Chatbot using Transformers|Image Classification Model,,Machine Learning Engineer,AIML,Self-paced Online
S00394,Deepa Pillai,Male,20,CYSEC,3,7.91,81.7,23,Algorithms|C|Data Structures|Hardware Design|Statistics,C,Cryptography,Cryptography,Phishing Detection Tool|Secure File Sharing System,CompTIA Security+|Certified Ethical Hacker (CEH) - Foundation,Security Architect,CYSEC,Self-paced Online
S00395,Rohan Singh,Male,19,CSE,3,8.87,95.2,23,Algorithms|C|Data Structures|Hardware Design|Statistics,C,Software Engineering,Software Engineering,OS Scheduler Simulation|Compiler Mini-Project,,DevOps Engineer,CSE,Hands-on Labs
S00396,Priya Raman,Female,21,CSE,8,7.96,84.4,70,Backend Development|Cloud Computing|Data Structures|DevOps|Distributed Systems|Hardware Design|Java|Networking|Python|SQL|Software Engineering|Software Testing|Statistics|Web Development|Business Analytics,Java|Python,Systems,Systems,OS Scheduler Simulation,,Business Systems Analyst,CSE,Self-paced Online
S00397,Kavya Verma,Male,20,CSE,5,7.47,81.0,49,Algorithms|C|DBMS|Data Structures|Frontend Development|Hardware Design|Java|JavaScript|Networking|SQL|Software Engineering|Software Testing|Statistics|Web Development,C|Java|JavaScript,Programming,Programming,,,Database Administrator,CSE,Hands-on Labs
S00398,Suresh Chandran,Male,21,IT,7,6.97,75.5,71,Backend Development|C|Cryptography|Cyber Security|Data Engineering|Data Structures|Frontend Development|Hardware Design|Java|JavaScript|Networking|Operating Systems|Statistics|Web Development|DevOps,C|Java|JavaScript,Web Systems,Web Systems,Cloud-hosted Inventory System,,Backend Developer,IT,Theory-focused
S00399,Swathi Reddy,Male,22,AIML,7,8.68,93.1,76,C|Cloud Computing|Cyber Security|Data Analytics|Data Engineering|Data Structures|DevOps|Hardware Design|JavaScript|Networking|SQL|Software Engineering|Software Testing|Statistics,C|JavaScript,AI,AI,Image Classification Model|Sentiment Analysis Tool,Deep Learning Specialization,Robotics Engineer,AIML,Hands-on Labs
S00400,Meera Pillai,Female,21,AIDS,6,7.21,77.2,57,Algorithms|C|DBMS|Data Analytics|JavaScript|Machine Learning|Networking|Operating Systems|Python|SQL|Software Testing|Statistics|Web Development,C|JavaScript|Python,Systems,Systems,Customer Segmentation Analysis,Google Data Analytics Certificate|IBM Data Science Certificate,Data Engineer,AIDS,Mentor-guided
S00401,Swathi Bose,Male,22,AIDS,7,6.01,66.9,68,Algorithms|C|Cloud Computing|DBMS|Data Engineering|Data Structures|Frontend Development|Java|JavaScript|Machine Learning|Networking|Operating Systems|Python|SQL|Software Testing|Statistics|Web Development,C|Java|JavaScript|Python,Data Science,Data Science,Customer Segmentation Analysis|ETL Pipeline for Retail Data,,Computer Vision Engineer,CSBS,Mentor-guided
S00402,Kiran Mehta,Male,20,CSBS,3,6.57,71.3,23,Algorithms|C|Data Structures|Hardware Design|Python|Statistics,C|Python,Management,Management,Market Trend Predictor,,Data Analyst,CSBS,Mentor-guided
S00403,Rahul Krishnan,Female,19,IOT,4,7.65,81.8,34,Algorithms|C|Data Structures|Frontend Development|Hardware Design|Java|JavaScript|Python|SQL|Statistics,C|Java|JavaScript|Python,Networking,Networking,Wearable Health Tracker,Embedded Systems Certificate,Backend Developer,IOT,Self-paced Online
S00404,Divya Das,Male,20,IT,5,6.35,67.6,49,Algorithms|C|DBMS|Data Structures|Frontend Development|Hardware Design|Java|JavaScript|Networking|Python|SQL|Software Engineering|Software Testing|Statistics|Web Development|Business Analytics,C|Java|JavaScript|Python,Web Systems,Web Systems,Network Monitoring Tool|Enterprise CRM App,AWS Cloud Practitioner|CompTIA Network+,IT Support Engineer,IT,Self-paced Online
S00405,Sneha Nair,Male,20,AIDS,6,7.11,75.6,57,Algorithms|Data Analytics|Data Structures|Frontend Development|Java|JavaScript|Machine Learning|Networking|Operating Systems|Python|Software Engineering|Statistics|Web Development|DevOps,Java|JavaScript|Python,Data Science,Data Science,ETL Pipeline for Retail Data,,Software Engineer,AIDS,Mentor-guided
S00406,Gokul Iyer,Male,20,CSE,6,7.21,78.3,58,Algorithms|Business Analytics|Cyber Security|DBMS|Data Structures|Frontend Development|Hardware Design|Java|JavaScript|Networking|Operating Systems|SQL|Software Testing|Statistics|Web Development,Java|JavaScript,Programming,Programming,Compiler Mini-Project|OS Scheduler Simulation,Java Programming Certificate,Database Administrator,AIDS,Project-based
S00407,Divya Raman,Male,20,CSE,3,6.52,69.5,23,Algorithms|Data Structures|Hardware Design|Statistics|Python,Python,Web Systems,Web Systems,E-commerce Web App|Compiler Mini-Project,DSA Specialization|Java Programming Certificate,Backend Developer,CSE,Mentor-guided
S00408,Meera Nair,Male,22,CSBS,7,4.12,55.3,69,Algorithms|Business Analytics|C|Cryptography|DBMS|Data Analytics|Data Structures|Frontend Development|Java|Machine Learning|Networking|Operating Systems|Software Engineering|Statistics,C|Java,Business Analytics,Business Analytics,,,IT Consultant,AIDS,Mentor-guided
S00409,Anjali Raman,Male,20,CYSEC,5,4.98,59.4,49,Algorithms|C|DBMS|Data Structures|Frontend Development|Hardware Design|Java|Networking|Operating Systems|Python|SQL|Software Engineering|Software Testing|Statistics|Web Development,C|Java|Python,Deep Learning,Deep Learning,Vulnerability Scanner,CompTIA Security+,Security Architect,CYSEC,Theory-focused
S00410,Pooja Sharma,Male,20,IOT,3,4.43,59.5,23,Algorithms|C|Data Structures|Hardware Design|Python,C|Python,Databases,Databases,Wearable Health Tracker|Smart Home Automation,IoT Fundamentals (Cisco),Firmware Engineer,IOT,Self-paced Online
S00411,Kiran Rao,Female,20,CSBS,5,8.71,93.6,49,Algorithms|C|DBMS|Data Structures|Hardware Design|Java|JavaScript|Networking|Operating Systems|Python|SQL|Software Engineering|Software Testing|Web Development,C|Java|JavaScript|Python,Software,Software,ERP Dashboard for SMEs,Google Business Analytics Certificate,Systems Engineer,CSBS,Project-based
S00412,Suresh Subramaniam,Female,22,AIDS,8,6.35,69.5,60,Backend Development|C|Cloud Computing|Data Analytics|Data Engineering|Data Structures|Distributed Systems|Hardware Design|Java|JavaScript|Networking|Python|SQL|Software Testing|Web Development,C|Java|JavaScript|Python,Data Engineering,Data Engineering,,IBM Data Science Certificate,Data Analyst,AIDS,Project-based
S00413,Karthik Krishnan,Male,21,CSBS,5,7.49,81.4,49,Algorithms|C|DBMS|Data Structures|Java|JavaScript|Networking|Python|Software Engineering|Software Testing|Statistics|Web Development,C|Java|JavaScript|Python,Management,Management,Market Trend Predictor|Business Analytics Report Tool,Google Business Analytics Certificate,Data Analyst,CSBS,Project-based
S00414,Rahul Verma,Female,19,CSBS,3,4.91,61.3,23,Algorithms|C|Data Structures|Python,C|Python,Data,Data,Business Analytics Report Tool,PMP Foundation,Software Architect,CSBS,Self-paced Online
S00415,Ritu Krishnan,Female,20,IT,6,6.43,71.3,51,Algorithms|C|DBMS|DevOps|Frontend Development|Hardware Design|Java|JavaScript|Networking|Python|SQL|Software Engineering|Software Testing|Statistics|Web Development,C|Java|JavaScript|Python,Databases,Databases,Cloud-hosted Inventory System|Network Monitoring Tool,CompTIA Network+,NLP Engineer,IT,Project-based
S00416,Nisha Mehta,Female,22,IT,8,7.44,79.3,78,Algorithms|Backend Development|Business Analytics|C|Cloud Computing|Cyber Security|DBMS|Data Engineering|Data Structures|Frontend Development|Hardware Design|IoT|Java|JavaScript|NLP|Networking|Operating Systems|Python|SQL|Software Engineering|Software Testing|Statistics|Web Development|C++,C|C++|Java|JavaScript|Python,Databases,Databases,Network Monitoring Tool|Cloud-hosted Inventory System|Enterprise CRM App,,NLP Engineer,IOT,Theory-focused
S00417,Harish Raman,Male,19,CSE,4,7.35,78.0,34,C|DBMS|Data Structures|Frontend Development|Hardware Design|Python|SQL|Statistics,C|Python,Programming,Programming,OS Scheduler Simulation|Compiler Mini-Project,Java Programming Certificate,Database Administrator,IOT,Mentor-guided
S00418,Arjun Das,Male,21,AIML,8,8.12,87.0,67,C|Computer Vision|Cryptography|Cyber Security|Data Structures|Deep Learning|Embedded Systems|Java|JavaScript|Machine Learning|NLP|Networking|Operating Systems|Python|Software Engineering|Software Testing|Statistics|Web Development,C|Java|JavaScript|Python,Deep Learning,Deep Learning,Sentiment Analysis Tool|Chatbot using Transformers|Image Classification Model,,Computer Vision Engineer,AIML,Mentor-guided
S00419,Prakash Iyer,Female,21,AIDS,5,8.43,90.5,49,C|DBMS|Data Structures|Hardware Design|Java|JavaScript|Networking|Operating Systems|Python|SQL|Software Engineering|Software Testing|Statistics|Web Development,C|Java|JavaScript|Python,Data Engineering,Data Engineering,ETL Pipeline for Retail Data|Customer Segmentation Analysis,IBM Data Science Certificate,Data Analyst,AIML,Hands-on Labs
S00420,Kavya Gupta,Male,19,CSE,4,4.35,56.6,34,Algorithms|C|DBMS|Data Structures|Frontend Development|Hardware Design|Java|Python|SQL|Software Engineering|Statistics|Web Development,C|Java|Python,Software Engineering,Software Engineering,E-commerce Web App,Java Programming Certificate,Software Architect,CSE,Theory-focused
S00421,Shreya Bose,Female,19,IOT,4,4.44,57.6,34,DBMS|Frontend Development|Hardware Design|Java|SQL|Statistics|Web Development|Software Engineering,Java,Embedded Systems,Embedded Systems,Wearable Health Tracker,,IoT Solutions Engineer,IOT,Theory-focused
S00422,Kavya Rao,Male,19,CYSEC,3,8.74,95.4,23,Algorithms|Data Structures|Hardware Design|Python|Statistics,Python,Security,Security,Secure File Sharing System|Vulnerability Scanner,,Network Administrator,CYSEC,Project-based
S00423,Prakash Kumar,Female,20,IOT,5,7.12,77.1,49,Algorithms|C|DBMS|Data Structures|Hardware Design|JavaScript|Networking|Operating Systems|Python|SQL|Software Engineering|Software Testing|Web Development,C|JavaScript|Python,Systems,Systems,Wearable Health Tracker|Smart Home Automation,,Systems Engineer,IOT,Mentor-guided
S00424,Meera Bose,Female,21,AIML,7,4.75,58.7,67,Algorithms|C|Cloud Computing|Cyber Security|DBMS|Data Engineering|Data Structures|Hardware Design|Java|JavaScript|Machine Learning|SQL|Software Engineering|Software Testing|Web Development,C|Java|JavaScript,Machine Learning,Machine Learning,Sentiment Analysis Tool,Deep Learning Specialization,Computer Vision Engineer,AIML,Mentor-guided
S00425,Meera Reddy,Female,19,AIDS,4,8.59,94.0,34,Algorithms|DBMS|Frontend Development|Hardware Design|Java|JavaScript|SQL|Software Engineering|Web Development|Backend Development,Java|JavaScript,Data Science,Data Science,Customer Segmentation Analysis|Sales Forecasting Dashboard,,Data Analyst,AIDS,Theory-focused
S00426,Aditi Pillai,Female,19,CSE,3,7.87,85.9,23,Algorithms|Data Structures|Python|Statistics,Python,Algorithms,Algorithms,E-commerce Web App,,DevOps Engineer,CSE,Mentor-guided
S00427,Deepa Pillai,Male,22,CSE,7,6.3,69.5,77,Algorithms|Business Analytics|C|Cyber Security|Data Engineering|Data Structures|Deep Learning|DevOps|Distributed Systems|Embedded Systems|Ethical Hacking|Hardware Design|Java|JavaScript|Machine Learning|Networking|Python|SQL|Software Engineering|Software Testing|Statistics|Web Development,C|Java|JavaScript|Python,Software,Software,Compiler Mini-Project|OS Scheduler Simulation,Java Programming Certificate,Network Administrator,IT,Mentor-guided
S00428,Arjun Krishnan,Male,21,CYSEC,7,8.9,97.4,62,Cryptography|Cyber Security|DBMS|Data Structures|Ethical Hacking|Frontend Development|Hardware Design|IoT|JavaScript|Operating Systems|Python|SQL|Software Engineering|Software Testing|Statistics|Web Development,JavaScript|Python,Algorithms,Algorithms,Phishing Detection Tool|Vulnerability Scanner,CompTIA Security+,SOC Analyst,CYSEC,Project-based
S00429,Anjali Nair,Female,22,IT,8,6.05,68.8,83,Algorithms|Backend Development|C|DBMS|Data Structures|Deep Learning|Hardware Design|Java|JavaScript|NLP|Networking|Operating Systems|Python|SQL|Software Testing|Statistics|Web Development,C|Java|JavaScript|Python,Data Science,Data Science,Enterprise CRM App,CompTIA Network+,IT Support Engineer,IT,Project-based
S00430,Manoj Kumar,Female,19,AIML,3,7.43,79.9,23,Algorithms|C|Data Structures|Hardware Design|Python|Statistics|NLP,C|Python,Data,Data,Sentiment Analysis Tool,Deep Learning Specialization|TensorFlow Developer Certificate,Machine Learning Engineer,AIML,Project-based
S00431,Priya Menon,Male,21,AIDS,8,7.94,84.7,78,Algorithms|Business Analytics|C|DBMS|Data Analytics|Data Engineering|Embedded Systems|Frontend Development|Java|JavaScript|Machine Learning|Networking|Operating Systems|Python|Software Testing,C|Java|JavaScript|Python,Statistics,Statistics,ETL Pipeline for Retail Data|Customer Segmentation Analysis,IBM Data Science Certificate,Business Intelligence Analyst,AIDS,Mentor-guided
S00432,Naveen Raman,Male,21,AIML,5,7.1,76.4,49,C|DBMS|Frontend Development|Hardware Design|Java|JavaScript|Python|SQL|Software Engineering|Software Testing|Web Development,C|Java|JavaScript|Python,Machine Learning,Machine Learning,Chatbot using Transformers|Sentiment Analysis Tool|Image Classification Model,Deep Learning Specialization,Data Scientist,CSBS,Self-paced Online
S00433,Ritu Krishnan,Female,19,CSE,3,8.43,90.2,23,Algorithms|C|Hardware Design|Python|Statistics,C|Python,Algorithms,Algorithms,Compiler Mini-Project,,DevOps Engineer,CSE,Project-based
S00434,Rohan Sharma,Male,20,AIDS,5,7.31,79.5,49,Algorithms|C|DBMS|Data Structures|Hardware Design|Java|JavaScript|Networking|Operating Systems|SQL|Software Engineering|Statistics,C|Java|JavaScript,Management,Management,ETL Pipeline for Retail Data,,Data Scientist,AIDS,Theory-focused
S00435,Deepa Raman,Male,20,AIDS,6,8.2,89.0,66,Algorithms|C|Cloud Computing|DBMS|Data Analytics|Data Structures|DevOps|Embedded Systems|Frontend Development|Java|JavaScript|Machine Learning|Operating Systems|Python|SQL|Software Engineering|Software Testing,C|Java|JavaScript|Python,Data Engineering,Data Engineering,,Google Data Analytics Certificate,Data Scientist,AIDS,Self-paced Online
S00436,Rohan Das,Female,20,CSE,6,5.13,62.6,55,Algorithms|C|DBMS|Data Structures|Frontend Development|Hardware Design|Java|JavaScript|Networking|Operating Systems|Python|SQL|Software Engineering|Software Testing|Statistics,C|Java|JavaScript|Python,Systems,Systems,E-commerce Web App|Compiler Mini-Project,DSA Specialization|Java Programming Certificate,Business Systems Analyst,CSE,Hands-on Labs
S00437,Nisha Verma,Male,20,IOT,3,5.61,64.5,23,Algorithms|C|Data Structures|Statistics|Software Engineering,C,Networking,Networking,Wearable Health Tracker,,Embedded Systems Engineer,IOT,Hands-on Labs
S00438,Sneha Krishnan,Male,20,CSBS,3,9.0,94.5,20,Algorithms|C|Data Structures|Statistics,C,Management,Management,Market Trend Predictor|Business Analytics Report Tool|ERP Dashboard for SMEs,,Data Analyst,CSBS,Self-paced Online
S00439,Manoj Varma,Female,21,IT,7,7.41,78.1,78,Algorithms|Backend Development|Cloud Computing|Cyber Security|Data Analytics|Data Structures|DevOps|Distributed Systems|Embedded Systems|Hardware Design|IoT|Java|Networking|Operating Systems|Python|SQL|Software Engineering|Software Testing|Statistics|Web Development,Java|Python,Databases,Databases,Network Monitoring Tool,AWS Cloud Practitioner,Software Engineer,IT,Theory-focused
S00440,Sanjay Gupta,Male,21,AIDS,6,7.67,82.2,64,Algorithms|C|Cloud Computing|DBMS|Data Analytics|Data Structures|Frontend Development|Hardware Design|Java|Networking|Python|Software Engineering|Software Testing|Statistics|Web Development,C|Java|Python,Machine Learning,Machine Learning,Sales Forecasting Dashboard,,Data Engineer,AIDS,Hands-on Labs
S00441,Rahul Reddy,Male,21,CSBS,5,8.37,89.2,49,Algorithms|C|DBMS|Data Structures|Frontend Development|Java|JavaScript|Networking|Operating Systems|Python|Web Development,C|Java|JavaScript|Python,Business Analytics,Business Analytics,ERP Dashboard for SMEs|Business Analytics Report Tool,,Business Intelligence Analyst,IT,Mentor-guided
S00442,Gokul Das,Male,20,CSE,6,8.48,88.9,54,Algorithms|Business Analytics|C|DBMS|Data Analytics|Data Structures|Frontend Development|Hardware Design|Java|JavaScript|Python|SQL|Software Testing|Web Development|Networking,C|Java|JavaScript|Python,IoT,IoT,E-commerce Web App,Java Programming Certificate,Software Engineer,CSE,Theory-focused
S00443,Meera Varma,Male,21,AIML,6,7.07,75.5,55,Algorithms|Business Analytics|C|Cloud Computing|Data Analytics|Data Structures|Hardware Design|JavaScript|Networking|Operating Systems|Python|SQL|Software Testing|Web Development,C|JavaScript|Python,Machine Learning,Machine Learning,Sentiment Analysis Tool,TensorFlow Developer Certificate|Deep Learning Specialization,Robotics Engineer,AIML,Mentor-guided
S00444,Aditi Varma,Female,20,IOT,3,6.35,68.1,23,Algorithms|C|Hardware Design|Python|Statistics,C|Python,Embedded Systems,Embedded Systems,Weather Monitoring IoT Node|Smart Home Automation,,Embedded Systems Engineer,IOT,Hands-on Labs
S00445,Karthik Iyer,Male,19,IOT,4,7.59,81.7,34,Algorithms|C|DBMS|Hardware Design|Java|SQL|Software Engineering|Statistics|Web Development,C|Java,Data,Data,Smart Home Automation,,Embedded Systems Engineer,IOT,Theory-focused
S00446,Arjun Varma,Female,21,AIDS,7,7.11,76.0,73,Algorithms|Business Analytics|C|Cloud Computing|Cyber Security|DBMS|Data Analytics|Data Engineering|Data Structures|Frontend Development|Hardware Design|Java|JavaScript|Networking|Operating Systems|Python|SQL|Software Engineering|Statistics|Web Development,C|Java|JavaScript|Python,Machine Learning,Machine Learning,ETL Pipeline for Retail Data,IBM Data Science Certificate,Data Scientist,CSE,Self-paced Online
S00447,Vikram Subramaniam,Female,20,CSBS,4,8.12,88.4,34,Algorithms|C|DBMS|Data Structures|Java|JavaScript|Software Engineering|Web Development,C|Java|JavaScript,Business Analytics,Business Analytics,Market Trend Predictor|ERP Dashboard for SMEs,,IT Consultant,CSBS,Self-paced Online
S00448,Vikram Nair,Female,22,CYSEC,7,4.81,60.7,77,Algorithms|C|Cloud Computing|Cyber Security|Data Structures|DevOps|Ethical Hacking|Hardware Design|IoT|Java|Machine Learning|Networking|Operating Systems|Software Testing,C|Java,Security,Security,,,Penetration Tester,CYSEC,Theory-focused
S00449,Ritu Subramaniam,Male,21,CYSEC,5,6.69,71.9,49,Algorithms|C|DBMS|Data Structures|Frontend Development|Hardware Design|Java|JavaScript|Networking|Operating Systems|Python|SQL|Software Engineering|Software Testing|Statistics|Web Development,C|Java|JavaScript|Python,Systems,Systems,Vulnerability Scanner|Phishing Detection Tool,,Security Architect,CYSEC,Self-paced Online
S00450,Ananya Sharma,Male,19,AIDS,3,7.65,81.8,20,C|Hardware Design,C,Data Science,Data Science,ETL Pipeline for Retail Data|Customer Segmentation Analysis|Sales Forecasting Dashboard,,Machine Learning Engineer,AIDS,Hands-on Labs
S00451,Divya Krishnan,Male,19,AIML,4,8.91,96.9,34,Algorithms|C|DBMS|Data Structures|Frontend Development|Hardware Design|Java|JavaScript|Python|SQL|Statistics,C|Java|JavaScript|Python,Management,Management,Sentiment Analysis Tool,TensorFlow Developer Certificate,Machine Learning Engineer,AIML,Theory-focused
S00452,Aravind Patel,Female,21,AIML,5,6.35,69.1,49,Algorithms|C|DBMS|Data Structures|Frontend Development|Hardware Design|JavaScript|Networking|Operating Systems|Python|SQL|Software Engineering|Software Testing|Statistics|Web Development,C|JavaScript|Python,Machine Learning,Machine Learning,Sentiment Analysis Tool|Chatbot using Transformers,TensorFlow Developer Certificate,Computer Vision Engineer,AIML,Mentor-guided
S00453,Ananya Krishnan,Male,20,AIML,4,8.47,92.8,30,Algorithms|Data Structures|Frontend Development|Hardware Design|Java|JavaScript|SQL|Software Engineering|Statistics|Web Development,Java|JavaScript,AI,AI,Sentiment Analysis Tool|Chatbot using Transformers,,Database Administrator,AIML,Theory-focused
S00454,Gokul Pillai,Female,20,IT,5,8.41,90.1,46,Algorithms|C|DBMS|Data Structures|Frontend Development|Java|JavaScript|Operating Systems|Python|SQL|Software Engineering|Software Testing|Statistics|Web Development,C|Java|JavaScript|Python,Databases,Databases,,CompTIA Network+,Software Engineer,IT,Self-paced Online
S00455,Harish Varma,Female,21,AIML,8,3.24,50.3,55,Algorithms|C|Cloud Computing|Cyber Security|Data Structures|Deep Learning|DevOps|Frontend Development|Hardware Design|Java|NLP|Networking|Operating Systems|Python|Software Testing|Statistics|Web Development,C|Java|Python,Programming,Programming,,,Computer Vision Engineer,AIML,Hands-on Labs
S00456,Naveen Subramaniam,Female,19,CSE,4,9.0,99.8,30,C|DBMS|Data Structures|JavaScript|Python|Software Engineering|Statistics|Web Development,C|JavaScript|Python,Systems,Systems,E-commerce Web App,,DevOps Engineer,IT,Self-paced Online
S00457,Vikram Das,Female,19,AIML,4,8.4,89.7,30,Frontend Development|Hardware Design|JavaScript|Python|SQL|Software Engineering,JavaScript|Python,Statistics,Statistics,Sentiment Analysis Tool,TensorFlow Developer Certificate,Machine Learning Engineer,AIDS,Project-based
S00458,Prakash Bose,Female,21,IT,7,8.96,97.6,71,Algorithms|Backend Development|C|DBMS|Data Engineering|Data Structures|DevOps|Frontend Development|Java|JavaScript|Networking|Operating Systems|SQL|Statistics,C|Java|JavaScript,Networking,Networking,Cloud-hosted Inventory System,,Data Engineer,IT,Theory-focused
S00459,Naveen Mehta,Female,20,CYSEC,6,7.92,84.6,52,Algorithms|Cryptography|DBMS|Frontend Development|Hardware Design|Java|Networking|Operating Systems|Python|Software Engineering|Software Testing|Statistics|Web Development,Java|Python,Networking,Networking,Vulnerability Scanner,CompTIA Security+,Cybersecurity Analyst,CYSEC,Hands-on Labs
S00460,Manoj Gupta,Male,21,AIML,8,7.36,79.1,87,Algorithms|C|Cloud Computing|Computer Vision|Data Engineering|Data Structures|Deep Learning|Hardware Design|Java|JavaScript|Machine Learning|NLP|Networking|Operating Systems|Python|SQL|Software Testing|Statistics|Web Development,C|Java|JavaScript|Python,Statistics,Statistics,Image Classification Model,,Data Engineer,AIML,Self-paced Online
S00461,Rohan Reddy,Female,21,CSE,8,5.5,64.6,86,Algorithms|Business Analytics|Cloud Computing|Cryptography|DBMS|Data Analytics|Data Engineering|Data Structures|DevOps|Distributed Systems|Frontend Development|Hardware Design|Java|JavaScript|Machine Learning|Networking|Operating Systems|Python|SQL|Software Engineering|Software Testing|Statistics|Web Development,Java|JavaScript|Python,Deep Learning,Deep Learning,Compiler Mini-Project,Java Programming Certificate,Software Architect,CSE,Hands-on Labs
S00462,Suresh Krishnan,Female,20,AIDS,4,6.33,70.0,30,C|Data Structures|Frontend Development|Hardware Design|JavaScript|Python|SQL|Statistics|Web Development,C|JavaScript|Python,Machine Learning,Machine Learning,Sales Forecasting Dashboard,,Database Administrator,AIDS,Theory-focused
S00463,Swathi Mehta,Female,20,AIML,4,7.16,79.6,31,DBMS|Data Structures|Hardware Design|Java|Python|SQL|Software Engineering,Java|Python,Statistics,Statistics,Chatbot using Transformers|Sentiment Analysis Tool,,NLP Engineer,AIML,Self-paced Online
S00464,Pooja Varma,Male,21,AIML,6,8.35,90.8,62,Algorithms|C|Data Structures|Embedded Systems|Frontend Development|Hardware Design|Java|JavaScript|Networking|Operating Systems|Python|SQL|Software Testing|Statistics|Web Development,C|Java|JavaScript|Python,Systems,Systems,Image Classification Model,,NLP Engineer,AIML,Theory-focused
S00465,Naveen Varma,Female,19,IT,4,6.38,68.9,34,Algorithms|DBMS|Hardware Design|JavaScript|SQL|Software Engineering|Statistics|Web Development,JavaScript,Web Systems,Web Systems,Enterprise CRM App,CompTIA Network+,Systems Engineer,IT,Project-based
S00466,Deepa Sharma,Female,20,CSE,6,6.85,73.1,61,Algorithms|Business Analytics|Data Analytics|Frontend Development|Hardware Design|Java|JavaScript|Networking|Operating Systems|Python|SQL|Software Engineering|Statistics|Web Development,Java|JavaScript|Python,IoT,IoT,OS Scheduler Simulation,Java Programming Certificate,Cloud Engineer,CSE,Self-paced Online
S00467,Deepa Chandran,Male,21,CSE,5,6.2,69.0,49,Algorithms|C|DBMS|Data Structures|Frontend Development|Java|JavaScript|Networking|Operating Systems|Python|Software Testing|Web Development,C|Java|JavaScript|Python,Programming,Programming,Compiler Mini-Project|E-commerce Web App|OS Scheduler Simulation,DSA Specialization|Java Programming Certificate,AI Research Engineer,CSE,Self-paced Online
S00468,Harish Gupta,Female,20,AIDS,4,7.65,82.7,34,Algorithms|DBMS|Data Structures|Frontend Development|Hardware Design|Java|JavaScript|SQL|Statistics,Java|JavaScript,Data Science,Data Science,Customer Segmentation Analysis|ETL Pipeline for Retail Data|Sales Forecasting Dashboard,IBM Data Science Certificate,Machine Learning Engineer,AIDS,Mentor-guided
S00469,Gokul Raman,Male,20,IOT,5,7.12,77.7,49,Algorithms|C|DBMS|Data Structures|Frontend Development|Hardware Design|Java|JavaScript|Networking|Operating Systems|Python|SQL|Software Engineering|Software Testing|Statistics,C|Java|JavaScript|Python,Embedded Systems,Embedded Systems,Wearable Health Tracker|Smart Home Automation,,Firmware Engineer,AIML,Project-based
S00470,Sneha Reddy,Female,20,CSE,6,8.54,90.4,57,Algorithms|Business Analytics|C|Cryptography|DBMS|Data Structures|Frontend Development|Hardware Design|Java|JavaScript|Networking|Operating Systems|Python|SQL|Software Engineering|Software Testing|Web Development,C|Java|JavaScript|Python,Software Engineering,Software Engineering,E-commerce Web App|OS Scheduler Simulation,,Software Engineer,AIDS,Mentor-guided
S00471,Rahul Varma,Male,21,IOT,6,6.84,74.7,57,C|Cloud Computing|Cyber Security|DBMS|Data Structures|DevOps|Embedded Systems|Hardware Design|Java|JavaScript|Networking|Operating Systems|SQL|Software Testing|Statistics|Web Development,C|Java|JavaScript,IoT,IoT,Weather Monitoring IoT Node,,IoT Solutions Engineer,IOT,Project-based
S00472,Arjun Raman,Female,20,AIML,3,6.96,75.9,23,Algorithms|C|Hardware Design|Python|Statistics|DevOps,C|Python,Deep Learning,Deep Learning,Image Classification Model,Deep Learning Specialization|TensorFlow Developer Certificate,NLP Engineer,AIML,Hands-on Labs
S00473,Pooja Varma,Male,20,IT,4,5.7,64.8,30,Algorithms|C|DBMS|Frontend Development|Hardware Design|JavaScript|Python|SQL|Software Engineering|Statistics,C|JavaScript|Python,Cloud,Cloud,Enterprise CRM App|Cloud-hosted Inventory System,CompTIA Network+,IT Support Engineer,IT,Hands-on Labs
S00474,Ritu Reddy,Female,19,CYSEC,4,6.53,70.1,34,Algorithms|C|DBMS|Data Structures|Frontend Development|Hardware Design|Python|SQL|Software Engineering|Statistics|Web Development,C|Python,IoT,IoT,Vulnerability Scanner,,Network Administrator,CYSEC,Theory-focused
S00475,Rahul Chandran,Male,21,CYSEC,5,6.11,68.2,46,C|DBMS|Data Structures|Frontend Development|Java|JavaScript|Operating Systems|Python|SQL|Software Engineering|Statistics|Web Development,C|Java|JavaScript|Python,Security,Security,Phishing Detection Tool|Vulnerability Scanner|Secure File Sharing System,,Penetration Tester,CSBS,Self-paced Online
S00476,Priya Rao,Female,21,IT,5,7.24,78.2,49,Algorithms|C|DBMS|Data Structures|Java|JavaScript|Networking|Operating Systems|Python|SQL|Software Testing|Statistics|Web Development,C|Java|JavaScript|Python,Cloud,Cloud,Cloud-hosted Inventory System|Network Monitoring Tool,AWS Cloud Practitioner|CompTIA Network+,IT Consultant,IT,Project-based
S00477,Naveen Gupta,Male,19,IT,3,7.91,85.3,23,Algorithms|C|Data Structures|Hardware Design,C,Web Systems,Web Systems,,CompTIA Network+,Cloud Engineer,AIDS,Project-based
S00478,Meera Singh,Female,20,CSE,3,7.78,82.7,23,Algorithms|Data Structures|Hardware Design|Python|Statistics,Python,Software Engineering,Software Engineering,OS Scheduler Simulation,,Backend Developer,CSE,Hands-on Labs
S00479,Ritu Patel,Male,20,CSE,6,7.93,85.6,55,Algorithms|C|DBMS|Data Structures|Frontend Development|Java|JavaScript|Networking|Operating Systems|Python|Software Engineering|Embedded Systems,C|Java|JavaScript|Python,Algorithms,Algorithms,Compiler Mini-Project,DSA Specialization,Business Intelligence Analyst,CSE,Self-paced Online
S00480,Manoj Krishnan,Female,19,AIML,4,9.0,98.6,34,Algorithms|DBMS|Hardware Design|Java|JavaScript|Python|SQL|Software Engineering|Web Development,Java|JavaScript|Python,AI,AI,Sentiment Analysis Tool|Chatbot using Transformers,TensorFlow Developer Certificate,Data Scientist,AIML,Theory-focused
S00481,Rohan Nair,Female,20,IT,5,5.45,64.9,49,C|DBMS|Data Structures|Frontend Development|Java|JavaScript|Networking|Operating Systems|Python|Software Engineering|Statistics|Web Development,C|Java|JavaScript|Python,Web Systems,Web Systems,,,Systems Engineer,IT,Hands-on Labs
S00482,Vikram Subramaniam,Male,20,AIDS,6,8.81,94.7,67,Algorithms|Cloud Computing|Cryptography|Cyber Security|DBMS|Data Analytics|Data Structures|DevOps|Frontend Development|Hardware Design|Java|JavaScript|Networking|Operating Systems|SQL|Software Testing,Java|JavaScript,Data Science,Data Science,Customer Segmentation Analysis|ETL Pipeline for Retail Data,,Business Intelligence Analyst,IOT,Project-based
S00483,Gokul Pillai,Male,22,IT,8,7.63,81.3,75,Algorithms|Backend Development|Business Analytics|C|Data Analytics|Deep Learning|Frontend Development|Hardware Design|Java|Machine Learning|Networking|SQL|Software Engineering|Software Testing|Statistics|Web Development,C|Java,Databases,Databases,Enterprise CRM App,,Computer Vision Engineer,IT,Theory-focused
S00484,Kavya Singh,Female,20,AIML,3,8.87,96.9,23,Algorithms|C|Data Structures|Python|Statistics,C|Python,Networking,Networking,,Deep Learning Specialization,Machine Learning Engineer,AIML,Project-based
S00485,Gokul Gupta,Female,21,CSE,8,5.52,64.2,90,Algorithms|C|Cloud Computing|Cyber Security|DBMS|Data Engineering|Distributed Systems|Embedded Systems|Ethical Hacking|Frontend Development|Hardware Design|Java|JavaScript|Operating Systems|Python|SQL|Software Engineering|Software Testing|Statistics,C|Java|JavaScript|Python,Systems,Systems,Compiler Mini-Project|E-commerce Web App,,Cloud Engineer,CSE,Project-based
S00486,Nisha Rao,Male,19,AIML,4,5.5,63.7,34,Algorithms|C|DBMS|Data Structures|Java|JavaScript|Python|SQL|Software Engineering|Web Development,C|Java|JavaScript|Python,Machine Learning,Machine Learning,Sentiment Analysis Tool|Chatbot using Transformers,TensorFlow Developer Certificate,Robotics Engineer,CSBS,Theory-focused
S00487,Harish Nair,Male,20,CSE,5,7.29,78.0,49,Algorithms|DBMS|Data Structures|Frontend Development|Hardware Design|Java|JavaScript|Networking|Operating Systems|Python|SQL|Software Testing|Statistics|Web Development,Java|JavaScript|Python,IoT,IoT,OS Scheduler Simulation,,Backend Developer,CSE,Mentor-guided
S00488,Aditi Varma,Male,20,CSBS,6,4.92,59.6,63,Algorithms|Business Analytics|C|DBMS|Data Analytics|Data Structures|Frontend Development|Hardware Design|Java|JavaScript|Machine Learning|Networking|Operating Systems|Python|SQL|Software Engineering|Software Testing|Statistics|Web Development,C|Java|JavaScript|Python,Software,Software,,Google Business Analytics Certificate,Business Systems Analyst,CSBS,Hands-on Labs
S00489,Harish Singh,Female,19,AIDS,4,8.26,89.4,34,DBMS|Data Structures|Frontend Development|Hardware Design|Java|Python|SQL|Software Engineering|Statistics,Java|Python,Data Science,Data Science,ETL Pipeline for Retail Data,IBM Data Science Certificate|Google Data Analytics Certificate,Data Engineer,AIDS,Mentor-guided
S00490,Shreya Reddy,Male,21,IOT,6,5.71,64.2,56,C|DBMS|Data Analytics|Data Structures|Embedded Systems|Frontend Development|Hardware Design|Java|JavaScript|Networking|Python|Software Engineering|Software Testing|Statistics|Web Development,C|Java|JavaScript|Python,IoT,IoT,Wearable Health Tracker,,Embedded Systems Engineer,IOT,Self-paced Online
S00491,Meera Das,Male,21,AIDS,7,6.08,67.3,76,Algorithms|C|Cloud Computing|DBMS|Data Analytics|Data Structures|DevOps|Embedded Systems|Frontend Development|Hardware Design|IoT|Java|JavaScript|Machine Learning|Networking|Operating Systems|Python|Software Engineering|Software Testing|Statistics|Web Development,C|Java|JavaScript|Python,Data Engineering,Data Engineering,Sales Forecasting Dashboard|ETL Pipeline for Retail Data,Google Data Analytics Certificate|IBM Data Science Certificate,Machine Learning Engineer,CYSEC,Project-based
S00492,Anjali Verma,Female,21,AIDS,8,6.73,73.6,93,Algorithms|Cloud Computing|Cryptography|Cyber Security|DBMS|Data Analytics|Frontend Development|Hardware Design|IoT|Java|JavaScript|Machine Learning|Operating Systems|Python|Software Engineering|Statistics,Java|JavaScript|Python,Data Science,Data Science,ETL Pipeline for Retail Data|Sales Forecasting Dashboard,,Business Intelligence Analyst,AIDS,Mentor-guided
S00493,Divya Reddy,Male,20,CSE,6,7.29,77.8,62,Algorithms|DBMS|Data Structures|Embedded Systems|Frontend Development|Hardware Design|JavaScript|Networking|Operating Systems|Python|SQL|Software Engineering|Software Testing|Statistics|Web Development,JavaScript|Python,Statistics,Statistics,Compiler Mini-Project,,Software Engineer,AIML,Self-paced Online
S00494,Kiran Bose,Female,20,CSE,5,5.22,61.0,45,Algorithms|C|DBMS|Data Structures|Frontend Development|Hardware Design|Java|JavaScript|Operating Systems|SQL|Software Engineering|Software Testing|Statistics|Web Development,C|Java|JavaScript,Systems,Systems,E-commerce Web App,,Backend Developer,CSE,Theory-focused
S00495,Shreya Singh,Female,19,CYSEC,4,8.56,92.2,34,Algorithms|C|DBMS|Data Structures|Frontend Development|Hardware Design|Java|JavaScript|Python|SQL|Software Engineering|Web Development,C|Java|JavaScript|Python,Networking,Networking,,,Penetration Tester,IOT,Theory-focused
S00496,Sanjay Bose,Male,19,CSBS,4,7.48,81.2,27,C|DBMS|Data Structures|Frontend Development|Hardware Design|Python|SQL|Software Engineering|Statistics,C|Python,Data,Data,Market Trend Predictor,,Cloud Engineer,CSBS,Project-based
S00497,Nisha Nair,Male,19,AIML,3,8.74,92.7,23,Algorithms|C|Data Structures|Hardware Design|Python|Statistics,C|Python,Deep Learning,Deep Learning,Sentiment Analysis Tool|Chatbot using Transformers|Image Classification Model,,AI Research Engineer,AIML,Mentor-guided
S00498,Vikram Pillai,Female,20,AIDS,6,7.03,75.4,60,Cryptography|DBMS|Data Analytics|Data Structures|Frontend Development|Hardware Design|Java|JavaScript|Machine Learning|Networking|Operating Systems|Python|SQL|Software Engineering|Software Testing|Statistics|Web Development,Java|JavaScript|Python,Machine Learning,Machine Learning,Customer Segmentation Analysis|ETL Pipeline for Retail Data|Sales Forecasting Dashboard,Google Data Analytics Certificate,Data Scientist,CYSEC,Hands-on Labs
S00499,Nisha Krishnan,Male,21,CSE,7,7.17,76.3,75,Algorithms|Business Analytics|C|Cloud Computing|DBMS|DevOps|Frontend Development|Hardware Design|IoT|Java|JavaScript|Networking|Python|SQL|Software Engineering|Statistics|Web Development,C|Java|JavaScript|Python,Systems,Systems,E-commerce Web App,,Database Administrator,CSE,Project-based
S00500,Ananya Singh,Male,20,CYSEC,6,7.04,75.0,57,Algorithms|C|Cyber Security|Data Structures|Embedded Systems|Frontend Development|Java|JavaScript|Networking|SQL|Software Testing|Statistics|Web Development,C|Java|JavaScript,Security,Security,Vulnerability Scanner|Phishing Detection Tool,CompTIA Security+,Cybersecurity Analyst,CYSEC,Theory-focused
S00501,Deepa Krishnan,Female,19,CSE,4,6.24,68.8,34,Algorithms|C|Data Structures|Frontend Development|Hardware Design|Java|Python|Software Engineering|Statistics|Web Development,C|Java|Python,Systems,Systems,E-commerce Web App|Compiler Mini-Project,DSA Specialization,Cloud Engineer,CSE,Hands-on Labs
S00502,Deepa Gupta,Male,22,CSE,8,4.85,61.2,75,Algorithms|C|Cyber Security|DBMS|Data Engineering|Data Structures|Frontend Development|Hardware Design|Java|JavaScript|Networking|Operating Systems|Python|SQL|Software Engineering|Software Testing|Statistics|Web Development,C|Java|JavaScript|Python,Web Systems,Web Systems,Compiler Mini-Project|OS Scheduler Simulation,Java Programming Certificate,Database Administrator,IT,Mentor-guided
S00503,Kiran Raman,Male,19,AIDS,4,5.32,63.1,34,Algorithms|C|DBMS|Data Structures|Frontend Development|Java|JavaScript|Python|SQL|Software Engineering|Statistics|Web Development,C|Java|JavaScript|Python,Data,Data,Customer Segmentation Analysis|ETL Pipeline for Retail Data|Sales Forecasting Dashboard,Google Data Analytics Certificate,Data Scientist,AIDS,Project-based
S00504,Arjun Kumar,Female,21,IT,5,3.21,50.5,38,Algorithms|C|Data Structures|Frontend Development|Hardware Design|Java|JavaScript|Networking|Python|Software Testing|Web Development,C|Java|JavaScript|Python,Databases,Databases,Cloud-hosted Inventory System,CompTIA Network+|AWS Cloud Practitioner,DevOps Engineer,IT,Mentor-guided
S00505,Deepa Verma,Male,20,CSBS,5,7.33,77.7,49,Algorithms|Data Structures|Frontend Development|Hardware Design|Java|JavaScript|Networking|Python|SQL|Software Engineering|Software Testing|Statistics|Web Development,Java|JavaScript|Python,AI,AI,,,Business Systems Analyst,CSBS,Hands-on Labs
S00506,Ananya Verma,Female,22,AIML,8,7.04,74.5,80,Business Analytics|C|Cloud Computing|Cyber Security|DBMS|Data Analytics|Data Engineering|Data Structures|Deep Learning|Frontend Development|Hardware Design|IoT|Java|JavaScript|Machine Learning|Networking|Operating Systems|Python|SQL|Software Engineering|Software Testing|Statistics|Web Development,C|Java|JavaScript|Python,Deep Learning,Deep Learning,,,AI Research Engineer,AIML,Mentor-guided
S00507,Deepa Kumar,Female,22,CSBS,7,5.94,66.5,72,Algorithms|Business Analytics|C|Cloud Computing|Cyber Security|DBMS|Data Structures|DevOps|Frontend Development|Hardware Design|Java|JavaScript|Machine Learning|Networking|Operating Systems|Python|SQL|Software Engineering|Software Testing|Statistics|Web Development,C|Java|JavaScript|Python,Data,Data,,,Business Intelligence Analyst,CSBS,Hands-on Labs
S00508,Vivek Krishnan,Female,20,CSE,4,8.47,89.5,34,Algorithms|C|DBMS|Data Structures|Frontend Development|Hardware Design|Java|JavaScript|Python|Statistics|Web Development,C|Java|JavaScript|Python,IoT,IoT,E-commerce Web App,Java Programming Certificate,Cloud Engineer,CSE,Project-based
S00509,Karthik Chandran,Female,20,CSE,6,6.95,75.2,58,Algorithms|Business Analytics|C|DBMS|Data Structures|Frontend Development|JavaScript|Networking|Operating Systems|Python|SQL|Software Testing|Statistics|Web Development,C|JavaScript|Python,Programming,Programming,,DSA Specialization,Database Administrator,CSE,Mentor-guided
S00510,Kavya Sharma,Female,21,IT,7,7.01,74.8,72,Algorithms|C|Cloud Computing|Cyber Security|DevOps|Distributed Systems|Frontend Development|Java|JavaScript|Operating Systems|Python|SQL|Software Engineering|Statistics|Web Development,C|Java|JavaScript|Python,AI,AI,Network Monitoring Tool|Cloud-hosted Inventory System,AWS Cloud Practitioner,IT Consultant,IT,Hands-on Labs
S00511,Sanjay Das,Male,21,CSE,8,6.61,73.5,80,Algorithms|C|Data Engineering|Data Structures|DevOps|Distributed Systems|Frontend Development|Hardware Design|IoT|JavaScript|Machine Learning|Networking|Operating Systems|Python|SQL|Software Testing|Statistics,C|JavaScript|Python,Algorithms,Algorithms,Compiler Mini-Project|E-commerce Web App|OS Scheduler Simulation,,Data Scientist,CSE,Theory-focused
S00512,Divya Raman,Female,21,IT,7,7.84,82.5,73,Algorithms|Backend Development|Cloud Computing|DBMS|Data Engineering|DevOps|Hardware Design|Java|Machine Learning|Networking|Operating Systems|Python|SQL|Software Testing|Statistics|Web Development,Java|Python,Web Systems,Web Systems,Network Monitoring Tool|Enterprise CRM App,,Backend Developer,IT,Self-paced Online
S00513,Gokul Pillai,Male,20,CSE,5,5.61,64.5,46,Algorithms|C|DBMS|Frontend Development|Hardware Design|Operating Systems|Python|Software Engineering|Statistics|Web Development|Java,C|Java|Python,Systems,Systems,Compiler Mini-Project,Java Programming Certificate,DevOps Engineer,CSE,Mentor-guided
S00514,Sneha Varma,Female,19,AIML,3,6.5,69.9,20,C|Data Structures|Hardware Design|Statistics,C,Networking,Networking,Chatbot using Transformers,,Machine Learning Engineer,AIML,Theory-focused
S00515,Karthik Subramaniam,Male,19,CSE,3,7.37,79.6,19,Algorithms|C|Data Structures|Hardware Design|Python|Statistics,C|Python,Data Engineering,Data Engineering,Compiler Mini-Project|E-commerce Web App,Java Programming Certificate|DSA Specialization,Systems Engineer,CSE,Self-paced Online
S00516,Pooja Rao,Male,20,IOT,5,7.63,81.5,49,Algorithms|C|DBMS|Data Structures|Frontend Development|Hardware Design|JavaScript|Operating Systems|Software Engineering|Statistics|Web Development,C|JavaScript,IoT,IoT,Smart Home Automation,,Firmware Engineer,IT,Theory-focused
S00517,Arjun Krishnan,Male,20,AIML,5,5.84,66.9,49,Algorithms|C|Data Structures|Frontend Development|Java|JavaScript|Networking|Operating Systems|Software Engineering|Software Testing|Statistics,C|Java|JavaScript,Statistics,Statistics,,,Robotics Engineer,AIML,Mentor-guided
S00518,Sanjay Rao,Female,20,IT,3,6.96,76.2,23,Algorithms|Data Structures|Hardware Design|Python|Networking,Python,Networking,Networking,Cloud-hosted Inventory System,AWS Cloud Practitioner|CompTIA Network+,Machine Learning Engineer,IT,Hands-on Labs
S00519,Prakash Verma,Male,20,IT,6,6.75,72.5,57,Algorithms|Cloud Computing|DBMS|Data Structures|DevOps|Java|JavaScript|SQL|Software Engineering|Statistics|Web Development,Java|JavaScript,Web Systems,Web Systems,Cloud-hosted Inventory System|Enterprise CRM App|Network Monitoring Tool,,Software Engineer,IT,Hands-on Labs
S00520,Ritu Gupta,Female,21,CSE,8,8.52,90.5,71,Business Analytics|C|Computer Vision|DBMS|Data Analytics|Data Structures|Deep Learning|DevOps|Ethical Hacking|Frontend Development|JavaScript|Networking|Operating Systems|Python|Software Engineering|Software Testing|Statistics|Web Development,C|JavaScript|Python,Deep Learning,Deep Learning,Compiler Mini-Project,,Software Engineer,CSE,Hands-on Labs
S00521,Pooja Das,Female,21,CSE,6,5.91,66.1,58,Algorithms|DBMS|Data Structures|Embedded Systems|Frontend Development|Java|Networking|Operating Systems|Python|SQL|Software Engineering|Software Testing|Statistics|Web Development,Java|Python,Programming,Programming,E-commerce Web App|OS Scheduler Simulation,,Robotics Engineer,CSE,Self-paced Online
S00522,Aditi Reddy,Female,19,IT,3,6.74,72.4,23,Algorithms|C|Data Structures|Hardware Design|Python,C|Python,Cloud,Cloud,,AWS Cloud Practitioner,Product Manager (Tech),IT,Project-based
S00523,Pooja Rao,Female,22,AIDS,8,7.18,76.7,73,Algorithms|C|Cloud Computing|DBMS|Data Analytics|Data Engineering|Data Structures|Deep Learning|Distributed Systems|Frontend Development|Java|JavaScript|Machine Learning|Networking|SQL|Software Testing|Statistics|Web Development,C|Java|JavaScript,Data Science,Data Science,Customer Segmentation Analysis|Sales Forecasting Dashboard,IBM Data Science Certificate,Data Scientist,AIDS,Self-paced Online
S00524,Rahul Sharma,Male,21,AIML,6,8.17,87.7,64,Business Analytics|Cyber Security|DBMS|Java|JavaScript|Machine Learning|Networking|Operating Systems|Python|Software Engineering|Software Testing|Statistics|Web Development,Java|JavaScript|Python,Statistics,Statistics,Sentiment Analysis Tool|Image Classification Model|Chatbot using Transformers,TensorFlow Developer Certificate,Cybersecurity Analyst,AIML,Hands-on Labs
S00525,Aravind Raman,Male,20,AIDS,5,5.37,64.1,46,Algorithms|C|DBMS|Data Structures|Frontend Development|Java|JavaScript|Networking|Operating Systems|SQL|Software Engineering|Statistics|Web Development,C|Java|JavaScript,Statistics,Statistics,Customer Segmentation Analysis,,Security Architect,AIDS,Mentor-guided
S00526,Vivek Kumar,Female,19,AIML,4,6.88,76.5,34,Algorithms|C|DBMS|Data Structures|Frontend Development|Hardware Design|Java|JavaScript|Python|SQL|Software Engineering|Statistics|Web Development,C|Java|JavaScript|Python,Deep Learning,Deep Learning,Sentiment Analysis Tool,TensorFlow Developer Certificate,Robotics Engineer,CYSEC,Theory-focused
S00527,Sneha Patel,Male,21,CYSEC,7,6.24,69.2,58,Algorithms|C|Cryptography|Cyber Security|DBMS|Data Structures|Ethical Hacking|Frontend Development|Java|JavaScript|Networking|Operating Systems|Python|SQL|Software Engineering|Software Testing|Statistics|Web Development,C|Java|JavaScript|Python,Security,Security,,,Penetration Tester,CYSEC,Self-paced Online
S00528,Rahul Sharma,Female,19,CSE,4,2.71,47.9,31,Algorithms|C|DBMS|Data Structures|Frontend Development|Hardware Design|JavaScript|SQL|Statistics,C|JavaScript,Software Engineering,Software Engineering,,Java Programming Certificate,Software Engineer,CSE,Theory-focused
S00529,Lakshmi Singh,Female,19,CYSEC,3,5.3,63.3,23,Algorithms|C|Hardware Design|Statistics,C,Hardware,Hardware,,,Software Architect,CYSEC,Theory-focused
S00530,Vivek Krishnan,Male,19,CSE,4,7.88,83.6,34,DBMS|Data Structures|Frontend Development|Java|JavaScript|Python|SQL|Software Engineering|Statistics|Web Development,Java|JavaScript|Python,Algorithms,Algorithms,OS Scheduler Simulation|E-commerce Web App,Java Programming Certificate,Software Engineer,CSE,Theory-focused
S00531,Nisha Subramaniam,Male,21,IOT,7,6.91,73.8,77,Business Analytics|C|DBMS|Data Analytics|Data Structures|Embedded Systems|Frontend Development|Hardware Design|IoT|Java|JavaScript|Networking|Operating Systems|Python|SQL|Software Engineering|Statistics|Web Development,C|Java|JavaScript|Python,Hardware,Hardware,Weather Monitoring IoT Node|Wearable Health Tracker,,Firmware Engineer,IOT,Project-based
S00532,Kiran Raman,Female,21,CSE,5,7.84,82.0,49,Algorithms|DBMS|Data Structures|Frontend Development|Hardware Design|Java|Networking|Python|SQL|Software Engineering|Software Testing|Statistics|Web Development,Java|Python,Programming,Programming,Compiler Mini-Project|OS Scheduler Simulation,DSA Specialization,IT Support Engineer,CSE,Self-paced Online
S00533,Rohan Chandran,Male,21,AIDS,7,7.0,75.6,70,C|Cloud Computing|Cryptography|Data Analytics|Data Engineering|Data Structures|DevOps|Frontend Development|Hardware Design|IoT|Java|JavaScript|Machine Learning|Networking|Operating Systems|Python|SQL|Software Engineering|Software Testing|Statistics|Web Development,C|Java|JavaScript|Python,Data Science,Data Science,Sales Forecasting Dashboard|Customer Segmentation Analysis,,Data Engineer,AIDS,Mentor-guided
S00534,Vivek Varma,Female,19,CSE,4,5.37,63.9,30,Algorithms|C|DBMS|Frontend Development|Hardware Design|JavaScript|Python|SQL|Statistics|Web Development,C|JavaScript|Python,Software Engineering,Software Engineering,,DSA Specialization|Java Programming Certificate,Software Architect,CSE,Mentor-guided
S00535,Manoj Bose,Male,20,CYSEC,5,4.96,61.1,49,Algorithms|C|DBMS|Data Structures|Frontend Development|Hardware Design|Java|JavaScript|Networking|Operating Systems|Python|SQL|Software Engineering|Software Testing|Statistics|Web Development,C|Java|JavaScript|Python,Data,Data,Vulnerability Scanner,,Network Administrator,CYSEC,Hands-on Labs
S00536,Arjun Sharma,Female,22,AIDS,7,4.55,57.9,65,Algorithms|Cloud Computing|DBMS|Data Analytics|Data Engineering|Data Structures|Frontend Development|Hardware Design|Java|Networking|Python|SQL|Software Testing|Statistics|Web Development,Java|Python,Deep Learning,Deep Learning,ETL Pipeline for Retail Data|Sales Forecasting Dashboard,Google Data Analytics Certificate,Data Scientist,AIDS,Mentor-guided
S00537,Swathi Pillai,Male,21,CSBS,8,6.08,68.2,72,Business Analytics|C|Cyber Security|DBMS|Data Analytics|Data Structures|Ethical Hacking|Frontend Development|Hardware Design|Java|JavaScript|Machine Learning|Networking|Operating Systems|Python|Software Engineering|Software Testing|Statistics|Web Development,C|Java|JavaScript|Python,Data,Data,Business Analytics Report Tool,,Business Intelligence Analyst,CSBS,Hands-on Labs
S00538,Pooja Nair,Female,21,IT,5,8.37,89.6,49,C|Data Structures|Frontend Development|Hardware Design|Java|JavaScript|Networking|Python|SQL|Software Engineering|Software Testing|Statistics|Web Development,C|Java|JavaScript|Python,Data Engineering,Data Engineering,Cloud-hosted Inventory System|Enterprise CRM App,AWS Cloud Practitioner|CompTIA Network+,IT Support Engineer,IT,Mentor-guided
S00539,Prakash Raman,Male,21,AIML,7,8.83,96.5,71,C|DBMS|Data Analytics|Data Engineering|Data Structures|Deep Learning|Hardware Design|Java|Machine Learning|Networking|Python|Software Engineering|Software Testing|Statistics|Web Development,C|Java|Python,Machine Learning,Machine Learning,Image Classification Model|Sentiment Analysis Tool,Deep Learning Specialization|TensorFlow Developer Certificate,AI Research Engineer,AIML,Mentor-guided
S00540,Meera Raman,Female,21,IT,8,6.23,67.7,77,Algorithms|Backend Development|C|DBMS|Data Engineering|Data Structures|DevOps|Embedded Systems|Frontend Development|Hardware Design|Java|JavaScript|Networking|Python|SQL|Software Engineering|Software Testing|Statistics,C|Java|JavaScript|Python,Web Systems,Web Systems,,,Database Administrator,IT,Theory-focused
S00541,Divya Bose,Female,21,IT,6,6.97,75.7,59,Algorithms|C|Cloud Computing|Cyber Security|Data Structures|Frontend Development|Hardware Design|JavaScript|Networking|Operating Systems|Python|SQL|Statistics|Web Development,C|JavaScript|Python,Web Systems,Web Systems,Cloud-hosted Inventory System,AWS Cloud Practitioner,Backend Developer,IT,Theory-focused
S00542,Lakshmi Krishnan,Female,22,CSE,7,5.65,64.4,66,Algorithms|Backend Development|Business Analytics|C|DBMS|Data Analytics|Data Structures|Distributed Systems|Frontend Development|Hardware Design|IoT|Java|JavaScript|Networking|Python|Software Engineering|Statistics|Web Development|Embedded Systems,C|Java|JavaScript|Python,Algorithms,Algorithms,E-commerce Web App,,Embedded Systems Engineer,CSE,Self-paced Online
S00543,Rahul Pillai,Female,20,AIDS,6,6.15,68.9,60,Algorithms|Business Analytics|DBMS|Data Analytics|Data Structures|Frontend Development|Hardware Design|Java|JavaScript|Machine Learning|Networking|Python|SQL|Software Engineering|Software Testing|Web Development,Java|JavaScript|Python,Management,Management,,Google Data Analytics Certificate|IBM Data Science Certificate,Data Engineer,AIDS,Project-based
S00544,Lakshmi Krishnan,Male,19,CSE,3,7.04,77.1,23,Algorithms|Data Structures|Hardware Design|Python|Statistics,Python,Software Engineering,Software Engineering,Compiler Mini-Project|OS Scheduler Simulation,,Backend Developer,CSE,Mentor-guided
S00545,Aravind Patel,Male,22,IOT,7,4.45,57.5,75,Algorithms|Business Analytics|C|Cloud Computing|Cyber Security|DBMS|Data Structures|Embedded Systems|Ethical Hacking|Frontend Development|Hardware Design|IoT|Java|Python|SQL|Software Engineering|Software Testing|Web Development,C|Java|Python,Hardware,Hardware,Wearable Health Tracker|Weather Monitoring IoT Node|Smart Home Automation,Embedded Systems Certificate|IoT Fundamentals (Cisco),Embedded Systems Engineer,AIDS,Mentor-guided
S00546,Arjun Verma,Male,22,AIML,7,5.12,61.8,68,Algorithms|Business Analytics|C|Cloud Computing|Cyber Security|DBMS|Data Analytics|Data Engineering|Data Structures|Deep Learning|Java|Machine Learning|Operating Systems|Python|SQL|Software Testing|Statistics,C|Java|Python,Machine Learning,Machine Learning,,TensorFlow Developer Certificate,Robotics Engineer,AIML,Project-based
S00547,Nisha Raman,Female,19,IT,3,8.65,91.9,20,Algorithms|C|Data Structures|Statistics,C,Machine Learning,Machine Learning,Cloud-hosted Inventory System|Enterprise CRM App|Network Monitoring Tool,,Systems Administrator,IT,Mentor-guided
S00548,Anjali Rao,Female,19,AIML,3,8.17,88.5,23,C|Hardware Design|Python|Statistics,C|Python,Machine Learning,Machine Learning,Image Classification Model|Chatbot using Transformers,,Computer Vision Engineer,AIML,Project-based
S00549,Swathi Iyer,Male,22,CSE,8,8.19,87.0,74,Business Analytics|Cloud Computing|Cyber Security|DBMS|DevOps|Frontend Development|Hardware Design|Java|Operating Systems|SQL|Software Engineering|Statistics,Java,Systems,Systems,,,Backend Developer,CSE,Theory-focused
S00550,Pooja Pillai,Male,19,IT,4,5.82,67.6,34,Algorithms|C|Data Structures|Frontend Development|Hardware Design|Java|JavaScript|Python|SQL|Software Engineering|Statistics|Web Development,C|Java|JavaScript|Python,Web Systems,Web Systems,Network Monitoring Tool|Enterprise CRM App,AWS Cloud Practitioner,Business Intelligence Analyst,IT,Mentor-guided
S00551,Sanjay Menon,Female,19,CSE,3,8.26,87.5,23,C|Data Structures|Hardware Design|Python|Statistics,C|Python,Software Engineering,Software Engineering,E-commerce Web App|Compiler Mini-Project,DSA Specialization|Java Programming Certificate,Software Engineer,AIDS,Self-paced Online
S00552,Ritu Raman,Female,21,IT,5,7.59,81.2,49,Algorithms|C|DBMS|Data Structures|Frontend Development|Java|JavaScript|Networking|Operating Systems|Python|SQL|Software Engineering|Software Testing|Statistics|Web Development,C|Java|JavaScript|Python,Statistics,Statistics,Cloud-hosted Inventory System|Network Monitoring Tool,AWS Cloud Practitioner,Network Administrator,IT,Theory-focused
S00553,Naveen Sharma,Female,22,CSE,8,5.95,66.5,80,Algorithms|Business Analytics|C|Cloud Computing|Computer Vision|DBMS|Data Analytics|Data Structures|Deep Learning|Distributed Systems|Frontend Development|Hardware Design|Java|JavaScript|Machine Learning|Networking|Operating Systems|Python|SQL|Software Engineering|Statistics|Web Development,C|Java|JavaScript|Python,Systems,Systems,,Java Programming Certificate,Software Architect,CSE,Mentor-guided
S00554,Ananya Singh,Male,21,IOT,6,8.43,90.1,60,Algorithms|C|DBMS|Data Structures|Embedded Systems|Hardware Design|Machine Learning|Operating Systems|Python|SQL|Software Engineering|Software Testing|Statistics,C|Python,Management,Management,Wearable Health Tracker|Weather Monitoring IoT Node,IoT Fundamentals (Cisco)|Embedded Systems Certificate,IoT Solutions Engineer,IOT,Self-paced Online
S00555,Aravind Bose,Female,22,IT,7,8.05,85.6,65,Algorithms|Business Analytics|C|DBMS|Data Structures|DevOps|Frontend Development|Hardware Design|Java|Machine Learning|Networking|Operating Systems|Python|Software Engineering|Software Testing|Statistics|Web Development,C|Java|Python,Cloud,Cloud,Network Monitoring Tool|Enterprise CRM App,AWS Cloud Practitioner|CompTIA Network+,Systems Engineer,IT,Mentor-guided
S00556,Vikram Subramaniam,Female,19,CSE,4,8.74,91.1,34,Algorithms|Frontend Development|Hardware Design|Java|JavaScript|Python|Software Engineering|Statistics|Web Development,Java|JavaScript|Python,Statistics,Statistics,Compiler Mini-Project,,DevOps Engineer,CSE,Self-paced Online
S00557,Rahul Patel,Female,20,CSBS,4,5.82,66.8,34,Algorithms|C|DBMS|Data Structures|Java|JavaScript|Python|SQL|Software Engineering|Statistics|Web Development,C|Java|JavaScript|Python,Hardware,Hardware,ERP Dashboard for SMEs,,Data Analyst,CSBS,Hands-on Labs
S00558,Karthik Patel,Female,20,AIDS,6,3.49,53.0,59,Business Analytics|C|DBMS|Data Structures|Hardware Design|Java|Operating Systems|Python|SQL|Software Engineering|Software Testing|Statistics,C|Java|Python,Data Engineering,Data Engineering,Customer Segmentation Analysis|Sales Forecasting Dashboard,,Business Intelligence Analyst,AIDS,Mentor-guided
S00559,Suresh Krishnan,Female,19,IOT,4,6.35,71.9,34,Algorithms|DBMS|Frontend Development|Hardware Design|Java|JavaScript|SQL,Java|JavaScript,Embedded Systems,Embedded Systems,,,Robotics Engineer,IOT,Theory-focused
S00560,Swathi Das,Male,21,CSBS,6,6.49,72.3,67,Algorithms|Business Analytics|DBMS|Data Analytics|Data Structures|Frontend Development|Hardware Design|Java|JavaScript|Machine Learning|Networking|Python|SQL|Software Engineering|Software Testing|Statistics|Web Development,Java|JavaScript|Python,Embedded Systems,Embedded Systems,ERP Dashboard for SMEs,Google Business Analytics Certificate|PMP Foundation,SOC Analyst,CSBS,Project-based
S00561,Rahul Singh,Female,21,AIML,7,6.99,73.9,68,Algorithms|C|Cloud Computing|DBMS|Data Analytics|Data Engineering|Data Structures|Frontend Development|Hardware Design|Java|JavaScript|Machine Learning|Networking|Operating Systems|Python|SQL|Software Testing|Statistics|Web Development,C|Java|JavaScript|Python,Machine Learning,Machine Learning,,TensorFlow Developer Certificate|Deep Learning Specialization,Computer Vision Engineer,AIML,Hands-on Labs
S00562,Rohan Verma,Female,20,CYSEC,5,7.24,79.1,49,Algorithms|C|DBMS|Data Structures|Frontend Development|Hardware Design|Java|JavaScript|Networking|Python|SQL|Software Testing|Statistics,C|Java|JavaScript|Python,Cryptography,Cryptography,Phishing Detection Tool,Certified Ethical Hacker (CEH) - Foundation,Network Administrator,CYSEC,Self-paced Online
S00563,Anjali Varma,Female,21,CYSEC,7,7.9,84.9,68,Algorithms|C|Cryptography|Cyber Security|DBMS|Data Analytics|Embedded Systems|Ethical Hacking|Frontend Development|Hardware Design|JavaScript|Networking|Operating Systems|Python|SQL|Software Engineering|Software Testing|Statistics|Web Development,C|JavaScript|Python,Cryptography,Cryptography,Phishing Detection Tool|Vulnerability Scanner,CompTIA Security+,Network Administrator,CYSEC,Hands-on Labs
S00564,Arjun Krishnan,Male,20,CSE,5,8.2,89.0,46,C|DBMS|Data Structures|Hardware Design|Java|JavaScript|Networking|Operating Systems|Python|Software Engineering|Statistics|Web Development,C|Java|JavaScript|Python,Machine Learning,Machine Learning,Compiler Mini-Project,Java Programming Certificate|DSA Specialization,Database Administrator,CSE,Self-paced Online
S00565,Prakash Subramaniam,Male,21,IOT,8,7.49,81.2,85,Backend Development|C|Cloud Computing|Cryptography|DBMS|Data Structures|Frontend Development|Hardware Design|IoT|Java|JavaScript|Networking|Operating Systems|Software Engineering|Software Testing|Statistics|Web Development,C|Java|JavaScript,Hardware,Hardware,Weather Monitoring IoT Node|Wearable Health Tracker|Smart Home Automation,,IT Consultant,IOT,Hands-on Labs
S00566,Aravind Menon,Female,20,CYSEC,3,6.3,71.4,23,Algorithms|C|Data Structures|Hardware Design|Python|Statistics,C|Python,Systems,Systems,Phishing Detection Tool,,Data Analyst,CYSEC,Project-based
S00567,Priya Singh,Male,22,AIDS,7,7.46,78.9,71,Algorithms|C|Cloud Computing|Cryptography|DBMS|Data Analytics|Frontend Development|Hardware Design|Java|Machine Learning|Networking|Operating Systems|Python|Software Engineering|Statistics|Web Development,C|Java|Python,Machine Learning,Machine Learning,,,Business Intelligence Analyst,AIDS,Hands-on Labs
S00568,Rohan Raman,Female,20,IT,5,9.0,97.0,49,Algorithms|Data Structures|Frontend Development|Java|Networking|Operating Systems|Python|SQL|Software Engineering|Software Testing|Statistics,Java|Python,Business Analytics,Business Analytics,Enterprise CRM App,,IT Consultant,CYSEC,Theory-focused
S00569,Arjun Bose,Male,20,AIML,5,7.98,84.8,49,Algorithms|DBMS|Data Structures|Frontend Development|Hardware Design|Java|JavaScript|Networking|Operating Systems|Python|SQL|Statistics|Web Development,Java|JavaScript|Python,Statistics,Statistics,Image Classification Model,,Robotics Engineer,AIML,Hands-on Labs
S00570,Karthik Sharma,Male,22,IT,7,7.86,82.6,66,C|Cloud Computing|Data Analytics|DevOps|Frontend Development|Java|Networking|Operating Systems|Python|SQL|Statistics,C|Java|Python,Networking,Networking,Network Monitoring Tool|Cloud-hosted Inventory System,,DevOps Engineer,IT,Theory-focused
S00571,Divya Das,Male,20,CSE,5,6.56,71.3,45,C|Data Structures|Frontend Development|Hardware Design|Java|JavaScript|Networking|Python|SQL|Software Engineering|Software Testing|Statistics,C|Java|JavaScript|Python,Cryptography,Cryptography,,Java Programming Certificate|DSA Specialization,Systems Engineer,CSE,Project-based
S00572,Ritu Nair,Male,20,CYSEC,3,6.39,70.6,23,Algorithms|C|Data Structures|Hardware Design|Statistics,C,Networking,Networking,Vulnerability Scanner|Secure File Sharing System|Phishing Detection Tool,CompTIA Security+,SOC Analyst,CYSEC,Self-paced Online
S00573,Prakash Gupta,Male,22,AIDS,7,5.03,61.5,70,Algorithms|C|Cloud Computing|DBMS|Data Analytics|Data Engineering|Frontend Development|Hardware Design|Java|Machine Learning|Networking|Operating Systems|Python|SQL|Software Engineering|Software Testing|Web Development|Backend Development,C|Java|Python,Cloud,Cloud,Sales Forecasting Dashboard|Customer Segmentation Analysis|ETL Pipeline for Retail Data,IBM Data Science Certificate,Data Analyst,AIDS,Project-based
S00574,Prakash Das,Female,22,AIML,7,7.52,80.2,56,Algorithms|C|DBMS|Data Engineering|Data Structures|Frontend Development|Hardware Design|Java|Networking|Operating Systems|Python|SQL|Software Engineering|Software Testing|Statistics|Web Development,C|Java|Python,Networking,Networking,Chatbot using Transformers|Image Classification Model,,IoT Solutions Engineer,CSBS,Mentor-guided
S00575,Ananya Krishnan,Female,20,AIDS,3,5.26,62.9,23,C|Data Structures|Hardware Design|Statistics,C,Data Engineering,Data Engineering,ETL Pipeline for Retail Data,IBM Data Science Certificate,Data Engineer,AIDS,Project-based
S00576,Deepa Sharma,Female,19,IOT,4,7.79,83.1,34,Algorithms|C|DBMS|Data Structures|Frontend Development|Hardware Design|Java|JavaScript|Python|SQL|Statistics|Web Development,C|Java|JavaScript|Python,Networking,Networking,Weather Monitoring IoT Node|Wearable Health Tracker,IoT Fundamentals (Cisco),Firmware Engineer,CYSEC,Theory-focused
S00577,Lakshmi Rao,Male,20,AIML,3,8.3,88.5,23,Algorithms|C|Data Structures|Hardware Design|Python|Statistics,C|Python,IoT,IoT,Sentiment Analysis Tool,,Embedded Systems Engineer,IOT,Theory-focused
S00578,Sanjay Gupta,Male,19,IOT,4,6.97,75.5,34,Algorithms|C|DBMS|Data Structures|Frontend Development|Hardware Design|Java|JavaScript|Python|SQL|Software Engineering|Statistics|Web Development,C|Java|JavaScript|Python,Embedded Systems,Embedded Systems,Smart Home Automation|Wearable Health Tracker,IoT Fundamentals (Cisco),IoT Solutions Engineer,AIDS,Project-based
S00579,Harish Das,Male,21,AIDS,7,7.04,76.1,69,Algorithms|C|Cloud Computing|Cyber Security|DBMS|Data Engineering|Embedded Systems|Frontend Development|Hardware Design|Java|Machine Learning|Networking|Operating Systems|Python|Software Engineering|Software Testing|Statistics|Web Development,C|Java|Python,Data Science,Data Science,ETL Pipeline for Retail Data|Sales Forecasting Dashboard,Google Data Analytics Certificate,Business Intelligence Analyst,AIDS,Project-based
S00580,Gokul Krishnan,Male,20,AIML,4,8.29,87.8,34,Algorithms|C|DBMS|Data Structures|Java|SQL|Software Engineering|Statistics,C|Java,Cryptography,Cryptography,Chatbot using Transformers,,Robotics Engineer,AIML,Mentor-guided
S00581,Suresh Verma,Male,19,IT,3,4.7,58.1,23,Algorithms|C|Data Structures|Hardware Design|Python,C|Python,Cryptography,Cryptography,Network Monitoring Tool|Enterprise CRM App|Cloud-hosted Inventory System,AWS Cloud Practitioner|CompTIA Network+,DevOps Engineer,IT,Hands-on Labs
S00582,Suresh Subramaniam,Male,19,CYSEC,3,8.68,93.1,19,C|Data Structures|Python|Statistics|Ethical Hacking,C|Python,Security,Security,Secure File Sharing System|Phishing Detection Tool|Vulnerability Scanner,CompTIA Security+,Penetration Tester,CYSEC,Self-paced Online
S00583,Gokul Bose,Female,20,IT,5,6.49,72.4,49,Algorithms|C|Frontend Development|Hardware Design|JavaScript|SQL|Software Engineering|Software Testing|Web Development,C|JavaScript,Hardware,Hardware,,AWS Cloud Practitioner|CompTIA Network+,NLP Engineer,IT,Project-based
S00584,Ananya Iyer,Female,20,IT,5,7.2,77.8,49,C|Data Structures|Frontend Development|Java|JavaScript|Networking|Operating Systems|Python|SQL|Software Engineering|Software Testing|Web Development,C|Java|JavaScript|Python,Databases,Databases,,,IT Consultant,IT,Mentor-guided
S00585,Naveen Subramaniam,Female,20,AIDS,6,8.13,86.9,60,Algorithms|Business Analytics|Data Analytics|Data Structures|Embedded Systems|Frontend Development|Java|JavaScript|Machine Learning|Operating Systems|Python|SQL|Software Engineering|Software Testing|Statistics,Java|JavaScript|Python,Data Science,Data Science,Customer Segmentation Analysis|ETL Pipeline for Retail Data,,Data Engineer,AIML,Mentor-guided
S00586,Vikram Kumar,Female,22,AIML,7,7.73,82.5,74,Algorithms|Business Analytics|C|Cyber Security|Data Engineering|Data Structures|Embedded Systems|Hardware Design|Java|JavaScript|Machine Learning|Networking|Operating Systems|Python|SQL|Software Engineering|Software Testing|Web Development,C|Java|JavaScript|Python,Statistics,Statistics,Image Classification Model|Chatbot using Transformers|Sentiment Analysis Tool,,Robotics Engineer,AIML,Self-paced Online
S00587,Lakshmi Menon,Female,19,AIDS,3,7.57,80.2,23,C|Hardware Design|Python|Statistics|NLP,C|Python,Statistics,Statistics,Customer Segmentation Analysis|ETL Pipeline for Retail Data,IBM Data Science Certificate,Business Intelligence Analyst,AIDS,Hands-on Labs
S00588,Gokul Chandran,Male,21,CYSEC,6,6.26,69.2,61,C|Cryptography|Cyber Security|Data Structures|Embedded Systems|Frontend Development|Hardware Design|Java|JavaScript|Networking|Operating Systems|Python|SQL|Software Testing|Statistics|Web Development,C|Java|JavaScript|Python,Cryptography,Cryptography,,,Cybersecurity Analyst,CYSEC,Mentor-guided
S00589,Divya Reddy,Female,21,CYSEC,5,5.76,66.6,46,DBMS|Data Structures|Frontend Development|Hardware Design|Java|JavaScript|Networking|Operating Systems|SQL|Software Engineering|Software Testing|Statistics|Web Development,Java|JavaScript,Security,Security,Phishing Detection Tool|Vulnerability Scanner,Certified Ethical Hacker (CEH) - Foundation,Cybersecurity Analyst,CYSEC,Self-paced Online
S00590,Rohan Gupta,Female,21,AIML,5,6.86,75.6,49,Algorithms|DBMS|Data Structures|Frontend Development|Java|JavaScript|Networking|Operating Systems|Python|SQL|Software Testing|Statistics,Java|JavaScript|Python,Machine Learning,Machine Learning,Chatbot using Transformers|Sentiment Analysis Tool,Deep Learning Specialization|TensorFlow Developer Certificate,Machine Learning Engineer,AIML,Project-based
S00591,Divya Rao,Male,19,CSE,4,8.53,91.7,34,Algorithms|C|DBMS|Data Structures|Frontend Development|Hardware Design|JavaScript|SQL|Software Engineering|Statistics|Web Development|Data Engineering,C|JavaScript,Algorithms,Algorithms,Compiler Mini-Project,,Database Administrator,CSE,Project-based
S00592,Meera Rao,Male,21,IOT,8,7.24,78.3,86,Algorithms|Business Analytics|C|Cyber Security|Data Analytics|Data Engineering|Embedded Systems|Frontend Development|Hardware Design|Networking|Operating Systems|Python|SQL|Software Engineering|Software Testing,C|Python,Networking,Networking,,Embedded Systems Certificate|IoT Fundamentals (Cisco),Firmware Engineer,IOT,Mentor-guided
S00593,Divya Krishnan,Female,20,IT,5,8.61,92.2,46,C|DBMS|Data Structures|Hardware Design|Java|JavaScript|Networking|Operating Systems|Python|SQL|Software Engineering|Software Testing|Statistics,C|Java|JavaScript|Python,Networking,Networking,Network Monitoring Tool|Cloud-hosted Inventory System,AWS Cloud Practitioner,Penetration Tester,IT,Theory-focused
S00594,Deepa Varma,Male,19,CSE,4,8.06,87.5,34,Algorithms|C|DBMS|Data Structures|Frontend Development|Hardware Design|Java|Python|SQL|Software Engineering|Web Development|JavaScript,C|Java|JavaScript|Python,Algorithms,Algorithms,E-commerce Web App,,DevOps Engineer,CSE,Mentor-guided
S00595,Kiran Iyer,Male,19,CYSEC,4,8.79,95.1,34,Algorithms|C|DBMS|Data Structures|Frontend Development|Hardware Design|JavaScript|Python|SQL|Software Engineering|Statistics|Web Development,C|JavaScript|Python,Networking,Networking,Phishing Detection Tool|Secure File Sharing System|Vulnerability Scanner,CompTIA Security+|Certified Ethical Hacker (CEH) - Foundation,Penetration Tester,AIML,Project-based
S00596,Vikram Chandran,Female,19,CSE,4,8.68,93.5,34,Algorithms|Data Structures|Frontend Development|Hardware Design|Java|JavaScript|Python|Software Engineering|Statistics|Web Development|Software Testing,Java|JavaScript|Python,Systems,Systems,OS Scheduler Simulation,DSA Specialization|Java Programming Certificate,Database Administrator,IT,Hands-on Labs
S00597,Rohan Krishnan,Female,20,AIML,3,7.3,77.8,23,Algorithms|Data Structures|Hardware Design|Python|Statistics,Python,Deep Learning,Deep Learning,Chatbot using Transformers|Sentiment Analysis Tool|Image Classification Model,,NLP Engineer,AIML,Theory-focused
S00598,Karthik Rao,Female,22,AIML,8,3.91,54.3,81,Business Analytics|C|Computer Vision|DBMS|Data Analytics|Data Structures|Deep Learning|Frontend Development|Hardware Design|IoT|Java|JavaScript|Machine Learning|NLP|Operating Systems|SQL|Software Engineering|Software Testing|Statistics|Web Development,C|Java|JavaScript,AI,AI,Image Classification Model|Sentiment Analysis Tool,,AI Research Engineer,AIML,Self-paced Online
S00599,Sneha Subramaniam,Male,20,AIML,5,8.2,86.9,49,Algorithms|Frontend Development|Hardware Design|JavaScript|Python|Software Engineering|Software Testing|Web Development|Java,Java|JavaScript|Python,Machine Learning,Machine Learning,Image Classification Model|Sentiment Analysis Tool,,Computer Vision Engineer,AIML,Self-paced Online
S00600,Swathi Singh,Female,20,AIDS,5,6.73,73.2,45,Algorithms|C|Data Structures|Frontend Development|Hardware Design|Java|JavaScript|Networking|Operating Systems|Python|Software Testing,C|Java|JavaScript|Python,Programming,Programming,Customer Segmentation Analysis|ETL Pipeline for Retail Data|Sales Forecasting Dashboard,,Business Intelligence Analyst,IT,Mentor-guided
S00601,Harish Menon,Female,20,CSE,3,7.57,80.0,23,Algorithms|C|Data Structures|Hardware Design|Python,C|Python,Systems,Systems,OS Scheduler Simulation,DSA Specialization|Java Programming Certificate,DevOps Engineer,CSE,Project-based
S00602,Ritu Raman,Male,22,AIDS,7,8.53,91.6,78,Algorithms|C|Cloud Computing|Cryptography|Cyber Security|DBMS|Data Structures|Frontend Development|Hardware Design|Java|JavaScript|Machine Learning|Networking|Operating Systems|SQL|Statistics|Web Development,C|Java|JavaScript,Data Engineering,Data Engineering,Customer Segmentation Analysis|ETL Pipeline for Retail Data,,Data Engineer,AIDS,Mentor-guided
S00603,Pooja Bose,Male,20,CYSEC,3,5.96,68.7,23,Algorithms|Hardware Design|Python|Statistics,Python,Systems,Systems,Vulnerability Scanner|Secure File Sharing System|Phishing Detection Tool,,Security Architect,CYSEC,Mentor-guided
S00604,Prakash Verma,Female,20,CYSEC,6,7.09,77.8,65,Algorithms|Business Analytics|C|Cryptography|Data Structures|Embedded Systems|Frontend Development|Hardware Design|Java|JavaScript|Networking|Operating Systems|Python|SQL|Software Engineering|Statistics|Web Development,C|Java|JavaScript|Python,Cryptography,Cryptography,,,Network Administrator,CYSEC,Project-based
S00605,Anjali Singh,Male,19,IOT,3,6.87,76.6,23,Algorithms|C|Hardware Design|Python|Statistics,C|Python,Networking,Networking,Smart Home Automation|Wearable Health Tracker,IoT Fundamentals (Cisco),IoT Solutions Engineer,IOT,Self-paced Online
S00606,Vivek Nair,Male,20,AIML,4,7.06,76.9,31,Algorithms|C|Data Structures|Frontend Development|Hardware Design|Java|JavaScript|Python|Software Engineering|Statistics|Web Development,C|Java|JavaScript|Python,Systems,Systems,Sentiment Analysis Tool,,Machine Learning Engineer,AIML,Theory-focused
S00607,Gokul Bose,Male,19,CSBS,4,7.79,82.8,34,Algorithms|C|DBMS|Data Structures|Frontend Development|Java|JavaScript|Python|SQL|Statistics,C|Java|JavaScript|Python,Business Analytics,Business Analytics,Market Trend Predictor,,Product Manager (Tech),CSBS,Mentor-guided
S00608,Kiran Menon,Female,21,AIDS,7,5.65,64.2,71,Algorithms|Backend Development|C|Cyber Security|Data Analytics|Data Engineering|Data Structures|Ethical Hacking|Frontend Development|Hardware Design|Java|Networking|Software Engineering|Software Testing,C|Java,Software,Software,Sales Forecasting Dashboard|Customer Segmentation Analysis|ETL Pipeline for Retail Data,,Data Scientist,AIDS,Mentor-guided
S00609,Shreya Bose,Female,20,CSE,5,3.47,51.0,38,Algorithms|Data Structures|Frontend Development|Hardware Design|Java|JavaScript|Networking|Operating Systems|Software Engineering|Software Testing|Statistics,Java|JavaScript,Statistics,Statistics,E-commerce Web App,,Systems Administrator,CYSEC,Project-based
S00610,Pooja Nair,Female,21,AIML,8,8.12,86.7,82,Algorithms|Backend Development|Business Analytics|C|Cyber Security|DBMS|Data Analytics|Data Structures|Deep Learning|Frontend Development|Hardware Design|Java|JavaScript|Machine Learning|Networking|Operating Systems|Python|Software Engineering|Software Testing|Statistics|Web Development,C|Java|JavaScript|Python,AI,AI,,TensorFlow Developer Certificate,Robotics Engineer,AIML,Theory-focused
S00611,Lakshmi Sharma,Female,20,CSE,6,7.31,79.0,59,C|Embedded Systems|Frontend Development|Java|JavaScript|Operating Systems|SQL|Software Engineering|Software Testing|Statistics|Web Development,C|Java|JavaScript,Software Engineering,Software Engineering,Compiler Mini-Project|OS Scheduler Simulation,Java Programming Certificate|DSA Specialization,DevOps Engineer,CSE,Mentor-guided
S00612,Harish Krishnan,Female,20,IOT,3,8.17,86.3,23,Algorithms|C|Data Structures|Python|Statistics|Java,C|Java|Python,Embedded Systems,Embedded Systems,Weather Monitoring IoT Node|Wearable Health Tracker|Smart Home Automation,,Robotics Engineer,AIML,Hands-on Labs
S00613,Priya Kumar,Male,19,AIML,4,8.24,87.5,34,Algorithms|C|DBMS|Frontend Development|Hardware Design|Java|JavaScript|SQL|Software Engineering|Web Development,C|Java|JavaScript,Statistics,Statistics,Image Classification Model|Sentiment Analysis Tool,,NLP Engineer,CSE,Mentor-guided
S00614,Kavya Sharma,Male,21,CSE,5,5.55,65.0,42,Algorithms|C|DBMS|Data Structures|Frontend Development|Hardware Design|JavaScript|Networking|Operating Systems|Python|SQL|Software Engineering|Software Testing|Statistics|Web Development,C|JavaScript|Python,Programming,Programming,OS Scheduler Simulation|Compiler Mini-Project|E-commerce Web App,Java Programming Certificate|DSA Specialization,Software Engineer,CSE,Project-based
S00615,Swathi Reddy,Female,21,AIDS,8,4.32,56.1,73,Algorithms|C|Cloud Computing|Data Analytics|Data Engineering|Data Structures|DevOps|Distributed Systems|Frontend Development|Hardware Design|IoT|Java|JavaScript|Networking|Operating Systems|SQL|Software Engineering|Software Testing|Statistics,C|Java|JavaScript,Statistics,Statistics,Sales Forecasting Dashboard,,Machine Learning Engineer,IT,Hands-on Labs
S00616,Prakash Das,Male,19,CSE,3,7.87,84.7,23,Algorithms|C|Data Structures|Hardware Design|Python,C|Python,Programming,Programming,Compiler Mini-Project|OS Scheduler Simulation,,Software Engineer,CSE,Hands-on Labs
S00617,Sanjay Gupta,Male,19,AIML,4,7.5,79.6,34,Algorithms|C|DBMS|Frontend Development|Hardware Design|Java|Software Engineering|Statistics|Operating Systems,C|Java,Machine Learning,Machine Learning,,Deep Learning Specialization|TensorFlow Developer Certificate,NLP Engineer,AIML,Self-paced Online
S00618,Naveen Mehta,Male,20,AIDS,3,8.22,89.8,23,C|Data Structures|Hardware Design|Statistics|DBMS,C,Statistics,Statistics,Sales Forecasting Dashboard|Customer Segmentation Analysis,,Firmware Engineer,AIDS,Project-based
S00619,Pooja Chandran,Female,21,CSBS,7,7.09,76.8,67,Algorithms|Business Analytics|C|DBMS|Data Analytics|Data Structures|Frontend Development|Hardware Design|JavaScript|Machine Learning|Networking|Operating Systems|Python|SQL|Software Engineering|Software Testing|Statistics|Web Development,C|JavaScript|Python,Statistics,Statistics,ERP Dashboard for SMEs,,Business Systems Analyst,IT,Mentor-guided
S00620,Kiran Singh,Female,19,AIDS,3,6.83,76.0,23,Algorithms|Data Structures|Hardware Design|Python|Statistics,Python,Software Engineering,Software Engineering,Customer Segmentation Analysis,,Data Engineer,IT,Theory-focused
S00621,Gokul Varma,Male,21,AIDS,5,7.87,84.3,46,Algorithms|C|DBMS|Data Structures|Hardware Design|Java|Networking|Operating Systems|Python|SQL|Software Engineering|Software Testing|Statistics,C|Java|Python,Statistics,Statistics,ETL Pipeline for Retail Data|Sales Forecasting Dashboard|Customer Segmentation Analysis,IBM Data Science Certificate|Google Data Analytics Certificate,Software Engineer,AIDS,Mentor-guided
S00622,Vivek Chandran,Male,19,AIDS,4,8.26,88.6,34,Algorithms|C|DBMS|Data Structures|Java|Python|SQL|Software Engineering|Statistics|Web Development,C|Java|Python,Data Science,Data Science,ETL Pipeline for Retail Data|Sales Forecasting Dashboard|Customer Segmentation Analysis,,Embedded Systems Engineer,AIDS,Self-paced Online
S00623,Karthik Kumar,Male,21,IT,5,7.27,77.7,49,Algorithms|C|DBMS|Data Structures|Hardware Design|Java|JavaScript|Networking|Python|SQL|Software Engineering|Software Testing|Statistics|Web Development,C|Java|JavaScript|Python,Databases,Databases,Cloud-hosted Inventory System|Enterprise CRM App|Network Monitoring Tool,,Systems Administrator,IT,Self-paced Online
S00624,Pooja Singh,Male,20,CYSEC,5,5.78,65.8,49,Algorithms|C|DBMS|Data Structures|Frontend Development|Hardware Design|JavaScript|Operating Systems|Python|SQL|Software Engineering|Software Testing|Statistics|Web Development,C|JavaScript|Python,Systems,Systems,Vulnerability Scanner|Phishing Detection Tool,,Penetration Tester,CYSEC,Self-paced Online
S00625,Meera Rao,Female,22,CSE,7,5.92,67.1,74,Algorithms|Business Analytics|C|Cloud Computing|DBMS|Data Engineering|Data Structures|Deep Learning|Distributed Systems|Frontend Development|Hardware Design|Java|JavaScript|Machine Learning|Networking|Operating Systems|Python|SQL|Software Testing|Statistics,C|Java|JavaScript|Python,Software Engineering,Software Engineering,OS Scheduler Simulation,,Systems Engineer,CSE,Mentor-guided
S00626,Rahul Nair,Male,19,CSE,4,6.41,69.7,34,Algorithms|DBMS|Data Structures|Frontend Development|Hardware Design|Java|JavaScript|Python|SQL,Java|JavaScript|Python,Statistics,Statistics,E-commerce Web App,DSA Specialization|Java Programming Certificate,Penetration Tester,CSE,Hands-on Labs
S00627,Prakash Iyer,Female,20,CYSEC,5,7.52,79.9,46,C|DBMS|Data Structures|Frontend Development|Hardware Design|Java|JavaScript|Networking|Operating Systems|SQL|Software Testing|Statistics,C|Java|JavaScript,Security,Security,,CompTIA Security+|Certified Ethical Hacker (CEH) - Foundation,Robotics Engineer,CYSEC,Project-based
S00628,Sanjay Raman,Male,22,CSBS,8,6.54,71.8,74,Algorithms|Business Analytics|C|DBMS|Frontend Development|Java|JavaScript|Networking|Python|Software Engineering|Software Testing|Web Development,C|Java|JavaScript|Python,Networking,Networking,Business Analytics Report Tool|Market Trend Predictor|ERP Dashboard for SMEs,,Business Systems Analyst,CSBS,Hands-on Labs
S00629,Ananya Reddy,Male,20,AIML,5,8.02,85.4,49,Algorithms|Data Structures|Frontend Development|Hardware Design|Java|JavaScript|Operating Systems|Python|SQL|Software Engineering|Software Testing|Statistics,Java|JavaScript|Python,Deep Learning,Deep Learning,Chatbot using Transformers,Deep Learning Specialization,AI Research Engineer,CSE,Theory-focused
S00630,Arjun Subramaniam,Male,21,AIDS,5,6.89,73.8,46,Algorithms|DBMS|Data Structures|Frontend Development|Hardware Design|Java|JavaScript|Networking|Operating Systems|Python|Software Engineering|Statistics|Web Development,Java|JavaScript|Python,Statistics,Statistics,Customer Segmentation Analysis|ETL Pipeline for Retail Data,,Penetration Tester,AIDS,Mentor-guided
S00631,Naveen Sharma,Male,20,CSE,6,6.45,71.0,58,DBMS|Data Structures|Frontend Development|Hardware Design|Networking|Operating Systems|Python|SQL|Software Engineering|Software Testing|Statistics|Web Development,Python,Algorithms,Algorithms,Compiler Mini-Project,,Software Engineer,CSE,Project-based
S00632,Karthik Singh,Female,21,CYSEC,8,7.93,86.4,70,Algorithms|C|Cryptography|Cyber Security|DBMS|Data Structures|Ethical Hacking|Frontend Development|Java|JavaScript|Networking|Operating Systems|Python|Software Engineering|Web Development,C|Java|JavaScript|Python,Cryptography,Cryptography,Phishing Detection Tool|Secure File Sharing System,Certified Ethical Hacker (CEH) - Foundation,Security Architect,CYSEC,Self-paced Online
S00633,Sneha Bose,Male,20,CSE,5,7.94,85.0,49,Algorithms|C|DBMS|Data Structures|Frontend Development|Hardware Design|Java|JavaScript|Networking|Operating Systems|Software Engineering|Software Testing|Statistics|Web Development,C|Java|JavaScript,Software Engineering,Software Engineering,Compiler Mini-Project|OS Scheduler Simulation,Java Programming Certificate|DSA Specialization,Database Administrator,CSE,Theory-focused
S00634,Anjali Verma,Female,20,IT,6,6.64,71.4,58,C|DBMS|Data Structures|Frontend Development|Java|JavaScript|Operating Systems|Python|SQL|Statistics|Web Development,C|Java|JavaScript|Python,Cloud,Cloud,Cloud-hosted Inventory System,,DevOps Engineer,AIML,Project-based
S00635,Manoj Pillai,Female,20,CYSEC,4,7.82,81.8,34,C|Data Structures|Frontend Development|Hardware Design|Java|Python|Software Engineering|Web Development,C|Java|Python,Networking,Networking,Secure File Sharing System,,SOC Analyst,CYSEC,Mentor-guided
S00636,Shreya Nair,Male,20,CSE,6,7.82,84.0,62,Algorithms|Business Analytics|C|DBMS|Data Structures|Hardware Design|Java|JavaScript|Networking|Operating Systems|Software Engineering|Statistics|Web Development,C|Java|JavaScript,Systems,Systems,E-commerce Web App|Compiler Mini-Project,,Backend Developer,CSE,Theory-focused
S00637,Suresh Patel,Male,19,CYSEC,4,6.71,71.5,34,Algorithms|C|DBMS|Data Structures|Frontend Development|Java|JavaScript|Python|Software Engineering|Web Development,C|Java|JavaScript|Python,Security,Security,Phishing Detection Tool|Secure File Sharing System,CompTIA Security+|Certified Ethical Hacker (CEH) - Foundation,Security Architect,CYSEC,Hands-on Labs
S00638,Lakshmi Gupta,Male,22,CSE,8,6.7,71.5,76,C|Cloud Computing|Computer Vision|Cyber Security|DBMS|Data Structures|Deep Learning|DevOps|Distributed Systems|Ethical Hacking|Frontend Development|Hardware Design|Java|JavaScript|Networking|Python|Software Engineering|Statistics|Web Development,C|Java|JavaScript|Python,Algorithms,Algorithms,E-commerce Web App,DSA Specialization,Cloud Engineer,CSE,Mentor-guided
S00639,Aravind Sharma,Female,20,IT,3,9.0,98.8,23,Algorithms|C|Data Structures|Hardware Design|Python|Statistics,C|Python,Networking,Networking,Enterprise CRM App|Cloud-hosted Inventory System,AWS Cloud Practitioner,DevOps Engineer,IT,Hands-on Labs
S00640,Kiran Chandran,Female,22,CSE,8,5.26,61.8,73,Backend Development|DBMS|Data Analytics|Data Structures|Deep Learning|Distributed Systems|Frontend Development|Hardware Design|JavaScript|NLP|Operating Systems|Python|SQL|Software Engineering|Statistics|Web Development,JavaScript|Python,Software Engineering,Software Engineering,,Java Programming Certificate,Software Architect,CSE,Theory-focused
S00641,Sanjay Mehta,Female,21,CYSEC,5,7.54,79.3,46,Algorithms|C|DBMS|Data Structures|Frontend Development|Hardware Design|Java|JavaScript|Networking|Operating Systems|Python|SQL|Software Engineering|Statistics|Web Development,C|Java|JavaScript|Python,Networking,Networking,Vulnerability Scanner|Secure File Sharing System,CompTIA Security+,Database Administrator,CYSEC,Self-paced Online
S00642,Meera Gupta,Male,20,IOT,6,7.48,80.9,61,C|DBMS|Data Structures|Frontend Development|Hardware Design|Java|Networking|Operating Systems|Python|SQL|Software Engineering|Software Testing|Statistics|Web Development,C|Java|Python,Embedded Systems,Embedded Systems,Weather Monitoring IoT Node,,IoT Solutions Engineer,IOT,Self-paced Online
S00643,Gokul Rao,Female,19,IT,3,6.74,72.9,23,Algorithms|Data Structures|Hardware Design|Python,Python,Algorithms,Algorithms,Cloud-hosted Inventory System|Network Monitoring Tool,AWS Cloud Practitioner,Backend Developer,IT,Project-based
S00644,Sneha Subramaniam,Female,20,CSE,3,8.17,86.3,23,Algorithms|C|Data Structures|Hardware Design,C,Statistics,Statistics,OS Scheduler Simulation,Java Programming Certificate,Database Administrator,CSE,Theory-focused
S00645,Sanjay Mehta,Male,21,AIDS,5,7.8,83.2,49,Algorithms|C|DBMS|Data Structures|Frontend Development|Java|JavaScript|Networking|Operating Systems|Python|SQL|Software Engineering|Software Testing|Statistics,C|Java|JavaScript|Python,Statistics,Statistics,Sales Forecasting Dashboard,,Business Intelligence Analyst,AIDS,Mentor-guided
S00646,Karthik Patel,Male,21,CSE,7,7.25,77.2,71,Algorithms|C|Cyber Security|DBMS|Data Analytics|Data Structures|Distributed Systems|Ethical Hacking|Frontend Development|Hardware Design|JavaScript|Networking|Operating Systems|Python|SQL|Software Engineering|Software Testing|Statistics,C|JavaScript|Python,Programming,Programming,E-commerce Web App|OS Scheduler Simulation,,Cloud Engineer,CSE,Hands-on Labs
S00647,Deepa Reddy,Male,21,CSE,7,7.07,77.3,69,Algorithms|Business Analytics|C|Cyber Security|DBMS|Data Structures|Distributed Systems|Ethical Hacking|Frontend Development|Hardware Design|Java|JavaScript|Networking|Operating Systems|Python|Software Engineering|Web Development,C|Java|JavaScript|Python,Systems,Systems,OS Scheduler Simulation|Compiler Mini-Project,Java Programming Certificate|DSA Specialization,Backend Developer,CSE,Mentor-guided
S00648,Kavya Singh,Female,19,IT,4,8.55,92.0,31,Algorithms|C|DBMS|Data Structures|Frontend Development|Hardware Design|JavaScript|Python|SQL|Software Engineering|Statistics|Web Development,C|JavaScript|Python,Web Systems,Web Systems,,AWS Cloud Practitioner|CompTIA Network+,IT Consultant,IT,Hands-on Labs
S00649,Priya Chandran,Male,21,AIDS,7,3.51,52.2,65,C|Cloud Computing|DBMS|Data Analytics|Data Structures|Frontend Development|Hardware Design|Java|JavaScript|Machine Learning|Operating Systems|Python|SQL|Software Testing|Statistics|Web Development,C|Java|JavaScript|Python,Data Engineering,Data Engineering,,,Data Scientist,AIDS,Theory-focused
S00650,Ananya Verma,Male,21,AIDS,7,6.32,68.5,72,Algorithms|C|Cloud Computing|DBMS|Data Analytics|Embedded Systems|Hardware Design|Java|JavaScript|Networking|Operating Systems|Python|SQL|Software Engineering|Statistics|Web Development,C|Java|JavaScript|Python,Machine Learning,Machine Learning,Sales Forecasting Dashboard,IBM Data Science Certificate,Data Scientist,AIDS,Project-based
S00651,Ananya Pillai,Male,19,AIML,3,8.13,87.5,23,Algorithms|Data Structures|Hardware Design|Python|Statistics,Python,Statistics,Statistics,,Deep Learning Specialization,Computer Vision Engineer,AIML,Project-based
S00652,Ananya Menon,Female,19,CSE,4,7.41,80.7,34,Algorithms|C|DBMS|Data Structures|Frontend Development|Hardware Design|JavaScript|Python|Software Engineering|Statistics|Web Development,C|JavaScript|Python,Statistics,Statistics,Compiler Mini-Project,,Cloud Engineer,IOT,Theory-focused
S00653,Ritu Das,Male,20,CSE,4,8.79,94.2,34,Algorithms|C|DBMS|Data Structures|Frontend Development|Hardware Design|Java|JavaScript|Python|Statistics|Web Development,C|Java|JavaScript|Python,Programming,Programming,OS Scheduler Simulation|Compiler Mini-Project,,Cloud Engineer,CSE,Project-based
S00654,Manoj Menon,Male,21,IT,6,6.43,71.8,63,Business Analytics|C|DBMS|Data Analytics|Data Structures|Frontend Development|Hardware Design|Java|Machine Learning|Python|SQL|Software Testing|Statistics|Web Development,C|Java|Python,Systems,Systems,,CompTIA Network+,Software Engineer,IT,Theory-focused
S00655,Vivek Pillai,Female,21,AIML,7,7.39,79.5,70,Algorithms|C|DBMS|Data Analytics|Data Engineering|Data Structures|Deep Learning|Frontend Development|Hardware Design|IoT|JavaScript|Machine Learning|Python|SQL|Software Testing|Statistics|Web Development,C|JavaScript|Python,Statistics,Statistics,Sentiment Analysis Tool|Chatbot using Transformers,TensorFlow Developer Certificate,Computer Vision Engineer,AIML,Theory-focused
S00656,Pooja Singh,Female,19,IT,3,7.0,75.2,23,C|Data Structures|Hardware Design|Python|Statistics,C|Python,Databases,Databases,,CompTIA Network+,DevOps Engineer,IT,Mentor-guided
S00657,Priya Varma,Female,19,IT,4,6.43,69.4,30,C|DBMS|Data Structures|Frontend Development|Hardware Design|JavaScript|Python|SQL|Web Development,C|JavaScript|Python,Databases,Databases,,CompTIA Network+,IT Consultant,IT,Hands-on Labs
S00658,Rohan Das,Female,21,CSE,7,7.14,77.9,71,Algorithms|C|DBMS|Data Structures|DevOps|Distributed Systems|Embedded Systems|Frontend Development|Hardware Design|Java|Networking|Operating Systems|Python|SQL|Software Engineering|Statistics|Web Development,C|Java|Python,Algorithms,Algorithms,,,Systems Engineer,CSE,Hands-on Labs
S00659,Rahul Pillai,Female,21,AIML,7,8.12,86.2,60,Algorithms|C|Cloud Computing|Data Engineering|Data Structures|Deep Learning|Hardware Design|Java|JavaScript|Machine Learning|Operating Systems|Python|SQL|Software Testing|Statistics|Web Development,C|Java|JavaScript|Python,Machine Learning,Machine Learning,Sentiment Analysis Tool|Image Classification Model,Deep Learning Specialization,Robotics Engineer,AIML,Hands-on Labs
S00660,Lakshmi Rao,Female,20,IT,5,5.59,63.4,49,C|DBMS|Data Structures|Frontend Development|Hardware Design|Java|JavaScript|Networking|Python|SQL|Software Engineering|Software Testing|Statistics|Web Development,C|Java|JavaScript|Python,Web Systems,Web Systems,Enterprise CRM App|Cloud-hosted Inventory System,CompTIA Network+|AWS Cloud Practitioner,IoT Solutions Engineer,CSE,Mentor-guided
S00661,Priya Singh,Male,19,AIML,3,7.74,81.5,23,Algorithms|C|Data Structures|Hardware Design|Python|Statistics,C|Python,Deep Learning,Deep Learning,Image Classification Model|Sentiment Analysis Tool,TensorFlow Developer Certificate|Deep Learning Specialization,Computer Vision Engineer,AIML,Theory-focused
S00662,Sneha Menon,Female,21,CSBS,7,7.17,76.7,71,Business Analytics|C|Cloud Computing|DBMS|Data Engineering|Data Structures|Distributed Systems|Frontend Development|Hardware Design|Java|JavaScript|Machine Learning|Networking|Operating Systems|Python|Software Testing,C|Java|JavaScript|Python,Business Analytics,Business Analytics,ERP Dashboard for SMEs|Market Trend Predictor,,Software Engineer,CSBS,Project-based
S00663,Meera Verma,Female,20,CYSEC,6,6.91,75.4,58,Algorithms|Cloud Computing|Cryptography|Cyber Security|DBMS|Data Structures|DevOps|Frontend Development|Hardware Design|Java|JavaScript|Networking|Operating Systems|Software Engineering|Software Testing|Statistics|Web Development,Java|JavaScript,Cryptography,Cryptography,Secure File Sharing System|Vulnerability Scanner,,Cybersecurity Analyst,CYSEC,Project-based
S00664,Vivek Pillai,Male,20,IT,5,6.61,70.8,49,C|DBMS|Data Structures|Frontend Development|Hardware Design|JavaScript|Operating Systems|SQL|Software Engineering|Software Testing|Statistics|Web Development,C|JavaScript,Statistics,Statistics,Enterprise CRM App|Cloud-hosted Inventory System,AWS Cloud Practitioner,Systems Administrator,IT,Self-paced Online
S00665,Naveen Das,Female,20,CSE,5,8.59,91.1,49,C|DBMS|Data Structures|Frontend Development|Hardware Design|Java|JavaScript|Networking|Operating Systems|Python|SQL|Software Engineering|Software Testing|Statistics|Web Development,C|Java|JavaScript|Python,Algorithms,Algorithms,OS Scheduler Simulation|E-commerce Web App,,Security Architect,CSE,Theory-focused
S00666,Naveen Varma,Female,19,AIDS,4,7.47,81.1,34,C|DBMS|Data Structures|Frontend Development|Java|JavaScript|Python|SQL|Software Engineering|Statistics|Web Development,C|Java|JavaScript|Python,Data Science,Data Science,,,Data Scientist,AIDS,Hands-on Labs
S00667,Naveen Singh,Male,19,IOT,3,6.75,75.2,20,Algorithms|C|Hardware Design|Statistics,C,Management,Management,Weather Monitoring IoT Node|Wearable Health Tracker,IoT Fundamentals (Cisco),Security Architect,IOT,Project-based
S00668,Prakash Singh,Female,21,CYSEC,8,6.84,74.0,75,Algorithms|Business Analytics|C|Cloud Computing|Cryptography|Cyber Security|DBMS|Data Structures|Ethical Hacking|Frontend Development|IoT|Java|JavaScript|Networking|Operating Systems|Python|SQL|Software Testing|Statistics,C|Java|JavaScript|Python,Embedded Systems,Embedded Systems,Vulnerability Scanner|Secure File Sharing System,,Cybersecurity Analyst,CYSEC,Hands-on Labs
S00669,Arjun Reddy,Male,22,AIML,7,7.48,79.8,71,Algorithms|Cloud Computing|Data Analytics|Data Engineering|Deep Learning|Frontend Development|Hardware Design|IoT|Java|JavaScript|Machine Learning|Networking|Operating Systems|SQL|Software Testing|Statistics,Java|JavaScript,Deep Learning,Deep Learning,,Deep Learning Specialization,Robotics Engineer,AIML,Hands-on Labs
S00670,Sanjay Nair,Male,21,CYSEC,7,6.31,71.5,75,Algorithms|C|Cloud Computing|Cryptography|DBMS|Data Engineering|Data Structures|Ethical Hacking|Frontend Development|Hardware Design|Java|Machine Learning|Networking|Operating Systems|Python|SQL|Software Engineering|Software Testing|Statistics|Web Development,C|Java|Python,Cryptography,Cryptography,Secure File Sharing System,CompTIA Security+,Security Architect,CYSEC,Mentor-guided
S00671,Swathi Nair,Male,21,CSE,8,5.44,63.5,77,Algorithms|C|Cloud Computing|Cyber Security|DBMS|Data Analytics|Data Structures|DevOps|Distributed Systems|Ethical Hacking|Frontend Development|Hardware Design|Java|JavaScript|Networking|Operating Systems|Python|SQL|Software Testing|Statistics|Web Development|NLP,C|Java|JavaScript|Python,Programming,Programming,Compiler Mini-Project,DSA Specialization,DevOps Engineer,CSE,Self-paced Online
S00672,Nisha Subramaniam,Male,19,CYSEC,4,8.55,90.0,31,Algorithms|C|DBMS|Java|Python|SQL|Software Engineering,C|Java|Python,Management,Management,Vulnerability Scanner|Phishing Detection Tool|Secure File Sharing System,,Penetration Tester,CSBS,Mentor-guided
S00673,Manoj Raman,Female,19,CSBS,3,7.9,83.5,20,Algorithms|C|Data Structures|Hardware Design|Python|Statistics,C|Python,Statistics,Statistics,ERP Dashboard for SMEs|Business Analytics Report Tool,PMP Foundation,Business Intelligence Analyst,CSBS,Theory-focused
S00674,Aravind Kumar,Female,20,CSE,4,8.76,95.4,34,DBMS|Frontend Development|Hardware Design|JavaScript|Python|SQL|Software Engineering|Statistics|Web Development,JavaScript|Python,Systems,Systems,,,Systems Administrator,CSE,Mentor-guided
S00675,Vivek Mehta,Male,21,CSE,5,8.12,86.7,49,Algorithms|C|Data Structures|Frontend Development|Hardware Design|Java|JavaScript|Operating Systems|Python|SQL|Software Engineering|Software Testing|Statistics|Web Development,C|Java|JavaScript|Python,Data Science,Data Science,OS Scheduler Simulation,Java Programming Certificate,NLP Engineer,CSE,Self-paced Online
S00676,Nisha Patel,Male,19,AIML,4,4.52,55.2,31,C|DBMS|Data Structures|Frontend Development|Hardware Design|Java|JavaScript|Python|SQL|Software Engineering|Web Development|Cryptography,C|Java|JavaScript|Python,Statistics,Statistics,Image Classification Model,Deep Learning Specialization|TensorFlow Developer Certificate,DevOps Engineer,AIML,Self-paced Online
S00677,Nisha Mehta,Female,19,CYSEC,3,8.22,88.5,23,Algorithms|Data Structures|Hardware Design|Python|Statistics,Python,Systems,Systems,Phishing Detection Tool|Secure File Sharing System,,Security Architect,CYSEC,Theory-focused
S00678,Prakash Iyer,Male,19,CSBS,3,9.0,96.7,23,Algorithms|C|Data Structures|Python|Statistics,C|Python,Business Analytics,Business Analytics,Business Analytics Report Tool,Google Business Analytics Certificate,NLP Engineer,CSBS,Mentor-guided
S00679,Ananya Raman,Male,19,CSE,4,7.5,79.3,34,Algorithms|DBMS|Frontend Development|Hardware Design|Java|Python|SQL|Software Engineering|Web Development,Java|Python,Software Engineering,Software Engineering,OS Scheduler Simulation|E-commerce Web App,DSA Specialization|Java Programming Certificate,Systems Engineer,CSE,Self-paced Online
S00680,Priya Chandran,Female,21,CSE,7,8.14,86.6,64,Cyber Security|Data Engineering|Data Structures|Distributed Systems|Frontend Development|Hardware Design|IoT|Java|Networking|Python|SQL|Software Engineering|Statistics|Web Development|Computer Vision,Java|Python,IoT,IoT,E-commerce Web App|Compiler Mini-Project,Java Programming Certificate,Penetration Tester,CSE,Hands-on Labs
S00681,Meera Subramaniam,Male,19,IT,3,8.17,85.1,23,Algorithms|C|Data Structures|Hardware Design|Python|Statistics,C|Python,Networking,Networking,,CompTIA Network+,Network Administrator,IT,Self-paced Online
S00682,Karthik Krishnan,Male,21,CSBS,5,8.02,84.9,46,Algorithms|C|DBMS|Data Structures|Frontend Development|Hardware Design|Java|JavaScript|Networking|Operating Systems|Python|Software Engineering|Web Development,C|Java|JavaScript|Python,Management,Management,ERP Dashboard for SMEs|Market Trend Predictor,Google Business Analytics Certificate,Business Systems Analyst,CSBS,Hands-on Labs
S00683,Gokul Sharma,Male,21,AIDS,5,6.47,69.9,43,Algorithms|C|Data Structures|Frontend Development|JavaScript|Python|SQL|Software Engineering|Software Testing|Statistics|Web Development,C|JavaScript|Python,Data Engineering,Data Engineering,,,Data Scientist,AIDS,Self-paced Online
S00684,Meera Chandran,Male,20,CYSEC,6,3.97,53.7,60,Algorithms|C|Cryptography|Cyber Security|DBMS|Data Structures|Embedded Systems|Frontend Development|Hardware Design|JavaScript|Machine Learning|Networking|Operating Systems|Python|SQL|Software Testing|Statistics|Web Development,C|JavaScript|Python,Data Engineering,Data Engineering,,CompTIA Security+,Data Scientist,CYSEC,Project-based
S00685,Deepa Kumar,Female,20,CSBS,5,8.93,95.3,45,Algorithms|C|DBMS|Data Structures|Frontend Development|Hardware Design|Java|JavaScript|Networking|Operating Systems|SQL|Software Engineering|Software Testing|Statistics,C|Java|JavaScript,Business Analytics,Business Analytics,,,Data Analyst,CSBS,Hands-on Labs
S00686,Aravind Mehta,Male,20,IT,6,8.59,94.5,49,Algorithms|C|DBMS|Data Structures|Frontend Development|Hardware Design|Machine Learning|Networking|Operating Systems|Python|SQL|Software Engineering|Software Testing|Statistics|Web Development,C|Python,Databases,Databases,Network Monitoring Tool|Enterprise CRM App,,IT Support Engineer,IT,Self-paced Online
S00687,Gokul Iyer,Female,21,AIML,5,6.63,71.8,43,Algorithms|C|DBMS|Data Structures|Frontend Development|Hardware Design|Java|Networking|Python|SQL|Software Engineering|Software Testing|Web Development,C|Java|Python,Embedded Systems,Embedded Systems,,,IT Support Engineer,AIML,Mentor-guided
S00688,Ananya Verma,Male,20,AIDS,6,5.77,65.5,62,Algorithms|C|Data Analytics|Data Structures|Hardware Design|Java|JavaScript|Machine Learning|Networking|Operating Systems|Python|SQL|Software Testing|Statistics|Web Development|Deep Learning,C|Java|JavaScript|Python,Machine Learning,Machine Learning,Customer Segmentation Analysis,,Machine Learning Engineer,AIDS,Self-paced Online
S00689,Arjun Reddy,Female,20,IOT,6,7.12,75.9,59,Algorithms|Cloud Computing|DBMS|Data Structures|DevOps|Embedded Systems|Frontend Development|Java|Operating Systems|Python|Software Testing|Statistics|Web Development,Java|Python,Hardware,Hardware,Smart Home Automation,Embedded Systems Certificate,Embedded Systems Engineer,IOT,Project-based
S00690,Lakshmi Sharma,Female,20,IT,3,8.87,96.7,23,C|Data Structures|Hardware Design|Python|Statistics,C|Python,Databases,Databases,Network Monitoring Tool,,Database Administrator,IOT,Self-paced Online
S00691,Aditi Menon,Male,19,AIML,4,6.03,68.5,30,Algorithms|C|DBMS|Data Structures|Frontend Development|Hardware Design|Java|JavaScript|SQL|Software Engineering|Statistics|Web Development,C|Java|JavaScript,AI,AI,,Deep Learning Specialization,NLP Engineer,AIML,Self-paced Online
S00692,Anjali Chandran,Male,20,CSE,4,7.52,79.3,31,Algorithms|C|DBMS|Data Structures|Frontend Development|Hardware Design|Java|JavaScript|Python|SQL|Software Engineering,C|Java|JavaScript|Python,Programming,Programming,E-commerce Web App,DSA Specialization|Java Programming Certificate,Computer Vision Engineer,CSE,Hands-on Labs
S00693,Vikram Verma,Male,19,IOT,4,5.24,60.5,34,Algorithms|C|DBMS|Data Structures|Frontend Development|Hardware Design|Java|JavaScript|SQL|Software Engineering|Statistics|Web Development|Deep Learning,C|Java|JavaScript,Networking,Networking,Weather Monitoring IoT Node,IoT Fundamentals (Cisco),Robotics Engineer,CYSEC,Hands-on Labs
S00694,Anjali Chandran,Male,20,IT,4,7.39,80.5,31,Algorithms|C|DBMS|Data Structures|Frontend Development|Java|JavaScript|Python|Software Engineering|Statistics|Web Development|Embedded Systems,C|Java|JavaScript|Python,Web Systems,Web Systems,Enterprise CRM App|Network Monitoring Tool,,Backend Developer,IT,Project-based
S00695,Ritu Nair,Female,20,CSE,5,6.69,72.9,49,Algorithms|C|DBMS|Data Structures|Frontend Development|Hardware Design|Java|JavaScript|Networking|Python|Software Engineering|Statistics|Web Development,C|Java|JavaScript|Python,Databases,Databases,E-commerce Web App,DSA Specialization,DevOps Engineer,CSE,Mentor-guided
S00696,Naveen Varma,Male,21,CYSEC,5,6.22,69.5,45,Algorithms|C|DBMS|Data Structures|Frontend Development|Hardware Design|Java|JavaScript|Networking|Operating Systems|Python|SQL|Software Engineering|Statistics|Web Development,C|Java|JavaScript|Python,Networking,Networking,,,Network Administrator,CYSEC,Project-based
S00697,Sanjay Rao,Male,19,AIDS,4,6.85,73.8,34,Algorithms|C|DBMS|Data Structures|Frontend Development|Java|JavaScript|Python|SQL|Software Engineering|Statistics,C|Java|JavaScript|Python,Statistics,Statistics,ETL Pipeline for Retail Data|Sales Forecasting Dashboard,IBM Data Science Certificate|Google Data Analytics Certificate,Data Engineer,AIDS,Mentor-guided
S00698,Manoj Raman,Male,20,CSE,6,7.9,85.3,52,Algorithms|C|Cloud Computing|DBMS|Data Structures|DevOps|Frontend Development|JavaScript|Networking|Operating Systems|Software Engineering|Software Testing,C|JavaScript,Programming,Programming,E-commerce Web App|Compiler Mini-Project,,Software Architect,CSE,Hands-on Labs
S00699,Aditi Patel,Female,19,CSE,4,8.62,90.5,34,Algorithms|C|DBMS|Frontend Development|Hardware Design|Java|Python|SQL|Software Engineering|Statistics|Web Development|Machine Learning,C|Java|Python,Software Engineering,Software Engineering,Compiler Mini-Project|OS Scheduler Simulation,,Database Administrator,AIDS,Project-based
S00700,Karthik Varma,Female,20,AIDS,6,6.86,73.8,57,Algorithms|Business Analytics|C|DBMS|Hardware Design|Java|Machine Learning|Networking|SQL|Software Testing,C|Java,Data Engineering,Data Engineering,ETL Pipeline for Retail Data,Google Data Analytics Certificate,Business Intelligence Analyst,AIDS,Theory-focused
S00701,Vikram Verma,Female,19,IOT,3,5.74,65.1,23,Algorithms|C|Data Structures|Hardware Design|Python|Statistics,C|Python,Embedded Systems,Embedded Systems,Smart Home Automation|Wearable Health Tracker|Weather Monitoring IoT Node,,Firmware Engineer,IOT,Project-based
S00702,Ritu Raman,Female,19,AIDS,4,5.32,61.9,31,C|DBMS|Data Structures|Frontend Development|Java|JavaScript|Python|SQL|Web Development,C|Java|JavaScript|Python,Machine Learning,Machine Learning,ETL Pipeline for Retail Data|Customer Segmentation Analysis,IBM Data Science Certificate,Software Engineer,AIDS,Theory-focused
S00703,Swathi Reddy,Female,20,CSBS,6,4.29,57.2,56,Algorithms|Business Analytics|C|DBMS|Data Analytics|Data Structures|Frontend Development|Hardware Design|Java|JavaScript|Networking|SQL|Software Engineering|Software Testing|Web Development,C|Java|JavaScript,Software,Software,ERP Dashboard for SMEs,,IT Consultant,CSBS,Mentor-guided
S00704,Sneha Chandran,Male,21,CYSEC,8,7.86,83.9,96,Backend Development|Business Analytics|C|Cloud Computing|Cryptography|DBMS|Data Structures|Distributed Systems|Ethical Hacking|Frontend Development|Hardware Design|IoT|JavaScript|Machine Learning|Networking|Operating Systems|Python|SQL|Software Engineering|Software Testing|Statistics,C|JavaScript|Python,Security,Security,Secure File Sharing System|Phishing Detection Tool,CompTIA Security+,Penetration Tester,CYSEC,Theory-focused
S00705,Meera Pillai,Male,20,CYSEC,3,6.7,71.8,23,Algorithms|Data Structures|Hardware Design|Python|Statistics|Computer Vision,Python,Security,Security,Phishing Detection Tool,CompTIA Security+|Certified Ethical Hacker (CEH) - Foundation,Cybersecurity Analyst,CYSEC,Hands-on Labs
S00706,Kavya Kumar,Female,19,AIML,3,7.17,78.2,23,C|Data Structures|Hardware Design|Statistics,C,Deep Learning,Deep Learning,Sentiment Analysis Tool|Image Classification Model,TensorFlow Developer Certificate,Data Scientist,AIML,Project-based
S00707,Rahul Patel,Female,20,IT,6,6.76,72.5,55,Algorithms|C|Cloud Computing|DBMS|Data Structures|DevOps|Frontend Development|Hardware Design|JavaScript|Operating Systems|Python|SQL|Statistics|Web Development,C|JavaScript|Python,Cloud,Cloud,Cloud-hosted Inventory System,,Software Engineer,IT,Self-paced Online
S00708,Kavya Gupta,Male,19,AIDS,4,5.76,65.6,34,Algorithms|C|DBMS|Hardware Design|JavaScript|Python|Statistics,C|JavaScript|Python,Machine Learning,Machine Learning,Customer Segmentation Analysis|ETL Pipeline for Retail Data,,IT Consultant,AIDS,Mentor-guided
S00709,Vivek Singh,Female,19,CSE,4,6.62,73.0,34,Algorithms|C|DBMS|Data Structures|Hardware Design|JavaScript|SQL|Software Engineering|Statistics,C|JavaScript,Algorithms,Algorithms,OS Scheduler Simulation|Compiler Mini-Project|E-commerce Web App,DSA Specialization|Java Programming Certificate,Software Architect,CSBS,Project-based
S00710,Aditi Reddy,Female,19,CSE,4,7.32,78.6,34,Algorithms|C|DBMS|Data Structures|Java|JavaScript|SQL|Software Engineering,C|Java|JavaScript,Programming,Programming,Compiler Mini-Project,Java Programming Certificate,Database Administrator,AIML,Project-based
S00711,Kavya Raman,Female,21,IOT,6,4.68,60.6,59,Algorithms|Business Analytics|C|Cloud Computing|DBMS|Data Analytics|Data Structures|DevOps|Frontend Development|Hardware Design|Java|JavaScript|Networking|Operating Systems|Python|SQL|Software Engineering|Software Testing|Statistics|Web Development,C|Java|JavaScript|Python,Programming,Programming,Weather Monitoring IoT Node|Smart Home Automation|Wearable Health Tracker,IoT Fundamentals (Cisco),IoT Solutions Engineer,CSBS,Self-paced Online
S00712,Aditi Krishnan,Female,19,IT,3,9.0,96.1,23,Algorithms|C|Data Structures|Hardware Design|Python|Networking,C|Python,Networking,Networking,Network Monitoring Tool,CompTIA Network+,IT Consultant,IT,Self-paced Online
S00713,Ritu Reddy,Female,21,IT,8,8.41,88.3,85,Backend Development|Business Analytics|C|Cyber Security|Data Analytics|Data Engineering|Data Structures|DevOps|Frontend Development|Hardware Design|Java|JavaScript|Machine Learning|Networking|Operating Systems|SQL|Software Engineering|Statistics|Web Development,C|Java|JavaScript,Databases,Databases,Cloud-hosted Inventory System|Network Monitoring Tool,AWS Cloud Practitioner|CompTIA Network+,IoT Solutions Engineer,IT,Theory-focused
S00714,Nisha Gupta,Male,20,IT,3,7.57,80.4,23,Data Structures|Python|Statistics,Python,Management,Management,Enterprise CRM App|Network Monitoring Tool|Cloud-hosted Inventory System,CompTIA Network+|AWS Cloud Practitioner,Cloud Engineer,IT,Mentor-guided
S00715,Sneha Patel,Female,19,CSBS,3,6.22,66.2,23,Algorithms|C|Data Structures|Hardware Design|Python|Statistics,C|Python,Management,Management,ERP Dashboard for SMEs|Market Trend Predictor|Business Analytics Report Tool,,Business Systems Analyst,CSBS,Theory-focused
S00716,Aravind Nair,Female,20,CSE,5,7.55,80.1,49,C|DBMS|Data Structures|Hardware Design|Java|JavaScript|Networking|Operating Systems|Python|SQL|Software Engineering|Software Testing|Web Development,C|Java|JavaScript|Python,Data Engineering,Data Engineering,,DSA Specialization,Product Manager (Tech),IT,Hands-on Labs
S00717,Sanjay Patel,Male,20,AIML,5,6.43,71.1,49,Algorithms|C|DBMS|Data Structures|Frontend Development|Hardware Design|Java|JavaScript|Operating Systems|SQL|Software Engineering|Software Testing|Statistics|Web Development,C|Java|JavaScript,Deep Learning,Deep Learning,Sentiment Analysis Tool,TensorFlow Developer Certificate,Machine Learning Engineer,AIML,Mentor-guided
S00718,Aravind Reddy,Female,20,CSE,5,7.0,76.1,49,C|Data Structures|Frontend Development|Hardware Design|Java|JavaScript|Networking|Operating Systems|SQL|Software Engineering|Statistics|Web Development,C|Java|JavaScript,Software Engineering,Software Engineering,Compiler Mini-Project|E-commerce Web App|OS Scheduler Simulation,,Product Manager (Tech),CSE,Hands-on Labs
S00719,Karthik Das,Female,21,AIML,7,7.95,84.9,63,Cloud Computing|Data Engineering|Deep Learning|Embedded Systems|Java|JavaScript|Machine Learning|Operating Systems|Python|SQL|Software Testing|Statistics,Java|JavaScript|Python,Statistics,Statistics,Chatbot using Transformers|Sentiment Analysis Tool|Image Classification Model,,Cybersecurity Analyst,AIML,Hands-on Labs
S00720,Rohan Nair,Male,20,IT,5,7.3,78.9,43,Algorithms|C|DBMS|Data Structures|Java|Networking|Operating Systems|Python|SQL|Software Testing|Statistics,C|Java|Python,Statistics,Statistics,Cloud-hosted Inventory System,,Cloud Engineer,IT,Mentor-guided
S00721,Meera Pillai,Female,19,IT,4,8.24,88.4,34,Algorithms|C|DBMS|Data Structures|Frontend Development|Hardware Design|Java|JavaScript|Python|SQL|Software Engineering|Statistics,C|Java|JavaScript|Python,Networking,Networking,Network Monitoring Tool|Enterprise CRM App,,Database Administrator,IT,Hands-on Labs
S00722,Pooja Pillai,Female,21,AIDS,7,5.71,65.3,80,C|Cloud Computing|Cyber Security|DBMS|Data Analytics|Data Engineering|Distributed Systems|Embedded Systems|Hardware Design|Java|Machine Learning|Operating Systems|SQL|Software Engineering|Software Testing|Statistics|Web Development,C|Java,Data Engineering,Data Engineering,ETL Pipeline for Retail Data|Sales Forecasting Dashboard|Customer Segmentation Analysis,,Machine Learning Engineer,AIDS,Theory-focused
S00723,Manoj Nair,Female,22,CYSEC,7,6.44,69.9,66,Algorithms|C|Cryptography|Data Structures|Frontend Development|Hardware Design|JavaScript|Networking|Operating Systems|Python|SQL|Software Engineering|Software Testing|Statistics|Web Development,C|JavaScript|Python,Cryptography,Cryptography,Phishing Detection Tool|Vulnerability Scanner,CompTIA Security+,SOC Analyst,IT,Mentor-guided
S00724,Manoj Menon,Female,20,AIML,6,7.96,86.1,53,Algorithms|DBMS|Data Structures|Hardware Design|Machine Learning|Networking|Python|SQL|Software Engineering|Software Testing|Statistics|Web Development,Python,Statistics,Statistics,Sentiment Analysis Tool,,Data Scientist,AIML,Self-paced Online
S00725,Vikram Chandran,Female,20,AIML,6,8.34,87.7,56,Algorithms|Business Analytics|C|DBMS|Data Analytics|Data Structures|DevOps|Frontend Development|Hardware Design|Java|Machine Learning|Networking|Operating Systems|Python|SQL|Software Engineering|Statistics,C|Java|Python,Software,Software,Sentiment Analysis Tool,TensorFlow Developer Certificate|Deep Learning Specialization,AI Research Engineer,AIML,Self-paced Online
S00726,Naveen Das,Female,19,AIML,3,8.48,89.3,23,Algorithms|C|Data Structures|Hardware Design|Python,C|Python,Statistics,Statistics,Image Classification Model,,Robotics Engineer,CYSEC,Theory-focused
S00727,Meera Patel,Male,19,AIDS,3,7.48,77.5,23,Algorithms|C|Data Structures|Hardware Design|Python|Statistics|Frontend Development,C|Python,Cryptography,Cryptography,Customer Segmentation Analysis,Google Data Analytics Certificate|IBM Data Science Certificate,Systems Administrator,IT,Hands-on Labs
S00728,Rohan Verma,Female,19,CSE,3,8.09,86.8,23,Algorithms|Data Structures|Hardware Design|Python,Python,Data Science,Data Science,OS Scheduler Simulation|E-commerce Web App,,Data Engineer,CSE,Theory-focused
S00729,Vivek Gupta,Male,21,IT,6,6.4,69.8,55,C|Cloud Computing|DBMS|Data Structures|DevOps|Java|JavaScript|Operating Systems|Python|SQL|Software Engineering|Software Testing|Statistics|Web Development,C|Java|JavaScript|Python,Cloud,Cloud,,AWS Cloud Practitioner|CompTIA Network+,Software Engineer,IT,Theory-focused
S00730,Pooja Menon,Male,20,AIML,4,7.03,75.9,30,Algorithms|DBMS|Data Structures|Hardware Design|Java|Python|SQL|Software Engineering|Statistics|Web Development,Java|Python,AI,AI,,,Robotics Engineer,AIML,Mentor-guided
S00731,Anjali Reddy,Female,20,IT,6,5.6,65.2,52,Algorithms|C|DBMS|DevOps|Hardware Design|Java|Operating Systems|Python|SQL|Software Engineering|Statistics|Web Development,C|Java|Python,Databases,Databases,Cloud-hosted Inventory System,,Database Administrator,IT,Hands-on Labs
S00732,Aravind Nair,Female,21,IOT,5,6.49,70.2,45,Algorithms|DBMS|Data Structures|Frontend Development|Hardware Design|Java|JavaScript|Networking|Python|Software Engineering|Software Testing|Statistics|Web Development|Backend Development,Java|JavaScript|Python,Cloud,Cloud,Weather Monitoring IoT Node|Wearable Health Tracker,,Firmware Engineer,IOT,Mentor-guided
S00733,Priya Nair,Female,19,IT,3,6.83,72.6,23,Algorithms|Hardware Design|Python|Statistics,Python,Deep Learning,Deep Learning,Cloud-hosted Inventory System,,Robotics Engineer,IT,Self-paced Online
S00734,Kavya Subramaniam,Female,21,AIDS,8,7.0,75.0,67,Cloud Computing|DBMS|Data Analytics|Data Engineering|Data Structures|DevOps|Frontend Development|Hardware Design|JavaScript|Machine Learning|Operating Systems|Python|SQL|Software Engineering|Software Testing|Statistics,JavaScript|Python,Statistics,Statistics,Customer Segmentation Analysis,IBM Data Science Certificate|Google Data Analytics Certificate,Machine Learning Engineer,AIDS,Project-based
S00735,Meera Singh,Female,20,AIML,3,7.74,82.3,23,Algorithms|C|Data Structures|Python|Statistics,C|Python,Embedded Systems,Embedded Systems,Sentiment Analysis Tool,,NLP Engineer,AIML,Mentor-guided
S00736,Arjun Varma,Female,20,CSE,3,6.83,74.1,23,Algorithms|C|Data Structures|Hardware Design|Python|Statistics|Backend Development,C|Python,IoT,IoT,OS Scheduler Simulation|E-commerce Web App,DSA Specialization,Software Engineer,CSE,Theory-focused
S00737,Ritu Rao,Male,20,CYSEC,5,7.65,82.6,49,Algorithms|C|DBMS|Data Structures|Frontend Development|Hardware Design|Java|JavaScript|Networking|Python|SQL|Software Engineering|Software Testing|Statistics|Web Development,C|Java|JavaScript|Python,Cryptography,Cryptography,Vulnerability Scanner|Secure File Sharing System,Certified Ethical Hacker (CEH) - Foundation,SOC Analyst,CYSEC,Self-paced Online
S00738,Deepa Raman,Female,21,CSE,8,6.74,70.5,70,Algorithms|C|Data Structures|Distributed Systems|Embedded Systems|Frontend Development|Java|JavaScript|Networking|Operating Systems|Python|SQL|Software Engineering|Software Testing|Statistics|Web Development,C|Java|JavaScript|Python,Programming,Programming,Compiler Mini-Project|OS Scheduler Simulation,Java Programming Certificate|DSA Specialization,Product Manager (Tech),IT,Theory-focused
S00739,Deepa Chandran,Male,22,AIML,8,7.72,83.4,75,Algorithms|Business Analytics|C|Cloud Computing|Computer Vision|DBMS|Data Analytics|Data Engineering|Data Structures|Deep Learning|DevOps|Embedded Systems|Frontend Development|Hardware Design|Java|JavaScript|Machine Learning|NLP|Networking|Operating Systems|Python|SQL|Software Engineering|Statistics|Web Development,C|Java|JavaScript|Python,Statistics,Statistics,Sentiment Analysis Tool,,Business Systems Analyst,AIML,Hands-on Labs
S00740,Rohan Kumar,Female,19,IOT,4,7.59,80.6,34,Algorithms|C|DBMS|Frontend Development|JavaScript|SQL|Software Engineering|Statistics,C|JavaScript,IoT,IoT,Wearable Health Tracker|Smart Home Automation|Weather Monitoring IoT Node,Embedded Systems Certificate,Embedded Systems Engineer,IOT,Mentor-guided
S00741,Karthik Bose,Male,19,IOT,4,4.24,57.0,34,Algorithms|C|DBMS|Data Structures|Hardware Design|Java|JavaScript|SQL|Software Engineering|Statistics|Web Development,C|Java|JavaScript,Networking,Networking,Smart Home Automation,,Firmware Engineer,IOT,Theory-focused
S00742,Rahul Chandran,Male,19,AIDS,3,4.85,59.5,20,C|Data Structures|Hardware Design|Python|Statistics,C|Python,Statistics,Statistics,Sales Forecasting Dashboard,IBM Data Science Certificate|Google Data Analytics Certificate,Machine Learning Engineer,AIDS,Self-paced Online
S00743,Lakshmi Bose,Female,21,AIDS,5,8.0,85.7,49,Data Structures|Frontend Development|Hardware Design|JavaScript|Python|SQL|Software Engineering|Software Testing|Statistics|Web Development,JavaScript|Python,Machine Learning,Machine Learning,,Google Data Analytics Certificate,Data Analyst,CYSEC,Theory-focused
S00744,Aditi Das,Male,19,AIDS,4,7.91,83.5,34,Algorithms|C|Data Structures|Frontend Development|Hardware Design|Java|JavaScript|Python|SQL|Statistics|Web Development,C|Java|JavaScript|Python,Data Engineering,Data Engineering,Sales Forecasting Dashboard,,Data Engineer,AIDS,Mentor-guided
S00745,Sanjay Reddy,Male,19,AIML,3,7.35,77.5,23,Algorithms|C|Hardware Design|Python|Statistics,C|Python,Statistics,Statistics,,TensorFlow Developer Certificate,Robotics Engineer,AIML,Theory-focused
S00746,Sneha Varma,Male,22,AIML,8,6.05,67.1,80,Algorithms|Business Analytics|C|Cloud Computing|Computer Vision|Cyber Security|DBMS|Data Analytics|Data Engineering|Data Structures|Deep Learning|Frontend Development|Hardware Design|Machine Learning|NLP|Networking|Operating Systems|Python|Software Engineering|Software Testing|Statistics|Web Development,C|Python,Machine Learning,Machine Learning,,TensorFlow Developer Certificate,AI Research Engineer,AIML,Theory-focused
S00747,Pooja Menon,Female,19,AIDS,4,5.74,63.5,31,C|Data Structures|Hardware Design|Java|SQL|Software Engineering|Statistics,C|Java,Statistics,Statistics,Customer Segmentation Analysis,Google Data Analytics Certificate,Backend Developer,AIDS,Mentor-guided
S00748,Aravind Iyer,Female,20,AIDS,6,7.17,77.8,63,Algorithms|Business Analytics|C|DBMS|Data Analytics|Data Structures|DevOps|Frontend Development|Java|Machine Learning|Networking|Python|Software Engineering|Software Testing|Statistics|Web Development,C|Java|Python,Data Engineering,Data Engineering,Sales Forecasting Dashboard|ETL Pipeline for Retail Data,Google Data Analytics Certificate,Data Scientist,AIDS,Hands-on Labs
S00749,Swathi Subramaniam,Female,20,AIDS,4,8.5,91.2,34,Algorithms|C|DBMS|Data Structures|Frontend Development|Hardware Design|Java|JavaScript|SQL|Software Engineering|Statistics|Embedded Systems,C|Java|JavaScript,Networking,Networking,Sales Forecasting Dashboard,,Data Engineer,AIDS,Self-paced Online
S00750,Suresh Sharma,Female,19,IT,3,8.87,97.3,23,Algorithms|Hardware Design|Python|Statistics,Python,Networking,Networking,Network Monitoring Tool,CompTIA Network+|AWS Cloud Practitioner,IT Support Engineer,IT,Hands-on Labs
S00751,Gokul Pillai,Male,19,AIML,3,9.0,99.5,23,Algorithms|C|Data Structures|Hardware Design|Python,C|Python,Statistics,Statistics,Image Classification Model,,Robotics Engineer,AIML,Project-based
S00752,Harish Gupta,Male,22,AIML,8,3.89,55.1,76,Algorithms|C|Computer Vision|Cryptography|DBMS|Data Structures|Deep Learning|Embedded Systems|Hardware Design|Java|Machine Learning|NLP|Networking|Python|SQL|Software Engineering|Statistics|Web Development,C|Java|Python,AI,AI,Chatbot using Transformers|Sentiment Analysis Tool|Image Classification Model,TensorFlow Developer Certificate|Deep Learning Specialization,Robotics Engineer,AIML,Hands-on Labs
S00753,Vikram Singh,Male,22,CSBS,7,7.94,85.7,71,Algorithms|Business Analytics|C|Cyber Security|DBMS|Data Analytics|Data Structures|Deep Learning|Ethical Hacking|Frontend Development|Hardware Design|JavaScript|Operating Systems|Python|SQL|Software Testing|Statistics,C|JavaScript|Python,Business Analytics,Business Analytics,Business Analytics Report Tool|Market Trend Predictor,,IT Consultant,CSBS,Theory-focused
S00754,Vivek Mehta,Male,21,CSE,7,7.15,76.9,87,Business Analytics|C|Cryptography|DBMS|Data Analytics|Data Structures|Distributed Systems|Embedded Systems|Frontend Development|Hardware Design|Java|JavaScript|Machine Learning|Operating Systems|Python|SQL|Software Engineering|Software Testing,C|Java|JavaScript|Python,IoT,IoT,E-commerce Web App,DSA Specialization|Java Programming Certificate,Database Administrator,IOT,Hands-on Labs
S00755,Harish Chandran,Female,21,CSE,7,7.49,80.5,65,C|Cyber Security|DBMS|Data Structures|Distributed Systems|Embedded Systems|Hardware Design|Java|JavaScript|Networking|Operating Systems|Python|Software Engineering|Software Testing|Statistics|Web Development,C|Java|JavaScript|Python,Data Engineering,Data Engineering,E-commerce Web App,,Backend Developer,CSE,Theory-focused
S00756,Deepa Mehta,Male,19,IOT,3,6.3,69.0,23,Algorithms|Hardware Design|Python|Statistics,Python,Networking,Networking,Wearable Health Tracker|Smart Home Automation,,IoT Solutions Engineer,IOT,Project-based
S00757,Naveen Raman,Female,21,AIDS,8,8.28,88.9,68,Cloud Computing|DBMS|Data Analytics|Frontend Development|Java|JavaScript|Machine Learning|Operating Systems|Python|SQL|Software Engineering|Software Testing|Statistics|Web Development,Java|JavaScript|Python,Data Science,Data Science,Customer Segmentation Analysis|Sales Forecasting Dashboard,,Business Intelligence Analyst,AIML,Self-paced Online
S00758,Lakshmi Mehta,Male,19,IT,4,7.5,78.4,34,Algorithms|C|DBMS|Data Structures|Frontend Development|JavaScript|SQL|Software Engineering|Statistics|Web Development,C|JavaScript,Web Systems,Web Systems,Network Monitoring Tool|Cloud-hosted Inventory System,,Penetration Tester,IT,Self-paced Online
S00759,Swathi Menon,Female,19,AIML,3,6.52,71.7,23,C|Hardware Design|Python|Statistics|DevOps,C|Python,Programming,Programming,Chatbot using Transformers|Image Classification Model,TensorFlow Developer Certificate,AI Research Engineer,AIML,Self-paced Online
S00760,Ritu Reddy,Male,20,AIDS,5,8.63,93.6,49,Algorithms|C|DBMS|Data Structures|Frontend Development|Hardware Design|Java|JavaScript|Networking|Python|SQL|Software Engineering|Software Testing|Statistics,C|Java|JavaScript|Python,Networking,Networking,,IBM Data Science Certificate|Google Data Analytics Certificate,Business Intelligence Analyst,CSBS,Hands-on Labs
S00761,Vikram Varma,Male,22,IT,8,7.09,75.6,81,Backend Development|Cyber Security|DBMS|Data Analytics|Data Engineering|DevOps|Frontend Development|Hardware Design|Java|JavaScript|Networking|Operating Systems|Python|SQL|Software Engineering|Software Testing|Web Development,Java|JavaScript|Python,Web Systems,Web Systems,Cloud-hosted Inventory System|Enterprise CRM App,CompTIA Network+,Systems Engineer,IT,Project-based
S00762,Pooja Iyer,Female,21,CYSEC,7,7.37,78.8,76,Algorithms|Business Analytics|C|Cryptography|DBMS|Data Structures|Deep Learning|Embedded Systems|Ethical Hacking|Frontend Development|IoT|Java|JavaScript|Machine Learning|Operating Systems|Python|SQL|Software Engineering|Software Testing|Statistics|Web Development,C|Java|JavaScript|Python,Networking,Networking,,,Cybersecurity Analyst,CSBS,Self-paced Online
S00763,Gokul Das,Female,22,IT,8,6.47,70.9,81,Algorithms|Backend Development|C|Cloud Computing|Cyber Security|Data Analytics|Data Structures|DevOps|Ethical Hacking|Frontend Development|Hardware Design|IoT|JavaScript|Networking|Operating Systems|Python|Software Engineering|Software Testing|Statistics,C|JavaScript|Python,Web Systems,Web Systems,Network Monitoring Tool|Cloud-hosted Inventory System|Enterprise CRM App,,IT Support Engineer,IT,Theory-focused
S00764,Meera Raman,Female,21,CSBS,5,6.88,74.2,49,Algorithms|C|DBMS|Data Structures|Hardware Design|Java|JavaScript|Operating Systems|SQL|Software Testing|Web Development,C|Java|JavaScript,Management,Management,Market Trend Predictor|Business Analytics Report Tool,Google Business Analytics Certificate,Business Intelligence Analyst,CSBS,Theory-focused
S00765,Rohan Varma,Female,22,CYSEC,8,7.74,82.2,86,Algorithms|Backend Development|C|Cloud Computing|Computer Vision|Cryptography|Cyber Security|Data Analytics|Data Engineering|Deep Learning|Ethical Hacking|Java|Operating Systems|Python|SQL|Software Engineering|Software Testing|Statistics,C|Java|Python,Networking,Networking,Vulnerability Scanner|Secure File Sharing System|Phishing Detection Tool,,Penetration Tester,CYSEC,Self-paced Online
S00766,Manoj Gupta,Female,21,IT,8,2.94,48.3,36,Algorithms|C|DBMS|Data Structures|DevOps|Frontend Development|Hardware Design|JavaScript|Networking|Operating Systems|Python|SQL|Web Development,C|JavaScript|Python,Cloud,Cloud,Cloud-hosted Inventory System|Network Monitoring Tool,,Systems Engineer,IT,Hands-on Labs
S00767,Lakshmi Reddy,Female,21,CSE,5,8.39,88.9,46,DBMS|Data Structures|Frontend Development|Hardware Design|JavaScript|Networking|Python|SQL|Software Testing|Statistics|Web Development,JavaScript|Python,Systems,Systems,,Java Programming Certificate,SOC Analyst,CSE,Self-paced Online
S00768,Rohan Rao,Male,19,IT,3,8.87,92.7,23,Algorithms|C|Data Structures|Hardware Design|Python|Statistics,C|Python,Networking,Networking,,AWS Cloud Practitioner,Database Administrator,IT,Project-based
S00769,Vikram Varma,Female,19,AIML,4,6.62,72.2,34,Algorithms|C|DBMS|Data Structures|Frontend Development|Hardware Design|Java|JavaScript|Python|SQL|Software Engineering|Statistics|Web Development,C|Java|JavaScript|Python,Machine Learning,Machine Learning,Sentiment Analysis Tool|Chatbot using Transformers,,Computer Vision Engineer,AIML,Self-paced Online
S00770,Meera Mehta,Male,22,CSE,8,7.91,85.2,77,Algorithms|C|Cloud Computing|Computer Vision|DBMS|Data Analytics|Data Structures|DevOps|Distributed Systems|Embedded Systems|Frontend Development|Hardware Design|Java|JavaScript|Networking|Operating Systems|SQL|Software Engineering|Software Testing|Statistics|Web Development,C|Java|JavaScript,Software Engineering,Software Engineering,Compiler Mini-Project,,DevOps Engineer,CSE,Hands-on Labs
S00771,Meera Mehta,Male,22,CSE,8,7.9,83.5,83,Algorithms|C|Computer Vision|Cryptography|Cyber Security|Data Engineering|Data Structures|Deep Learning|Embedded Systems|Frontend Development|IoT|Java|Networking|Operating Systems|Python|SQL|Software Engineering|Software Testing|Statistics|Web Development,C|Java|Python,Networking,Networking,Compiler Mini-Project,,Robotics Engineer,CSE,Theory-focused
S00772,Deepa Singh,Male,19,AIML,3,8.16,86.5,19,Algorithms|C|Data Structures|Hardware Design|Python,C|Python,AI,AI,Image Classification Model|Sentiment Analysis Tool,,Data Scientist,AIML,Mentor-guided
S00773,Vikram Das,Male,22,CYSEC,7,5.75,65.5,68,Algorithms|Cryptography|Cyber Security|Ethical Hacking|Frontend Development|Hardware Design|Java|JavaScript|Networking|Operating Systems|Python|SQL|Software Engineering|Software Testing|Web Development,Java|JavaScript|Python,Security,Security,Phishing Detection Tool|Secure File Sharing System,,Database Administrator,CYSEC,Project-based
S00774,Vikram Pillai,Female,21,CYSEC,7,7.66,81.8,68,Algorithms|Business Analytics|C|Cryptography|Cyber Security|DBMS|Data Analytics|Distributed Systems|Ethical Hacking|Frontend Development|Hardware Design|Java|JavaScript|Machine Learning|Networking|Operating Systems|Python|SQL|Software Engineering|Software Testing|Statistics|Web Development,C|Java|JavaScript|Python,Networking,Networking,Vulnerability Scanner,CompTIA Security+,Cybersecurity Analyst,CYSEC,Self-paced Online
S00775,Arjun Varma,Female,22,IT,7,7.55,81.4,74,Algorithms|Backend Development|Business Analytics|C|Cloud Computing|Cyber Security|DBMS|DevOps|Frontend Development|Hardware Design|Java|JavaScript|Networking|SQL|Statistics|Web Development|Data Structures,C|Java|JavaScript,Networking,Networking,Enterprise CRM App,CompTIA Network+|AWS Cloud Practitioner,IT Support Engineer,IT,Project-based
S00776,Sneha Menon,Male,20,CSE,5,8.14,86.9,49,Algorithms|C|Data Structures|Hardware Design|Java|Networking|Operating Systems|Python|SQL|Software Engineering|Software Testing|Statistics|Web Development,C|Java|Python,Data,Data,,,NLP Engineer,CSE,Mentor-guided
S00777,Nisha Das,Female,20,CSE,4,6.39,70.1,31,C|DBMS|Data Structures|Hardware Design|Python|SQL|Software Engineering,C|Python,Systems,Systems,Compiler Mini-Project|OS Scheduler Simulation|E-commerce Web App,,Systems Engineer,CSE,Self-paced Online
S00778,Aravind Mehta,Female,20,AIML,3,7.26,77.9,23,C|Data Structures|Hardware Design|Statistics,C,Data,Data,Sentiment Analysis Tool|Chatbot using Transformers,,Data Scientist,AIML,Project-based
S00779,Vikram Reddy,Female,21,CYSEC,8,3.18,51.3,66,Business Analytics|C|Cyber Security|Data Analytics|Data Structures|Ethical Hacking|Hardware Design|IoT|JavaScript|NLP|Networking|Operating Systems|Python|Software Testing|Statistics,C|JavaScript|Python,Security,Security,,Certified Ethical Hacker (CEH) - Foundation,SOC Analyst,CYSEC,Project-based
S00780,Suresh Sharma,Male,20,CSE,5,7.26,78.9,46,Algorithms|C|DBMS|Data Structures|Frontend Development|Hardware Design|JavaScript|Networking|Operating Systems|SQL|Software Engineering|Software Testing|Statistics|Web Development,C|JavaScript,Systems,Systems,E-commerce Web App|Compiler Mini-Project|OS Scheduler Simulation,Java Programming Certificate|DSA Specialization,DevOps Engineer,CSE,Self-paced Online
S00781,Vivek Krishnan,Female,20,CYSEC,6,4.71,59.1,66,Algorithms|C|Cloud Computing|Cryptography|Cyber Security|DBMS|Data Structures|DevOps|Hardware Design|Java|JavaScript|Machine Learning|Networking|Python|SQL|Software Engineering|Software Testing|Statistics|Web Development,C|Java|JavaScript|Python,Systems,Systems,Vulnerability Scanner|Phishing Detection Tool,Certified Ethical Hacker (CEH) - Foundation|CompTIA Security+,Cybersecurity Analyst,CYSEC,Self-paced Online
S00782,Lakshmi Das,Male,19,AIML,4,6.35,67.9,34,Algorithms|C|DBMS|Frontend Development|Hardware Design|JavaScript|Python|SQL|Statistics,C|JavaScript|Python,Statistics,Statistics,Sentiment Analysis Tool,,Machine Learning Engineer,AIML,Self-paced Online
S00783,Rohan Patel,Male,22,CYSEC,8,7.98,85.4,83,Algorithms|Business Analytics|C|Cryptography|Cyber Security|DBMS|Embedded Systems|Ethical Hacking|Frontend Development|Hardware Design|Java|JavaScript|Machine Learning|Networking|Operating Systems|Python|SQL|Software Engineering|Statistics,C|Java|JavaScript|Python,Data Science,Data Science,Secure File Sharing System,Certified Ethical Hacker (CEH) - Foundation,Cybersecurity Analyst,CYSEC,Self-paced Online
S00784,Anjali Sharma,Female,21,AIML,5,6.58,72.7,45,C|DBMS|Data Structures|Hardware Design|Java|JavaScript|Networking|Python|SQL|Software Testing|Statistics|Web Development,C|Java|JavaScript|Python,Deep Learning,Deep Learning,Image Classification Model|Chatbot using Transformers,Deep Learning Specialization,NLP Engineer,AIML,Project-based
S00785,Ananya Mehta,Female,21,AIML,6,6.95,75.7,62,Algorithms|Business Analytics|C|Cryptography|DBMS|Data Analytics|Hardware Design|Java|JavaScript|Machine Learning|Networking|Operating Systems|Python|SQL|Software Engineering|Statistics|Web Development,C|Java|JavaScript|Python,Machine Learning,Machine Learning,Sentiment Analysis Tool,,Computer Vision Engineer,AIML,Theory-focused
S00786,Anjali Rao,Male,21,AIML,6,7.39,79.1,56,Algorithms|C|DBMS|Data Structures|DevOps|Frontend Development|Hardware Design|Java|JavaScript|Machine Learning|Networking|Operating Systems|Python|Software Engineering|Statistics|Web Development|Software Testing,C|Java|JavaScript|Python,Programming,Programming,Chatbot using Transformers,Deep Learning Specialization|TensorFlow Developer Certificate,Robotics Engineer,AIML,Theory-focused
S00787,Pooja Patel,Female,21,CSE,8,2.63,48.4,19,C|Cloud Computing|Data Structures|Frontend Development|JavaScript|Software Engineering|Software Testing|Statistics|Web Development,C|JavaScript,Systems,Systems,,,Systems Engineer,CSE,Project-based
S00788,Pooja Iyer,Female,20,IT,6,7.35,78.6,55,Algorithms|Cloud Computing|DBMS|DevOps|Java|JavaScript|Networking|Operating Systems|Python|SQL|Software Engineering|Software Testing,Java|JavaScript|Python,Databases,Databases,Enterprise CRM App,,Network Administrator,IT,Self-paced Online
S00789,Harish Verma,Male,20,CSE,6,7.83,81.8,64,Algorithms|Business Analytics|C|DBMS|Data Analytics|Data Structures|Embedded Systems|Hardware Design|Java|JavaScript|Machine Learning|Networking|Software Engineering|Software Testing|Statistics|Web Development,C|Java|JavaScript,Systems,Systems,,,Backend Developer,CSE,Hands-on Labs
S00790,Manoj Mehta,Female,22,CYSEC,7,4.92,61.4,73,C|Cloud Computing|Cyber Security|DBMS|Data Engineering|Data Structures|Embedded Systems|Ethical Hacking|Frontend Development|Hardware Design|Java|JavaScript|Networking|Operating Systems|SQL|Software Engineering|Statistics|Web Development,C|Java|JavaScript,Security,Security,Phishing Detection Tool,Certified Ethical Hacker (CEH) - Foundation,Network Administrator,CYSEC,Mentor-guided
S00791,Sneha Menon,Male,21,AIDS,5,7.55,79.9,49,Algorithms|C|DBMS|Data Structures|Hardware Design|Java|JavaScript|Networking|Operating Systems|Python|SQL|Software Engineering|Software Testing|Web Development,C|Java|JavaScript|Python,Machine Learning,Machine Learning,ETL Pipeline for Retail Data|Sales Forecasting Dashboard|Customer Segmentation Analysis,,Network Administrator,AIML,Hands-on Labs
S00792,Lakshmi Varma,Male,20,AIML,5,6.72,72.7,46,Algorithms|DBMS|Data Structures|Hardware Design|Networking|Operating Systems|Python|Software Engineering|Software Testing|Statistics,Python,AI,AI,Chatbot using Transformers,Deep Learning Specialization,Robotics Engineer,AIML,Mentor-guided
S00793,Vivek Gupta,Female,20,AIML,3,6.7,74.1,23,C|Data Structures|Hardware Design|Python|Statistics,C|Python,Deep Learning,Deep Learning,Chatbot using Transformers,TensorFlow Developer Certificate|Deep Learning Specialization,NLP Engineer,AIML,Theory-focused
S00794,Suresh Krishnan,Female,20,CYSEC,4,6.93,75.2,30,Algorithms|C|DBMS|Data Structures|Frontend Development|Java|JavaScript|Python|SQL|Statistics|Web Development,C|Java|JavaScript|Python,Security,Security,Phishing Detection Tool|Secure File Sharing System|Vulnerability Scanner,,Network Administrator,AIML,Mentor-guided
S00795,Shreya Iyer,Female,21,CSE,5,6.65,72.2,49,Algorithms|DBMS|Data Structures|Frontend Development|Hardware Design|JavaScript|Networking|Operating Systems|Python|SQL|Software Engineering|Statistics|Web Development,JavaScript|Python,Programming,Programming,OS Scheduler Simulation|Compiler Mini-Project|E-commerce Web App,,NLP Engineer,CSE,Project-based
S00796,Prakash Sharma,Male,19,CYSEC,3,7.0,77.5,23,C|Data Structures|Python|Statistics,C|Python,Cryptography,Cryptography,Secure File Sharing System,Certified Ethical Hacker (CEH) - Foundation,Cybersecurity Analyst,CYSEC,Hands-on Labs
S00797,Sneha Nair,Female,22,AIML,7,6.17,68.9,65,Algorithms|C|DBMS|Data Engineering|Data Structures|Frontend Development|Java|JavaScript|Networking|Operating Systems|SQL|Software Testing|Statistics|Web Development,C|Java|JavaScript,AI,AI,,,Data Scientist,AIML,Self-paced Online
S00798,Swathi Pillai,Male,19,AIML,4,7.03,74.1,34,Algorithms|C|Data Structures|Java|JavaScript|Python|Software Engineering|Statistics|Web Development,C|Java|JavaScript|Python,Data Engineering,Data Engineering,Sentiment Analysis Tool|Chatbot using Transformers|Image Classification Model,,Machine Learning Engineer,AIML,Project-based
S00799,Meera Das,Male,20,CYSEC,4,7.76,83.1,34,Algorithms|C|DBMS|Data Structures|Frontend Development|Hardware Design|Java|Python|SQL|Statistics,C|Java|Python,Security,Security,,,Penetration Tester,CYSEC,Theory-focused
S00800,Deepa Patel,Male,22,AIDS,8,7.33,78.8,75,Algorithms|C|Cloud Computing|Cyber Security|DBMS|Data Analytics|Data Engineering|Data Structures|Frontend Development|Hardware Design|Java|Machine Learning|Networking|Operating Systems|Python|SQL|Software Engineering|Software Testing|Statistics|Web Development,C|Java|Python,Machine Learning,Machine Learning,Sales Forecasting Dashboard,IBM Data Science Certificate,IT Consultant,AIDS,Mentor-guided
S00801,Pooja Reddy,Female,21,AIML,8,7.34,77.4,76,Algorithms|Business Analytics|Computer Vision|DBMS|Data Analytics|Data Engineering|Data Structures|Deep Learning|DevOps|Frontend Development|Hardware Design|Java|JavaScript|Machine Learning|NLP|Python|SQL|Software Engineering|Statistics|Web Development,Java|JavaScript|Python,Machine Learning,Machine Learning,Image Classification Model,,NLP Engineer,AIML,Theory-focused
S00802,Nisha Patel,Male,19,AIDS,4,6.37,71.6,30,Algorithms|C|Frontend Development|Hardware Design|Java|JavaScript|Python|Software Engineering|Statistics,C|Java|JavaScript|Python,Statistics,Statistics,,Google Data Analytics Certificate,Business Intelligence Analyst,AIDS,Theory-focused
S00803,Aravind Pillai,Female,20,IT,6,7.89,86.4,55,Algorithms|C|Cloud Computing|DBMS|Data Analytics|Data Structures|DevOps|Frontend Development|Hardware Design|Java|JavaScript|Operating Systems|Python|SQL|Software Engineering|Software Testing|Statistics|Web Development,C|Java|JavaScript|Python,Cloud,Cloud,,,Software Engineer,IT,Theory-focused
S00804,Kavya Subramaniam,Male,22,IOT,7,8.25,88.9,88,Algorithms|Business Analytics|C|Cloud Computing|Cryptography|Data Analytics|Data Structures|Embedded Systems|Frontend Development|Hardware Design|Java|JavaScript|Machine Learning|Networking|Operating Systems|Python|SQL|Software Engineering|Software Testing|Web Development,C|Java|JavaScript|Python,Networking,Networking,Smart Home Automation,IoT Fundamentals (Cisco),Firmware Engineer,IOT,Project-based
S00805,Harish Singh,Female,20,IOT,6,5.83,67.9,63,Cloud Computing|DBMS|Data Analytics|Data Structures|DevOps|Embedded Systems|Hardware Design|Java|JavaScript|Python|SQL|Software Testing|Statistics|Web Development,Java|JavaScript|Python,Networking,Networking,Wearable Health Tracker,,IoT Solutions Engineer,IOT,Hands-on Labs
S00806,Sanjay Menon,Female,20,CYSEC,6,6.62,71.0,56,Algorithms|C|Cyber Security|DBMS|Data Structures|Embedded Systems|Java|Networking|Operating Systems|Python|SQL|Software Engineering|Software Testing,C|Java|Python,Security,Security,Phishing Detection Tool,Certified Ethical Hacker (CEH) - Foundation,Software Architect,CYSEC,Hands-on Labs
S00807,Divya Krishnan,Female,19,CSE,4,7.29,77.9,31,Algorithms|C|DBMS|Data Structures|Hardware Design|Java|JavaScript|Python|SQL|Software Engineering|Statistics|Web Development,C|Java|JavaScript|Python,Systems,Systems,Compiler Mini-Project,Java Programming Certificate,Software Engineer,CSE,Mentor-guided
S00808,Lakshmi Nair,Female,21,AIDS,5,7.94,84.4,49,Algorithms|C|DBMS|Data Structures|Frontend Development|Hardware Design|Java|JavaScript|Networking|Operating Systems|Python|SQL|Software Engineering|Software Testing|Statistics|Web Development,C|Java|JavaScript|Python,Statistics,Statistics,ETL Pipeline for Retail Data|Customer Segmentation Analysis,IBM Data Science Certificate,Firmware Engineer,AIDS,Theory-focused
S00809,Shreya Sharma,Female,19,CSE,4,7.0,73.4,34,Algorithms|C|DBMS|Data Structures|Frontend Development|Hardware Design|Java|JavaScript|SQL|Statistics|Web Development,C|Java|JavaScript,Programming,Programming,E-commerce Web App|OS Scheduler Simulation,Java Programming Certificate|DSA Specialization,Database Administrator,CSE,Theory-focused
S00810,Deepa Subramaniam,Male,19,CYSEC,4,7.47,79.2,34,Algorithms|DBMS|Data Structures|Frontend Development|Hardware Design|Java|JavaScript|Python|SQL|Software Engineering|Statistics|Web Development,Java|JavaScript|Python,Networking,Networking,Secure File Sharing System|Vulnerability Scanner,,SOC Analyst,CYSEC,Theory-focused
S00811,Prakash Gupta,Male,21,CYSEC,7,7.79,81.7,62,Algorithms|C|Cryptography|Cyber Security|Embedded Systems|Frontend Development|Hardware Design|JavaScript|Operating Systems|SQL|Software Engineering|Software Testing|Statistics,C|JavaScript,Databases,Databases,Secure File Sharing System|Phishing Detection Tool|Vulnerability Scanner,CompTIA Security+,Network Administrator,CYSEC,Hands-on Labs
S00812,Aditi Mehta,Female,21,AIDS,8,4.92,60.2,80,Algorithms|C|Cloud Computing|Deep Learning|Embedded Systems|Frontend Development|Java|JavaScript|Machine Learning|Networking|Operating Systems|Python|SQL|Software Engineering|Software Testing|Statistics|Web Development,C|Java|JavaScript|Python,Statistics,Statistics,Sales Forecasting Dashboard|Customer Segmentation Analysis,,Machine Learning Engineer,AIDS,Mentor-guided
S00813,Prakash Nair,Male,21,CSE,6,4.6,58.6,55,Algorithms|C|DBMS|Frontend Development|Hardware Design|Java|JavaScript|Networking|Operating Systems|Python|SQL|Software Engineering|Software Testing|Statistics,C|Java|JavaScript|Python,Systems,Systems,Compiler Mini-Project|E-commerce Web App,,Software Architect,CSE,Theory-focused
S00814,Gokul Patel,Female,20,CSE,6,7.98,84.5,55,Algorithms|Data Structures|Frontend Development|Hardware Design|JavaScript|Python|SQL|Software Engineering|Software Testing|Web Development,JavaScript|Python,Algorithms,Algorithms,E-commerce Web App|OS Scheduler Simulation,DSA Specialization|Java Programming Certificate,Software Engineer,CSE,Theory-focused
S00815,Rahul Patel,Male,20,CYSEC,4,5.09,60.7,34,Algorithms|C|DBMS|Data Structures|Frontend Development|Hardware Design|Java|JavaScript|Python|SQL|Statistics,C|Java|JavaScript|Python,Systems,Systems,Phishing Detection Tool,Certified Ethical Hacker (CEH) - Foundation,SOC Analyst,CYSEC,Theory-focused
S00816,Kiran Gupta,Male,19,IT,3,8.83,95.8,23,Algorithms|C|Data Structures|Hardware Design|Statistics,C,Web Systems,Web Systems,Cloud-hosted Inventory System,,Database Administrator,IT,Mentor-guided
S00817,Deepa Krishnan,Male,19,CSBS,4,6.91,74.5,34,Algorithms|DBMS|Data Structures|Frontend Development|Hardware Design|Java|Python|SQL|Statistics|Web Development,Java|Python,Software,Software,ERP Dashboard for SMEs,,Data Analyst,CSBS,Theory-focused
S00818,Deepa Reddy,Male,20,CSE,5,6.79,73.7,43,Algorithms|C|DBMS|Data Structures|Frontend Development|Networking|Operating Systems|SQL|Software Testing|Statistics,C,Programming,Programming,Compiler Mini-Project,,Software Engineer,CSE,Project-based
S00819,Ananya Das,Male,21,AIML,7,6.49,70.3,82,Algorithms|Business Analytics|C|DBMS|Data Analytics|Data Structures|Deep Learning|Embedded Systems|Ethical Hacking|Frontend Development|Hardware Design|Java|Machine Learning|Networking|Operating Systems|Python|SQL|Software Engineering|Software Testing|Statistics|Web Development,C|Java|Python,AI,AI,Sentiment Analysis Tool|Chatbot using Transformers,,Embedded Systems Engineer,AIML,Hands-on Labs
S00820,Lakshmi Rao,Male,19,AIDS,4,6.15,67.4,34,Algorithms|C|DBMS|Frontend Development|Hardware Design|Java|JavaScript|Python|SQL|Software Engineering|Web Development|Backend Development,C|Java|JavaScript|Python,Statistics,Statistics,Sales Forecasting Dashboard,IBM Data Science Certificate,Business Intelligence Analyst,AIDS,Project-based
S00821,Aditi Pillai,Female,20,AIDS,6,6.89,75.1,64,Algorithms|C|Cyber Security|DBMS|Data Analytics|Data Structures|Frontend Development|Hardware Design|Java|JavaScript|Machine Learning|Networking|Operating Systems|SQL|Software Engineering|Statistics|Web Development,C|Java|JavaScript,Data Engineering,Data Engineering,Customer Segmentation Analysis|Sales Forecasting Dashboard|ETL Pipeline for Retail Data,,Data Analyst,AIDS,Theory-focused
S00822,Swathi Nair,Male,20,IOT,5,6.93,74.9,46,Algorithms|DBMS|Data Structures|Frontend Development|Java|JavaScript|Networking|Operating Systems|Python|SQL|Software Engineering|Web Development,Java|JavaScript|Python,IoT,IoT,Wearable Health Tracker|Weather Monitoring IoT Node|Smart Home Automation,,Embedded Systems Engineer,IOT,Hands-on Labs
S00823,Karthik Chandran,Female,19,IT,4,7.82,83.7,34,Algorithms|C|DBMS|Data Structures|Frontend Development|Hardware Design|Java|JavaScript|Python|SQL|Software Engineering|Statistics|Web Development,C|Java|JavaScript|Python,Networking,Networking,Network Monitoring Tool,,IT Consultant,IT,Mentor-guided
S00824,Harish Iyer,Male,22,AIDS,8,7.99,84.9,81,Algorithms|C|Cloud Computing|Computer Vision|Cyber Security|Data Analytics|Data Engineering|Data Structures|Deep Learning|Frontend Development|Hardware Design|Java|JavaScript|Networking|Operating Systems|SQL|Software Engineering|Software Testing|Statistics|Web Development,C|Java|JavaScript,Data Science,Data Science,,,Data Analyst,AIDS,Theory-focused
S00825,Rahul Krishnan,Male,19,CSE,3,7.52,79.2,23,Algorithms|C|Data Structures|Hardware Design|Python|Statistics,C|Python,Programming,Programming,Compiler Mini-Project,,Systems Engineer,CSE,Mentor-guided
S00826,Ritu Nair,Male,19,CSE,4,7.65,83.6,34,Algorithms|C|Data Structures|Frontend Development|Hardware Design|Java|JavaScript|SQL|Software Engineering|Statistics,C|Java|JavaScript,Systems,Systems,,DSA Specialization,Database Administrator,IOT,Self-paced Online
S00827,Nisha Verma,Male,19,CSE,4,7.24,79.3,34,C|Data Structures|Frontend Development|Java|JavaScript|SQL|Web Development,C|Java|JavaScript,Deep Learning,Deep Learning,E-commerce Web App|Compiler Mini-Project,DSA Specialization,Software Architect,CSE,Project-based
S00828,Deepa Gupta,Male,20,AIML,4,9.0,97.3,34,Algorithms|DBMS|Data Structures|Frontend Development|Java|JavaScript|Python|SQL|Software Engineering|Web Development,Java|JavaScript|Python,Deep Learning,Deep Learning,Sentiment Analysis Tool,Deep Learning Specialization,Data Scientist,AIML,Mentor-guided
S00829,Naveen Menon,Female,19,CSE,4,7.26,79.1,31,C|DBMS|Frontend Development|Hardware Design|JavaScript|SQL|Software Engineering|Statistics|Web Development,C|JavaScript,Hardware,Hardware,,,Software Architect,CSE,Hands-on Labs
S00830,Manoj Subramaniam,Male,19,CYSEC,3,7.39,78.7,23,Algorithms|Python|Statistics,Python,Security,Security,Vulnerability Scanner|Secure File Sharing System,CompTIA Security+,Penetration Tester,AIML,Mentor-guided
S00831,Shreya Iyer,Male,21,CSBS,7,6.84,73.0,79,Algorithms|Backend Development|Business Analytics|C|Cloud Computing|Cryptography|Cyber Security|DBMS|Data Analytics|Data Structures|Hardware Design|Java|JavaScript|Machine Learning|Networking|Operating Systems|Python|SQL|Software Engineering|Software Testing|Statistics|Web Development,C|Java|JavaScript|Python,Management,Management,,,Business Systems Analyst,CSBS,Project-based
S00832,Lakshmi Chandran,Male,19,AIML,4,8.77,94.6,31,Algorithms|C|Data Structures|Frontend Development|JavaScript|Python|SQL|Software Engineering|Statistics|Web Development,C|JavaScript|Python,Networking,Networking,Sentiment Analysis Tool|Image Classification Model,,NLP Engineer,AIML,Hands-on Labs
S00833,Divya Nair,Female,19,CSE,4,6.82,75.5,34,Algorithms|DBMS|Data Structures|Hardware Design|Java|JavaScript|Python|SQL|Statistics|Web Development,Java|JavaScript|Python,Programming,Programming,OS Scheduler Simulation|Compiler Mini-Project|E-commerce Web App,,DevOps Engineer,IT,Theory-focused
S00834,Deepa Reddy,Male,20,CYSEC,5,4.16,55.7,49,Algorithms|C|DBMS|Frontend Development|Java|Networking|Operating Systems|SQL|Software Testing|Statistics|Web Development,C|Java,Business Analytics,Business Analytics,Secure File Sharing System|Vulnerability Scanner,Certified Ethical Hacker (CEH) - Foundation|CompTIA Security+,Penetration Tester,CYSEC,Theory-focused
S00835,Manoj Raman,Male,22,CSE,8,6.77,74.3,87,Algorithms|C|Cloud Computing|Cyber Security|DBMS|Data Structures|Distributed Systems|Frontend Development|Hardware Design|IoT|Java|JavaScript|Machine Learning|Networking|Operating Systems|Python|SQL|Software Engineering|Software Testing|Statistics|Web Development,C|Java|JavaScript|Python,Algorithms,Algorithms,E-commerce Web App,,Software Engineer,CSE,Mentor-guided
S00836,Aditi Krishnan,Female,20,IOT,3,7.26,78.0,23,Algorithms|C|Data Structures|Hardware Design|Python|Statistics,C|Python,Networking,Networking,Wearable Health Tracker|Weather Monitoring IoT Node|Smart Home Automation,,Firmware Engineer,IOT,Hands-on Labs
S00837,Manoj Bose,Male,20,AIML,4,7.12,73.8,34,Algorithms|C|DBMS|Data Structures|Frontend Development|Hardware Design|Java|JavaScript|Python|SQL|Software Engineering|Statistics|Web Development,C|Java|JavaScript|Python,Machine Learning,Machine Learning,Image Classification Model|Chatbot using Transformers,,AI Research Engineer,AIML,Project-based
S00838,Meera Krishnan,Male,22,IT,7,6.55,70.3,76,Algorithms|Backend Development|Business Analytics|C|Cloud Computing|Data Engineering|Data Structures|Embedded Systems|Frontend Development|Hardware Design|Java|JavaScript|Machine Learning|Networking|Operating Systems|Python|SQL|Software Engineering|Software Testing|Statistics|Web Development,C|Java|JavaScript|Python,Networking,Networking,Cloud-hosted Inventory System|Network Monitoring Tool,AWS Cloud Practitioner|CompTIA Network+,SOC Analyst,IT,Project-based
S00839,Aravind Chandran,Male,19,IT,3,7.7,81.6,20,C|Data Structures|Hardware Design|Python|Statistics,C|Python,Databases,Databases,Network Monitoring Tool,AWS Cloud Practitioner,Backend Developer,IT,Theory-focused
S00840,Aravind Raman,Male,20,AIML,6,8.45,90.5,53,Algorithms|C|Data Structures|Frontend Development|Hardware Design|Java|JavaScript|Machine Learning|Networking|Operating Systems|Python|SQL|Software Engineering|Web Development,C|Java|JavaScript|Python,Deep Learning,Deep Learning,Chatbot using Transformers,,AI Research Engineer,AIML,Hands-on Labs
S00841,Shreya Kumar,Male,20,AIML,4,6.97,73.8,34,DBMS|Hardware Design|Java|JavaScript|Python|SQL|Software Engineering|Statistics|Web Development,Java|JavaScript|Python,Statistics,Statistics,Image Classification Model|Chatbot using Transformers|Sentiment Analysis Tool,Deep Learning Specialization|TensorFlow Developer Certificate,Product Manager (Tech),CSE,Self-paced Online
S00842,Sneha Chandran,Female,21,AIDS,8,7.26,78.9,84,Algorithms|Backend Development|Business Analytics|Cloud Computing|Computer Vision|Cryptography|DBMS|Data Analytics|Data Engineering|Deep Learning|DevOps|Frontend Development|Hardware Design|Java|JavaScript|Networking|Python|SQL|Software Engineering|Software Testing|Statistics,Java|JavaScript|Python,Statistics,Statistics,Sales Forecasting Dashboard,,Data Scientist,AIDS,Hands-on Labs
S00843,Vivek Gupta,Female,19,IT,3,5.96,68.1,23,Algorithms|C|Data Structures|Hardware Design|Python|Statistics,C|Python,Networking,Networking,Cloud-hosted Inventory System,CompTIA Network+,IT Support Engineer,IT,Mentor-guided
S00844,Aditi Verma,Female,21,CSE,8,8.83,95.0,76,Computer Vision|Cyber Security|DBMS|Deep Learning|Distributed Systems|Ethical Hacking|Hardware Design|IoT|Java|JavaScript|Networking|Python|SQL|Software Engineering|Statistics|Web Development,Java|JavaScript|Python,Programming,Programming,E-commerce Web App,,Software Architect,CSE,Project-based
S00845,Priya Menon,Male,19,AIDS,4,8.88,97.7,34,Algorithms|DBMS|Data Structures|Frontend Development|Hardware Design|Java|Python|SQL|Statistics|Ethical Hacking,Java|Python,Hardware,Hardware,ETL Pipeline for Retail Data|Sales Forecasting Dashboard|Customer Segmentation Analysis,Google Data Analytics Certificate|IBM Data Science Certificate,Network Administrator,AIDS,Theory-focused
S00846,Harish Chandran,Male,19,CSE,4,7.65,82.0,34,Algorithms|C|DBMS|Data Structures|Frontend Development|Hardware Design|Java|Python|SQL|Software Engineering|Statistics|Web Development,C|Java|Python,Software Engineering,Software Engineering,E-commerce Web App|Compiler Mini-Project,DSA Specialization,Data Scientist,CSE,Self-paced Online
S00847,Swathi Bose,Female,21,CYSEC,5,3.48,54.5,46,Algorithms|C|DBMS|Data Structures|Frontend Development|JavaScript|Networking|Python|SQL|Software Engineering|Software Testing|Statistics|Web Development,C|JavaScript|Python,Cryptography,Cryptography,Secure File Sharing System|Vulnerability Scanner,,Network Administrator,CYSEC,Hands-on Labs
S00848,Swathi Chandran,Female,19,CSE,3,8.7,92.5,23,C|Data Structures|Hardware Design|Statistics,C,Software Engineering,Software Engineering,Compiler Mini-Project,,Software Engineer,CSE,Self-paced Online
S00849,Vivek Singh,Male,20,AIDS,3,6.52,70.2,23,C|Data Structures|Hardware Design|Statistics,C,Data Engineering,Data Engineering,Sales Forecasting Dashboard,,Machine Learning Engineer,AIDS,Project-based
S00850,Kavya Krishnan,Male,19,IOT,3,7.45,79.8,20,Algorithms|C|Data Structures|Hardware Design,C,Statistics,Statistics,Smart Home Automation|Weather Monitoring IoT Node|Wearable Health Tracker,Embedded Systems Certificate|IoT Fundamentals (Cisco),IoT Solutions Engineer,IOT,Hands-on Labs
S00851,Prakash Menon,Male,22,IOT,8,4.44,56.2,71,Algorithms|Backend Development|C|Cloud Computing|Data Engineering|Data Structures|Embedded Systems|Frontend Development|Hardware Design|IoT|Java|Operating Systems|Python|Software Engineering|Software Testing|Statistics|Web Development,C|Java|Python,Embedded Systems,Embedded Systems,Weather Monitoring IoT Node|Smart Home Automation,Embedded Systems Certificate,IoT Solutions Engineer,IOT,Mentor-guided
S00852,Divya Chandran,Male,21,AIDS,6,7.85,83.5,65,Algorithms|C|Cyber Security|Data Analytics|Data Structures|Frontend Development|Hardware Design|Java|JavaScript|Networking|Operating Systems|SQL|Software Engineering|Statistics|Web Development,C|Java|JavaScript,Data Engineering,Data Engineering,ETL Pipeline for Retail Data|Customer Segmentation Analysis,,Machine Learning Engineer,AIDS,Hands-on Labs
S00853,Swathi Mehta,Male,20,CSE,6,7.6,81.5,55,Business Analytics|C|DBMS|Data Analytics|Frontend Development|Hardware Design|Java|JavaScript|Networking|Operating Systems|SQL|Software Engineering|Software Testing|Statistics,C|Java|JavaScript,Systems,Systems,E-commerce Web App,Java Programming Certificate,Backend Developer,CYSEC,Theory-focused
S00854,Karthik Reddy,Male,19,CYSEC,3,7.75,81.6,20,Algorithms|C|Data Structures|Hardware Design|Python|Statistics,C|Python,Security,Security,Vulnerability Scanner|Secure File Sharing System,,Penetration Tester,CYSEC,Project-based
S00855,Pooja Raman,Female,20,AIDS,6,7.92,83.6,63,Algorithms|Business Analytics|C|Cryptography|DBMS|Data Analytics|Data Structures|Frontend Development|Hardware Design|Java|Machine Learning|Networking|Operating Systems|Python|SQL|Software Testing|Statistics|Web Development,C|Java|Python,Security,Security,,,Business Intelligence Analyst,AIDS,Theory-focused
S00856,Kiran Gupta,Male,19,IT,3,6.15,68.4,20,Algorithms|C|Python|Statistics,C|Python,Hardware,Hardware,,,Product Manager (Tech),IT,Theory-focused
S00857,Swathi Nair,Male,21,AIDS,7,6.71,72.2,68,C|Cloud Computing|DBMS|Data Analytics|Data Engineering|Data Structures|DevOps|Frontend Development|Hardware Design|Java|JavaScript|Machine Learning|Networking|Python|SQL|Software Engineering|Software Testing|Statistics|Web Development,C|Java|JavaScript|Python,Algorithms,Algorithms,Customer Segmentation Analysis|ETL Pipeline for Retail Data,IBM Data Science Certificate,Machine Learning Engineer,AIDS,Self-paced Online
S00858,Aravind Varma,Male,19,CSE,4,7.47,80.0,34,Algorithms|C|DBMS|Data Structures|Frontend Development|Hardware Design|Java|JavaScript|Python|SQL|Software Engineering|Statistics|Web Development,C|Java|JavaScript|Python,Programming,Programming,Compiler Mini-Project|E-commerce Web App|OS Scheduler Simulation,,Software Engineer,CSE,Mentor-guided
S00859,Rahul Nair,Female,19,CSBS,4,4.65,61.0,34,Algorithms|C|DBMS|Java|JavaScript|SQL|Software Engineering|Statistics|Web Development|Ethical Hacking,C|Java|JavaScript,Web Systems,Web Systems,,Google Business Analytics Certificate,Product Manager (Tech),AIDS,Theory-focused
S00860,Shreya Iyer,Female,22,AIML,7,7.88,85.2,64,Algorithms|C|Cloud Computing|Cyber Security|DBMS|Data Analytics|Data Engineering|Data Structures|Deep Learning|Frontend Development|Hardware Design|Java|JavaScript|Machine Learning|Networking|Operating Systems|Python|SQL|Software Testing|Web Development,C|Java|JavaScript|Python,AI,AI,Chatbot using Transformers,Deep Learning Specialization,NLP Engineer,AIML,Project-based
S00861,Harish Mehta,Male,19,IT,3,6.96,75.9,23,Algorithms|C|Data Structures|Hardware Design|Python|Statistics,C|Python,Management,Management,Network Monitoring Tool|Cloud-hosted Inventory System,CompTIA Network+,DevOps Engineer,IT,Self-paced Online
S00862,Kavya Patel,Female,21,AIDS,6,7.17,76.1,60,C|DBMS|Frontend Development|Hardware Design|Java|Machine Learning|Networking|Python|SQL|Software Engineering|Software Testing|Statistics,C|Java|Python,Networking,Networking,Sales Forecasting Dashboard|Customer Segmentation Analysis,,Database Administrator,AIDS,Self-paced Online
S00863,Pooja Bose,Male,19,CSE,4,7.65,83.2,34,Algorithms|Data Structures|Frontend Development|Java|JavaScript|Software Engineering,Java|JavaScript,Systems,Systems,OS Scheduler Simulation,Java Programming Certificate|DSA Specialization,DevOps Engineer,CSE,Project-based
S00864,Aravind Verma,Female,19,IOT,3,7.3,76.9,20,Algorithms|C|Data Structures|Hardware Design|Python|Statistics,C|Python,Embedded Systems,Embedded Systems,,,Robotics Engineer,CYSEC,Project-based
S00865,Vikram Patel,Male,19,CYSEC,4,8.44,91.7,34,Algorithms|DBMS|Data Structures|Frontend Development|Hardware Design|Java|JavaScript|Python|SQL|Statistics|Web Development,Java|JavaScript|Python,Networking,Networking,,,Cybersecurity Analyst,CYSEC,Hands-on Labs
S00866,Kiran Iyer,Male,22,CSBS,8,5.97,68.2,86,Algorithms|Business Analytics|C|Cloud Computing|DBMS|Data Analytics|Embedded Systems|Hardware Design|IoT|Java|Machine Learning|Networking|Operating Systems|Python|Software Engineering|Software Testing|Statistics|Web Development,C|Java|Python,Software,Software,Market Trend Predictor,,Penetration Tester,CSBS,Mentor-guided
S00867,Nisha Kumar,Male,20,IT,4,5.68,65.7,34,Algorithms|C|DBMS|Data Structures|Frontend Development|Hardware Design|Java|JavaScript|Python|SQL|Software Engineering|Statistics,C|Java|JavaScript|Python,Web Systems,Web Systems,Enterprise CRM App|Cloud-hosted Inventory System,,Cloud Engineer,IT,Mentor-guided
S00868,Karthik Sharma,Male,19,AIDS,4,7.88,83.2,34,C|DBMS|Frontend Development|Hardware Design|Java|JavaScript|Python|SQL|Statistics|Web Development,C|Java|JavaScript|Python,Data Science,Data Science,Sales Forecasting Dashboard|ETL Pipeline for Retail Data|Customer Segmentation Analysis,Google Data Analytics Certificate|IBM Data Science Certificate,Business Intelligence Analyst,AIDS,Hands-on Labs
S00869,Meera Nair,Female,19,IT,4,7.59,81.4,34,C|DBMS|Frontend Development|Hardware Design|Java|JavaScript|SQL|Software Engineering|Statistics|Web Development,C|Java|JavaScript,Cloud,Cloud,Network Monitoring Tool|Enterprise CRM App,,IT Consultant,IT,Project-based
S00870,Vivek Mehta,Male,19,AIML,3,6.17,67.7,23,Algorithms|Data Structures|Python|Statistics,Python,Hardware,Hardware,Sentiment Analysis Tool|Chatbot using Transformers|Image Classification Model,TensorFlow Developer Certificate|Deep Learning Specialization,Data Scientist,AIML,Project-based
S00871,Karthik Mehta,Male,19,CSE,3,6.3,69.3,23,Algorithms|C|Data Structures|Hardware Design|Python|Statistics,C|Python,Algorithms,Algorithms,E-commerce Web App|OS Scheduler Simulation,Java Programming Certificate|DSA Specialization,DevOps Engineer,CSE,Theory-focused
S00872,Anjali Reddy,Female,20,IOT,6,7.7,83.1,56,Algorithms|C|DBMS|Data Structures|Embedded Systems|Frontend Development|Java|JavaScript|SQL|Software Engineering|Software Testing|Statistics|Web Development,C|Java|JavaScript,Databases,Databases,,,IoT Solutions Engineer,IOT,Theory-focused
S00873,Nisha Sharma,Female,20,AIDS,6,8.58,90.8,66,Algorithms|C|Cryptography|DBMS|Data Structures|Embedded Systems|Hardware Design|Java|JavaScript|Machine Learning|Networking|Python|SQL|Statistics|Web Development|Data Analytics,C|Java|JavaScript|Python,Embedded Systems,Embedded Systems,,,Data Analyst,AIDS,Theory-focused
S00874,Harish Bose,Male,19,AIML,4,7.19,77.3,31,Algorithms|C|DBMS|Data Structures|Frontend Development|Hardware Design|Java|Software Engineering|Statistics|Web Development,C|Java,Statistics,Statistics,Sentiment Analysis Tool,Deep Learning Specialization|TensorFlow Developer Certificate,Computer Vision Engineer,AIML,Project-based
S00875,Kavya Subramaniam,Male,21,CSBS,8,6.81,74.4,83,Algorithms|Business Analytics|Cloud Computing|DBMS|Data Analytics|Data Engineering|Data Structures|DevOps|Distributed Systems|Embedded Systems|Hardware Design|Machine Learning|Operating Systems|Python|SQL|Software Engineering|Software Testing,Python,Management,Management,Business Analytics Report Tool|Market Trend Predictor,Google Business Analytics Certificate|PMP Foundation,Computer Vision Engineer,CSBS,Self-paced Online
S00876,Divya Reddy,Female,20,CYSEC,5,8.26,89.4,46,Algorithms|C|DBMS|Frontend Development|Hardware Design|Java|JavaScript|Networking|Software Testing|Statistics|Web Development,C|Java|JavaScript,Cryptography,Cryptography,,,Network Administrator,CYSEC,Project-based
S00877,Rahul Menon,Female,19,AIDS,3,5.39,64.2,23,Algorithms|C|Data Structures|Hardware Design|Python,C|Python,Hardware,Hardware,Customer Segmentation Analysis|ETL Pipeline for Retail Data,,Data Analyst,AIDS,Hands-on Labs
S00878,Harish Krishnan,Female,22,AIML,7,7.35,79.5,72,Algorithms|Business Analytics|C|Cloud Computing|DBMS|Data Analytics|Data Engineering|Data Structures|Deep Learning|Ethical Hacking|Frontend Development|Hardware Design|Java|Machine Learning|Networking|Operating Systems|Python|SQL|Software Engineering|Software Testing|Statistics|Web Development,C|Java|Python,Deep Learning,Deep Learning,Sentiment Analysis Tool|Image Classification Model|Chatbot using Transformers,Deep Learning Specialization,Machine Learning Engineer,AIML,Project-based
S00879,Rahul Verma,Male,19,CSE,3,3.7,52.3,20,Algorithms|C|Data Structures|Python|Statistics,C|Python,Algorithms,Algorithms,Compiler Mini-Project,,Systems Engineer,CSE,Hands-on Labs
S00880,Naveen Singh,Female,21,CYSEC,7,7.22,77.8,69,C|Cryptography|Cyber Security|DBMS|Frontend Development|Hardware Design|Java|JavaScript|Networking|Operating Systems|Python|Software Engineering|Software Testing|Statistics|Web Development,C|Java|JavaScript|Python,Security,Security,Phishing Detection Tool,,Network Administrator,CYSEC,Self-paced Online
S00881,Aditi Mehta,Male,20,AIML,6,7.63,81.9,57,Algorithms|C|Cryptography|DBMS|Data Structures|Frontend Development|Java|JavaScript|Machine Learning|Networking|SQL|Software Engineering|Software Testing|Web Development,C|Java|JavaScript,Data Engineering,Data Engineering,Sentiment Analysis Tool,TensorFlow Developer Certificate,Product Manager (Tech),AIML,Self-paced Online
S00882,Vivek Varma,Male,21,CSE,8,8.26,88.2,74,Algorithms|C|Cloud Computing|DBMS|Data Structures|DevOps|Frontend Development|Hardware Design|Java|JavaScript|Networking|Python|SQL|Software Engineering|Software Testing|Statistics|Web Development,C|Java|JavaScript|Python,Systems,Systems,OS Scheduler Simulation,DSA Specialization,Database Administrator,CSE,Project-based
S00883,Aditi Chandran,Male,19,AIDS,4,7.12,76.7,34,Algorithms|C|DBMS|Data Structures|Frontend Development|Hardware Design|Python|SQL|Software Engineering|Web Development,C|Python,Statistics,Statistics,Customer Segmentation Analysis|ETL Pipeline for Retail Data,,Machine Learning Engineer,AIDS,Hands-on Labs
S00884,Ananya Bose,Female,21,CSE,7,6.87,74.4,75,Algorithms|Business Analytics|C|DBMS|Data Analytics|Data Structures|Frontend Development|Hardware Design|Java|JavaScript|Networking|Operating Systems|Python|Software Engineering|Software Testing|Statistics|Web Development,C|Java|JavaScript|Python,Systems,Systems,E-commerce Web App,DSA Specialization,Backend Developer,CSE,Mentor-guided
S00885,Aravind Sharma,Male,19,CSE,4,6.44,70.1,34,C|DBMS|Data Structures|Frontend Development|Hardware Design|Java|JavaScript|Python|SQL|Software Engineering|Statistics|Web Development,C|Java|JavaScript|Python,Systems,Systems,E-commerce Web App,Java Programming Certificate,Firmware Engineer,CSE,Mentor-guided
S00886,Priya Reddy,Male,20,IOT,4,7.44,81.1,34,Algorithms|C|DBMS|Data Structures|Frontend Development|Hardware Design|JavaScript|Python|SQL|Software Engineering|Statistics|Web Development,C|JavaScript|Python,Networking,Networking,Wearable Health Tracker|Weather Monitoring IoT Node|Smart Home Automation,Embedded Systems Certificate,Embedded Systems Engineer,IOT,Hands-on Labs
S00887,Shreya Bose,Male,19,AIML,4,7.91,85.4,34,Algorithms|C|DBMS|Data Structures|Frontend Development|Java|JavaScript|SQL|Software Engineering|Statistics|Web Development,C|Java|JavaScript,Statistics,Statistics,Chatbot using Transformers,Deep Learning Specialization,Database Administrator,AIML,Project-based
S00888,Shreya Varma,Female,22,CYSEC,7,4.91,60.0,65,C|Cloud Computing|Cryptography|Cyber Security|Data Structures|DevOps|Embedded Systems|Frontend Development|Hardware Design|Java|JavaScript|Networking|Python|SQL|Software Engineering|Statistics|Web Development,C|Java|JavaScript|Python,Software,Software,Phishing Detection Tool|Secure File Sharing System,CompTIA Security+,Cybersecurity Analyst,CYSEC,Theory-focused
S00889,Kavya Verma,Female,20,AIDS,4,8.88,95.8,34,Algorithms|C|Data Structures|Frontend Development|Hardware Design|Java|JavaScript|Python|SQL|Software Engineering|Web Development,C|Java|JavaScript|Python,Data Engineering,Data Engineering,ETL Pipeline for Retail Data|Customer Segmentation Analysis,,Data Engineer,AIDS,Hands-on Labs
S00890,Sneha Chandran,Male,20,CYSEC,3,6.04,66.3,23,Algorithms|C|Data Structures|Hardware Design|Python|Statistics,C|Python,IoT,IoT,Phishing Detection Tool|Secure File Sharing System,,Penetration Tester,CYSEC,Self-paced Online
S00891,Lakshmi Sharma,Male,22,AIML,8,6.21,67.9,75,Algorithms|C|Cloud Computing|Computer Vision|DBMS|Data Engineering|Deep Learning|Embedded Systems|Frontend Development|Hardware Design|JavaScript|NLP|Python|SQL|Software Engineering|Software Testing|Statistics|Web Development|Data Analytics,C|JavaScript|Python,Statistics,Statistics,Sentiment Analysis Tool|Image Classification Model|Chatbot using Transformers,,Machine Learning Engineer,AIML,Hands-on Labs
S00892,Sneha Rao,Female,21,IT,6,8.47,91.4,55,Algorithms|Business Analytics|Cloud Computing|DBMS|Data Structures|DevOps|Frontend Development|Hardware Design|Java|Networking|Operating Systems|SQL|Software Engineering|Software Testing|Web Development|Computer Vision,Java,Web Systems,Web Systems,Cloud-hosted Inventory System,AWS Cloud Practitioner,Cloud Engineer,IT,Mentor-guided
S00893,Gokul Pillai,Female,20,CSE,5,6.08,67.6,49,Algorithms|C|DBMS|Data Structures|Hardware Design|Java|Networking|Python|SQL|Software Engineering|Software Testing|Statistics,C|Java|Python,Programming,Programming,OS Scheduler Simulation,,Systems Engineer,IOT,Hands-on Labs
S00894,Anjali Pillai,Female,21,CYSEC,6,7.58,80.3,59,Algorithms|C|Cryptography|Cyber Security|DBMS|Data Structures|Frontend Development|Hardware Design|Java|JavaScript|Networking|Operating Systems|Python|SQL|Software Engineering|Statistics|Web Development,C|Java|JavaScript|Python,Systems,Systems,,,AI Research Engineer,CYSEC,Self-paced Online
S00895,Priya Rao,Female,19,IOT,3,7.57,81.9,23,C|Data Structures|Hardware Design|Python|Statistics,C|Python,Networking,Networking,Weather Monitoring IoT Node,,Robotics Engineer,IOT,Self-paced Online
S00896,Sneha Verma,Male,20,AIML,6,4.59,58.5,56,Algorithms|C|Cloud Computing|DBMS|Data Structures|JavaScript|Machine Learning|Networking|Operating Systems|Python|SQL|Software Engineering|Software Testing|Statistics|Web Development,C|JavaScript|Python,Statistics,Statistics,,,Robotics Engineer,AIML,Self-paced Online
S00897,Rohan Gupta,Male,19,CYSEC,3,9.0,98.2,23,Algorithms|C|Data Structures|Hardware Design|Python|Statistics|Ethical Hacking,C|Python,Algorithms,Algorithms,,CompTIA Security+,Penetration Tester,CYSEC,Project-based
S00898,Divya Mehta,Female,21,AIML,8,8.91,96.6,81,Algorithms|Backend Development|C|Cryptography|Data Engineering|Data Structures|Deep Learning|Hardware Design|IoT|Java|JavaScript|NLP|Networking|Operating Systems|Python|SQL|Software Engineering|Software Testing|Statistics|Web Development,C|Java|JavaScript|Python,IoT,IoT,,,Computer Vision Engineer,AIML,Mentor-guided
S00899,Rahul Menon,Male,21,CYSEC,6,6.43,70.8,60,Algorithms|C|Cryptography|Cyber Security|DBMS|Data Structures|Frontend Development|Networking|Python|SQL|Software Engineering|Software Testing|Web Development,C|Python,Security,Security,,Certified Ethical Hacker (CEH) - Foundation,Network Administrator,CYSEC,Project-based
S00900,Pooja Patel,Female,20,CSBS,6,8.61,92.6,66,Algorithms|Business Analytics|C|Cloud Computing|DBMS|Data Structures|DevOps|Hardware Design|Java|JavaScript|Networking|Python|SQL|Software Engineering|Software Testing|Web Development,C|Java|JavaScript|Python,Software,Software,Business Analytics Report Tool,,Product Manager (Tech),CSBS,Self-paced Online
S00901,Vikram Krishnan,Male,21,IT,8,7.87,84.2,67,Algorithms|C|Cloud Computing|DBMS|Data Structures|DevOps|Frontend Development|Hardware Design|IoT|Java|JavaScript|Networking|Operating Systems|Python|SQL|Software Engineering|Software Testing|Statistics|Web Development,C|Java|JavaScript|Python,Databases,Databases,Network Monitoring Tool,,Network Administrator,IT,Project-based
S00902,Anjali Pillai,Male,19,CSE,4,6.32,67.9,31,Algorithms|DBMS|Data Structures|Frontend Development|Java|JavaScript|Python|Software Engineering|Statistics|Web Development,Java|JavaScript|Python,Algorithms,Algorithms,Compiler Mini-Project|E-commerce Web App|OS Scheduler Simulation,,Software Engineer,CSE,Hands-on Labs
S00903,Swathi Rao,Male,21,AIML,8,7.29,79.3,76,Algorithms|C|Computer Vision|DBMS|Data Engineering|Data Structures|Deep Learning|Embedded Systems|Frontend Development|Hardware Design|Java|JavaScript|Machine Learning|NLP|Networking|Operating Systems|Python|SQL|Software Engineering|Software Testing|Statistics|Web Development,C|Java|JavaScript|Python,Machine Learning,Machine Learning,Sentiment Analysis Tool|Chatbot using Transformers|Image Classification Model,Deep Learning Specialization,Cloud Engineer,AIML,Self-paced Online
S00904,Nisha Sharma,Female,20,IT,5,8.24,87.9,41,Algorithms|Data Structures|Hardware Design|Java|JavaScript|Operating Systems|Python|Software Testing|Web Development,Java|JavaScript|Python,Web Systems,Web Systems,Cloud-hosted Inventory System|Network Monitoring Tool,CompTIA Network+,Systems Engineer,IT,Theory-focused
S00905,Anjali Gupta,Female,20,IOT,5,5.76,64.9,45,Algorithms|C|Frontend Development|Hardware Design|JavaScript|Networking|Operating Systems|Python|Software Engineering|Software Testing|Web Development,C|JavaScript|Python,Statistics,Statistics,Wearable Health Tracker,Embedded Systems Certificate|IoT Fundamentals (Cisco),AI Research Engineer,IOT,Hands-on Labs
S00906,Gokul Subramaniam,Male,21,CYSEC,7,6.23,68.4,69,Algorithms|Cryptography|DBMS|Data Analytics|Data Structures|Ethical Hacking|Frontend Development|Hardware Design|JavaScript|Operating Systems|Software Engineering|Software Testing|Statistics|Web Development,JavaScript,Security,Security,Phishing Detection Tool,Certified Ethical Hacker (CEH) - Foundation,Security Architect,CYSEC,Mentor-guided
S00907,Pooja Iyer,Male,19,AIML,3,6.0,65.2,23,Algorithms|C|Hardware Design|Python|Statistics,C|Python,Deep Learning,Deep Learning,,Deep Learning Specialization,NLP Engineer,CSBS,Project-based
S00908,Aditi Sharma,Male,21,IT,7,6.98,74.1,55,Algorithms|Cloud Computing|DBMS|Data Structures|DevOps|Frontend Development|Hardware Design|Java|JavaScript|Networking|Operating Systems|SQL|Software Engineering|Statistics|Web Development,Java|JavaScript,Networking,Networking,Cloud-hosted Inventory System|Enterprise CRM App|Network Monitoring Tool,CompTIA Network+,IT Consultant,AIML,Project-based
S00909,Ananya Chandran,Male,21,AIDS,8,6.8,74.9,70,Algorithms|C|Cloud Computing|DBMS|Data Analytics|Data Engineering|Data Structures|Frontend Development|Java|JavaScript|Machine Learning|Networking|Operating Systems|Python|SQL|Software Engineering|Software Testing|Statistics|Web Development,C|Java|JavaScript|Python,Machine Learning,Machine Learning,Sales Forecasting Dashboard|ETL Pipeline for Retail Data,,Machine Learning Engineer,AIDS,Mentor-guided
S00910,Deepa Reddy,Female,22,IT,8,5.46,64.5,90,Algorithms|Backend Development|C|Cloud Computing|Cryptography|Cyber Security|DBMS|Data Analytics|Data Structures|Distributed Systems|IoT|Java|JavaScript|NLP|Operating Systems|Python|SQL|Software Testing|Web Development,C|Java|JavaScript|Python,Cloud,Cloud,Enterprise CRM App,,Business Intelligence Analyst,CSE,Project-based
S00911,Aditi Reddy,Female,21,CSE,7,3.16,50.4,69,Algorithms|Business Analytics|Deep Learning|Distributed Systems|Embedded Systems|Hardware Design|Java|JavaScript|Machine Learning|Networking|Operating Systems|Python|SQL|Software Engineering|Statistics|Web Development,Java|JavaScript|Python,Algorithms,Algorithms,,DSA Specialization,DevOps Engineer,CSE,Self-paced Online
S00912,Pooja Nair,Male,22,CSE,8,8.11,86.1,83,Algorithms|C|Cloud Computing|Cyber Security|DBMS|Data Analytics|Data Structures|DevOps|Distributed Systems|Embedded Systems|Frontend Development|Java|JavaScript|Python|Software Engineering|Statistics|Web Development,C|Java|JavaScript|Python,Cloud,Cloud,,,Software Architect,IOT,Project-based
S00913,Rohan Sharma,Male,19,CSE,4,7.79,83.5,34,Algorithms|C|DBMS|Frontend Development|Hardware Design|Java|JavaScript|Python|SQL|Software Engineering|Statistics|Embedded Systems,C|Java|JavaScript|Python,Programming,Programming,E-commerce Web App,DSA Specialization,DevOps Engineer,CSE,Project-based
S00914,Vikram Verma,Female,21,IT,7,6.32,70.2,73,Algorithms|Backend Development|C|Cloud Computing|DBMS|Data Analytics|Data Structures|Frontend Development|Hardware Design|IoT|Java|Networking|Operating Systems|Python|SQL|Software Engineering|Software Testing|Statistics|Web Development,C|Java|Python,Cloud,Cloud,Cloud-hosted Inventory System|Enterprise CRM App,AWS Cloud Practitioner|CompTIA Network+,Backend Developer,IT,Mentor-guided
S00915,Meera Das,Female,21,AIML,6,8.46,91.6,56,Algorithms|C|DBMS|Data Structures|Frontend Development|Java|JavaScript|Machine Learning|Networking|Python|SQL|Software Engineering|Software Testing|Web Development,C|Java|JavaScript|Python,Deep Learning,Deep Learning,Chatbot using Transformers,,Robotics Engineer,CYSEC,Theory-focused
S00916,Kiran Mehta,Male,19,CSBS,3,8.22,87.2,23,C|Data Structures|Hardware Design|Python|Statistics,C|Python,Cloud,Cloud,Market Trend Predictor|Business Analytics Report Tool,PMP Foundation|Google Business Analytics Certificate,Systems Engineer,CSBS,Theory-focused
S00917,Ananya Gupta,Male,19,IT,3,4.61,59.3,23,C|Data Structures|Hardware Design|Statistics,C,Data Science,Data Science,Enterprise CRM App|Network Monitoring Tool,AWS Cloud Practitioner,IT Support Engineer,IT,Theory-focused
S00918,Pooja Nair,Female,19,AIML,4,7.74,82.8,27,Algorithms|C|DBMS|Frontend Development|Java|JavaScript|SQL|Software Engineering|Statistics|Web Development,C|Java|JavaScript,Networking,Networking,Chatbot using Transformers|Image Classification Model,,Robotics Engineer,AIML,Mentor-guided
S00919,Manoj Raman,Male,20,IT,4,6.1,66.6,30,Algorithms|C|Data Structures|Hardware Design|Java|JavaScript|Python|Software Engineering|Web Development,C|Java|JavaScript|Python,Web Systems,Web Systems,,AWS Cloud Practitioner,IT Consultant,IT,Hands-on Labs
S00920,Suresh Das,Male,22,CSE,7,8.82,94.7,57,Algorithms|C|DBMS|Data Structures|Distributed Systems|Frontend Development|Hardware Design|Java|JavaScript|Networking|Operating Systems|Python|SQL|Software Engineering|Software Testing|Statistics|Web Development,C|Java|JavaScript|Python,Programming,Programming,OS Scheduler Simulation,Java Programming Certificate|DSA Specialization,Software Architect,AIDS,Mentor-guided
S00921,Aravind Sharma,Female,21,AIML,5,5.35,63.0,49,C|Hardware Design|Java|JavaScript|Operating Systems|Python|SQL|Software Testing|Statistics|Web Development|Data Structures,C|Java|JavaScript|Python,Deep Learning,Deep Learning,,,Machine Learning Engineer,AIML,Self-paced Online
S00922,Meera Nair,Male,19,CSE,4,8.53,91.2,34,Algorithms|C|DBMS|Data Structures|Hardware Design|JavaScript|Python|Software Engineering|Web Development,C|JavaScript|Python,Software Engineering,Software Engineering,Compiler Mini-Project,Java Programming Certificate,Cloud Engineer,CSE,Self-paced Online
S00923,Deepa Bose,Female,20,IOT,6,8.4,89.3,52,Algorithms|C|DBMS|Frontend Development|Java|JavaScript|Networking|Python|SQL|Software Engineering|Web Development,C|Java|JavaScript|Python,Hardware,Hardware,Smart Home Automation|Weather Monitoring IoT Node|Wearable Health Tracker,,Embedded Systems Engineer,IOT,Hands-on Labs
S00924,Harish Singh,Male,20,CSE,4,8.74,94.9,34,Algorithms|DBMS|Frontend Development|Hardware Design|Java|JavaScript|Python|SQL|Software Engineering|Statistics|Web Development,Java|JavaScript|Python,Software Engineering,Software Engineering,E-commerce Web App,,Cloud Engineer,CSE,Project-based
S00925,Harish Varma,Male,19,CYSEC,3,5.84,66.0,19,Algorithms|C|Data Structures|Hardware Design|Python|Statistics,C|Python,Security,Security,,,Security Architect,AIDS,Self-paced Online
S00926,Harish Das,Female,22,AIDS,8,5.61,64.3,71,Algorithms|C|Cloud Computing|DBMS|Data Analytics|Data Engineering|Data Structures|DevOps|Embedded Systems|Java|JavaScript|Networking|Operating Systems|Python|SQL|Software Engineering|Software Testing|Statistics|Web Development,C|Java|JavaScript|Python,Data Science,Data Science,Sales Forecasting Dashboard,,Data Engineer,AIDS,Hands-on Labs
S00927,Nisha Pillai,Female,21,CSE,5,6.57,70.5,49,Algorithms|C|DBMS|Data Structures|Frontend Development|Hardware Design|Java|JavaScript|Networking|Operating Systems|Python|SQL|Software Engineering|Software Testing|Statistics|Web Development,C|Java|JavaScript|Python,Algorithms,Algorithms,Compiler Mini-Project|E-commerce Web App|OS Scheduler Simulation,,Backend Developer,CSE,Self-paced Online
S00928,Vikram Kumar,Female,20,CYSEC,6,5.29,63.9,66,Cyber Security|DBMS|Data Structures|Hardware Design|JavaScript|Operating Systems|Python|SQL|Software Testing|Statistics|Web Development,JavaScript|Python,Cryptography,Cryptography,Secure File Sharing System|Phishing Detection Tool,,SOC Analyst,CYSEC,Self-paced Online
S00929,Karthik Kumar,Female,20,AIDS,4,4.59,58.1,34,Algorithms|C|DBMS|Data Structures|Frontend Development|Java|JavaScript|Python|Software Engineering|Statistics|Web Development,C|Java|JavaScript|Python,Networking,Networking,Sales Forecasting Dashboard,,Data Analyst,AIDS,Project-based
S00930,Harish Das,Female,20,CSE,5,6.65,70.5,49,Algorithms|C|DBMS|Data Structures|Frontend Development|Java|JavaScript|Networking|Operating Systems|SQL|Software Engineering|Software Testing|Statistics|Web Development,C|Java|JavaScript,Algorithms,Algorithms,,,Systems Engineer,CSE,Project-based
S00931,Karthik Gupta,Female,20,AIML,4,7.65,81.1,34,Algorithms|C|DBMS|Data Structures|Frontend Development|Hardware Design|JavaScript|Python|SQL|Software Engineering|Statistics|Web Development,C|JavaScript|Python,Deep Learning,Deep Learning,Sentiment Analysis Tool,Deep Learning Specialization,Data Scientist,AIML,Hands-on Labs
S00932,Kiran Rao,Male,19,IT,3,7.3,77.3,23,C|Hardware Design|Python|Statistics,C|Python,Databases,Databases,Cloud-hosted Inventory System|Enterprise CRM App,CompTIA Network+|AWS Cloud Practitioner,Cybersecurity Analyst,IT,Mentor-guided
S00933,Anjali Sharma,Female,22,CSE,8,6.4,69.9,83,Algorithms|Business Analytics|C|Cloud Computing|Computer Vision|Data Engineering|Data Structures|Deep Learning|DevOps|Distributed Systems|Frontend Development|Hardware Design|Java|Networking|Operating Systems|SQL|Software Engineering|Software Testing|Statistics|Web Development,C|Java,Systems,Systems,,,Backend Developer,CSE,Theory-focused
S00934,Gokul Chandran,Male,21,IT,6,6.5,71.5,52,Algorithms|C|Cloud Computing|DBMS|Data Structures|DevOps|Hardware Design|JavaScript|SQL|Software Engineering|Software Testing|Statistics|Web Development,C|JavaScript,Security,Security,,,Software Engineer,IT,Mentor-guided
S00935,Vikram Rao,Female,19,IT,4,8.12,87.0,34,Algorithms|C|DBMS|Data Structures|Frontend Development|Hardware Design|JavaScript|Python|SQL|Software Engineering|Statistics|Web Development,C|JavaScript|Python,Databases,Databases,Enterprise CRM App|Network Monitoring Tool|Cloud-hosted Inventory System,AWS Cloud Practitioner,DevOps Engineer,IT,Mentor-guided
S00936,Swathi Varma,Female,21,IT,6,5.05,60.8,55,Algorithms|C|Cloud Computing|Data Structures|DevOps|Frontend Development|Networking|Operating Systems|Python|SQL|Software Engineering|Software Testing|Statistics,C|Python,Networking,Networking,Cloud-hosted Inventory System,,Software Architect,IT,Theory-focused
S00937,Swathi Varma,Male,20,AIML,4,8.24,88.5,34,Algorithms|C|DBMS|Data Structures|Frontend Development|Hardware Design|Java|JavaScript|Python|SQL|Software Engineering|Statistics,C|Java|JavaScript|Python,Business Analytics,Business Analytics,Image Classification Model|Sentiment Analysis Tool,,Data Engineer,AIML,Theory-focused
S00938,Ananya Das,Male,20,IOT,3,7.74,83.3,23,Algorithms|C|Data Structures|Hardware Design|Python|Statistics,C|Python,Hardware,Hardware,Smart Home Automation|Weather Monitoring IoT Node|Wearable Health Tracker,,Firmware Engineer,CSBS,Project-based
S00939,Aravind Sharma,Female,21,CSE,8,7.58,81.2,74,Algorithms|C|Cloud Computing|Cyber Security|Data Analytics|Data Engineering|Data Structures|DevOps|Distributed Systems|Frontend Development|Hardware Design|Java|JavaScript|Networking|Operating Systems|Python|SQL|Software Engineering|Software Testing|Statistics|Backend Development,C|Java|JavaScript|Python,Networking,Networking,Compiler Mini-Project|OS Scheduler Simulation|E-commerce Web App,Java Programming Certificate,Business Systems Analyst,CSE,Hands-on Labs
S00940,Karthik Raman,Male,20,CSE,6,7.58,81.9,62,Business Analytics|C|Cyber Security|DBMS|Data Structures|Hardware Design|Networking|Python|Software Engineering|Statistics|Web Development,C|Python,Cloud,Cloud,OS Scheduler Simulation|Compiler Mini-Project,,Database Administrator,CSE,Hands-on Labs
S00941,Nisha Das,Male,20,IT,6,6.63,72.5,65,Algorithms|C|Cloud Computing|Cryptography|DBMS|Data Structures|DevOps|Frontend Development|Hardware Design|Java|Networking|Operating Systems|Python|SQL|Software Engineering|Software Testing|Statistics|Web Development,C|Java|Python,Business Analytics,Business Analytics,Network Monitoring Tool|Cloud-hosted Inventory System,AWS Cloud Practitioner,Software Engineer,IT,Theory-focused
S00942,Prakash Raman,Male,19,IT,4,7.29,77.9,34,Algorithms|C|DBMS|Data Structures|Frontend Development|Hardware Design|Java|Python|Software Engineering|Statistics,C|Java|Python,Cloud,Cloud,Enterprise CRM App|Network Monitoring Tool|Cloud-hosted Inventory System,,Software Engineer,CYSEC,Project-based
S00943,Divya Gupta,Male,21,AIDS,8,8.09,87.2,85,Cloud Computing|Cryptography|Cyber Security|DBMS|Data Engineering|Data Structures|Deep Learning|DevOps|Frontend Development|Hardware Design|Java|NLP|Networking|Operating Systems|Python|SQL|Software Engineering|Software Testing|Web Development,Java|Python,Data Science,Data Science,,Google Data Analytics Certificate|IBM Data Science Certificate,IT Consultant,AIDS,Self-paced Online
S00944,Aditi Nair,Female,20,CSE,6,6.18,70.0,55,Algorithms|C|DBMS|Frontend Development|Hardware Design|Java|JavaScript|Networking|Operating Systems|Python|SQL|Software Engineering|Software Testing|Statistics|Web Development,C|Java|JavaScript|Python,Systems,Systems,OS Scheduler Simulation,DSA Specialization,Software Engineer,CSE,Hands-on Labs
S00945,Gokul Bose,Male,19,IOT,3,7.11,76.5,19,Algorithms|Data Structures|Hardware Design|Python|Statistics,Python,AI,AI,Wearable Health Tracker|Smart Home Automation,Embedded Systems Certificate|IoT Fundamentals (Cisco),IoT Solutions Engineer,IOT,Theory-focused
S00946,Rahul Chandran,Female,21,CSE,7,6.84,73.5,74,Algorithms|C|Cloud Computing|Cyber Security|DBMS|Data Structures|Distributed Systems|Ethical Hacking|Frontend Development|Hardware Design|Java|Networking|Operating Systems|Python|SQL|Software Engineering|Software Testing|Statistics|Web Development,C|Java|Python,Programming,Programming,,,Software Architect,CSE,Self-paced Online
S00947,Suresh Pillai,Male,20,CSBS,5,6.55,70.6,49,DBMS|Data Structures|Hardware Design|Operating Systems|Python|Software Engineering|Software Testing|Web Development,Python,Web Systems,Web Systems,,,Data Analyst,CSBS,Theory-focused
S00948,Naveen Mehta,Male,19,IT,3,4.52,58.8,23,Algorithms|C|Data Structures|Hardware Design|Python|Statistics,C|Python,Web Systems,Web Systems,Network Monitoring Tool|Enterprise CRM App,,IT Consultant,IT,Self-paced Online
S00949,Divya Gupta,Female,21,IT,6,4.96,60.8,55,Algorithms|C|Data Structures|DevOps|Frontend Development|Hardware Design|Java|Operating Systems|Python|SQL|Software Engineering|Software Testing|Statistics,C|Java|Python,Software Engineering,Software Engineering,Enterprise CRM App,CompTIA Network+,AI Research Engineer,IT,Hands-on Labs
S00950,Kiran Verma,Female,19,IT,3,7.74,81.3,23,Algorithms|C|Data Structures|Hardware Design|Python|Statistics,C|Python,Business Analytics,Business Analytics,Network Monitoring Tool,AWS Cloud Practitioner,Systems Engineer,IT,Self-paced Online
S00951,Suresh Krishnan,Male,21,CSE,8,5.82,65.1,73,Algorithms|Business Analytics|C|Cloud Computing|DBMS|DevOps|Distributed Systems|Frontend Development|Hardware Design|IoT|Java|JavaScript|Networking|Operating Systems|Python|SQL|Web Development,C|Java|JavaScript|Python,Machine Learning,Machine Learning,E-commerce Web App|Compiler Mini-Project,,Data Analyst,CSE,Project-based
S00952,Naveen Kumar,Male,19,AIML,4,6.03,66.0,34,C|DBMS|Data Structures|Frontend Development|Hardware Design|JavaScript|Python|SQL|Software Engineering|Statistics|Web Development,C|JavaScript|Python,Web Systems,Web Systems,Chatbot using Transformers,,AI Research Engineer,IT,Self-paced Online
S00953,Arjun Gupta,Female,21,CSE,5,8.33,87.7,49,Algorithms|C|DBMS|Data Structures|Frontend Development|Java|JavaScript|Networking|Operating Systems|SQL|Software Engineering|Software Testing|Web Development,C|Java|JavaScript,Programming,Programming,E-commerce Web App|OS Scheduler Simulation,,Software Architect,IOT,Self-paced Online
S00954,Karthik Verma,Female,20,IT,3,8.83,93.9,23,Algorithms|C|Data Structures|Hardware Design|Python,C|Python,Networking,Networking,Cloud-hosted Inventory System,AWS Cloud Practitioner,Systems Engineer,IT,Self-paced Online
S00955,Sneha Pillai,Male,21,IOT,7,7.3,77.8,69,C|Cloud Computing|Cryptography|Cyber Security|DBMS|Data Engineering|Data Structures|DevOps|Hardware Design|IoT|Java|Networking|Operating Systems|Python|SQL|Software Engineering|Software Testing|Statistics,C|Java|Python,Hardware,Hardware,Smart Home Automation|Weather Monitoring IoT Node,,Data Analyst,IOT,Hands-on Labs
S00956,Rahul Pillai,Male,20,IOT,5,7.67,81.8,46,Algorithms|C|DBMS|Data Structures|Frontend Development|Java|JavaScript|Python|SQL|Software Engineering|Software Testing|Statistics,C|Java|JavaScript|Python,Networking,Networking,Weather Monitoring IoT Node,,Firmware Engineer,IOT,Mentor-guided
S00957,Shreya Reddy,Male,21,CSE,6,8.05,85.0,66,Algorithms|C|DBMS|Data Analytics|Data Structures|Embedded Systems|Frontend Development|Hardware Design|Java|JavaScript|Networking|Operating Systems|Python|SQL|Software Engineering|Statistics|Web Development,C|Java|JavaScript|Python,Networking,Networking,E-commerce Web App|OS Scheduler Simulation|Compiler Mini-Project,,DevOps Engineer,IT,Theory-focused
S00958,Aditi Patel,Female,19,AIDS,3,8.13,86.7,23,Algorithms|C|Data Structures|Hardware Design|Python|Statistics,C|Python,Deep Learning,Deep Learning,ETL Pipeline for Retail Data|Customer Segmentation Analysis,Google Data Analytics Certificate,Penetration Tester,AIDS,Self-paced Online
S00959,Swathi Reddy,Male,21,AIML,8,7.91,84.1,80,Algorithms|Business Analytics|C|Computer Vision|DBMS|Data Analytics|Data Engineering|Deep Learning|Distributed Systems|Frontend Development|Hardware Design|Java|JavaScript|Machine Learning|NLP|Operating Systems|Python|SQL|Software Engineering|Software Testing|Web Development,C|Java|JavaScript|Python,Machine Learning,Machine Learning,Image Classification Model|Sentiment Analysis Tool,TensorFlow Developer Certificate,NLP Engineer,AIML,Theory-focused
S00960,Harish Iyer,Female,19,AIML,4,9.0,99.8,34,Algorithms|C|DBMS|Data Structures|Frontend Development|Hardware Design|Java|JavaScript|SQL|Software Engineering|Statistics|Web Development,C|Java|JavaScript,Deep Learning,Deep Learning,Image Classification Model|Sentiment Analysis Tool,,DevOps Engineer,IOT,Theory-focused
S00961,Meera Subramaniam,Male,20,CSBS,6,6.75,71.8,65,Business Analytics|C|DBMS|Data Analytics|Data Structures|Frontend Development|Hardware Design|Java|JavaScript|Machine Learning|Networking|Operating Systems|Python|SQL|Software Engineering|Software Testing|Statistics|Web Development,C|Java|JavaScript|Python,Management,Management,ERP Dashboard for SMEs|Market Trend Predictor,,Data Analyst,CSBS,Theory-focused
S00962,Shreya Mehta,Female,19,IT,4,8.65,92.2,34,Algorithms|C|DBMS|Hardware Design|Java|JavaScript|Python|Statistics|Web Development,C|Java|JavaScript|Python,Cloud,Cloud,,,Software Engineer,IT,Self-paced Online
S00963,Rahul Singh,Female,20,IT,5,9.0,99.5,46,C|DBMS|Data Structures|Frontend Development|Hardware Design|Java|Networking|Operating Systems|SQL|Software Engineering|Software Testing|Statistics|Web Development,C|Java,Systems,Systems,Enterprise CRM App,AWS Cloud Practitioner,Embedded Systems Engineer,IT,Self-paced Online
S00964,Anjali Das,Female,19,IOT,3,5.96,66.8,23,Algorithms|Data Structures|Hardware Design|Python|Statistics,Python,Embedded Systems,Embedded Systems,Wearable Health Tracker,,NLP Engineer,IOT,Theory-focused
S00965,Pooja Reddy,Male,19,CYSEC,4,7.12,74.8,34,Algorithms|C|DBMS|Data Structures|Hardware Design|Java|JavaScript|Python|Statistics|Web Development,C|Java|JavaScript|Python,Systems,Systems,,Certified Ethical Hacker (CEH) - Foundation,Network Administrator,CYSEC,Project-based
S00966,Aditi Pillai,Male,20,AIML,5,7.57,80.6,46,Algorithms|C|DBMS|Data Structures|Frontend Development|Hardware Design|JavaScript|Networking|Operating Systems|Python|SQL|Software Engineering|Software Testing|Web Development,C|JavaScript|Python,Statistics,Statistics,Chatbot using Transformers|Sentiment Analysis Tool,,Machine Learning Engineer,CSBS,Theory-focused
S00967,Kavya Pillai,Female,20,CSE,5,6.16,68.3,49,Algorithms|C|DBMS|Data Structures|Frontend Development|Hardware Design|Java|JavaScript|Networking|Operating Systems|Python|Statistics|Web Development,C|Java|JavaScript|Python,Software Engineering,Software Engineering,Compiler Mini-Project|OS Scheduler Simulation,,Software Engineer,CSE,Self-paced Online
S00968,Vikram Reddy,Male,19,IT,4,8.79,94.6,34,Algorithms|DBMS|Data Structures|Frontend Development|Java|JavaScript|Python|SQL|Software Engineering|Statistics|Web Development,Java|JavaScript|Python,Programming,Programming,Network Monitoring Tool|Cloud-hosted Inventory System|Enterprise CRM App,,Network Administrator,IT,Hands-on Labs
S00969,Manoj Raman,Male,19,CSE,3,7.91,86.1,23,Algorithms|C|Hardware Design|Python|Statistics,C|Python,Systems,Systems,OS Scheduler Simulation,Java Programming Certificate,Product Manager (Tech),CSE,Mentor-guided
S00970,Aditi Mehta,Female,21,CYSEC,6,7.52,80.6,56,Algorithms|Cryptography|DBMS|DevOps|Java|JavaScript|Operating Systems|SQL|Software Engineering|Software Testing|Statistics|Web Development,Java|JavaScript,Databases,Databases,Phishing Detection Tool|Vulnerability Scanner,CompTIA Security+|Certified Ethical Hacker (CEH) - Foundation,Cybersecurity Analyst,IT,Mentor-guided
S00971,Shreya Mehta,Male,20,CSE,4,5.27,63.3,30,Algorithms|C|DBMS|Data Structures|Hardware Design|Java|JavaScript|Python|SQL|Software Engineering|Statistics|Web Development,C|Java|JavaScript|Python,Systems,Systems,Compiler Mini-Project,DSA Specialization|Java Programming Certificate,Cloud Engineer,CSE,Hands-on Labs
S00972,Rohan Pillai,Male,20,AIDS,5,5.31,62.6,45,Algorithms|DBMS|Hardware Design|Java|JavaScript|Operating Systems|Python|SQL|Software Engineering|Web Development,Java|JavaScript|Python,Cryptography,Cryptography,Sales Forecasting Dashboard|Customer Segmentation Analysis,,Machine Learning Engineer,AIDS,Hands-on Labs
S00973,Sanjay Singh,Male,19,AIML,4,7.88,85.1,34,C|DBMS|Data Structures|Hardware Design|SQL|Statistics|Operating Systems,C,Deep Learning,Deep Learning,Chatbot using Transformers|Image Classification Model|Sentiment Analysis Tool,,NLP Engineer,AIML,Hands-on Labs
S00974,Suresh Krishnan,Female,22,AIML,8,7.29,76.4,68,Algorithms|Computer Vision|Cyber Security|DBMS|Data Engineering|Data Structures|Deep Learning|DevOps|Hardware Design|Java|NLP|Networking|Operating Systems|Python|SQL|Software Engineering|Software Testing|Statistics|Web Development,Java|Python,Machine Learning,Machine Learning,Image Classification Model|Chatbot using Transformers,TensorFlow Developer Certificate,Software Engineer,AIML,Theory-focused
S00975,Arjun Chandran,Male,19,IOT,4,6.79,72.0,34,Algorithms|C|DBMS|Frontend Development|Hardware Design|JavaScript|Python|SQL|Software Engineering|Web Development,C|JavaScript|Python,Hardware,Hardware,Wearable Health Tracker|Smart Home Automation|Weather Monitoring IoT Node,Embedded Systems Certificate|IoT Fundamentals (Cisco),Robotics Engineer,IOT,Self-paced Online
S00976,Arjun Varma,Female,21,IOT,8,3.03,49.6,70,Algorithms|Backend Development|Business Analytics|C|Cyber Security|DBMS|Data Analytics|Data Structures|Embedded Systems|Hardware Design|IoT|Networking|Python|SQL|Software Engineering|Software Testing|Statistics,C|Python,IoT,IoT,Smart Home Automation|Weather Monitoring IoT Node,,Firmware Engineer,IOT,Hands-on Labs
S00977,Kavya Krishnan,Male,19,CSE,4,7.15,76.9,34,Algorithms|C|DBMS|Data Structures|Frontend Development|JavaScript|Python|SQL|Software Engineering|Statistics,C|JavaScript|Python,Data Engineering,Data Engineering,Compiler Mini-Project,Java Programming Certificate,Systems Engineer,CSE,Mentor-guided
S00978,Rohan Kumar,Female,21,CSE,7,8.92,98.5,74,Algorithms|Backend Development|Business Analytics|C|Cyber Security|DBMS|Data Analytics|Data Structures|Distributed Systems|Ethical Hacking|Frontend Development|IoT|Java|Networking|Python|SQL|Software Engineering|Statistics|Web Development,C|Java|Python,Algorithms,Algorithms,E-commerce Web App|OS Scheduler Simulation|Compiler Mini-Project,DSA Specialization|Java Programming Certificate,Embedded Systems Engineer,CSE,Hands-on Labs
S00979,Deepa Krishnan,Male,21,IT,7,7.54,80.4,68,Algorithms|Backend Development|C|Cloud Computing|Cyber Security|DBMS|Data Structures|Deep Learning|DevOps|Frontend Development|Hardware Design|Java|JavaScript|Machine Learning|Networking|Operating Systems|Python|SQL|Software Engineering|Software Testing|Statistics|Web Development,C|Java|JavaScript|Python,Machine Learning,Machine Learning,Enterprise CRM App,CompTIA Network+,Systems Engineer,CYSEC,Mentor-guided
S00980,Gokul Iyer,Male,20,AIDS,6,7.6,81.3,63,Algorithms|C|DBMS|Data Analytics|Embedded Systems|Frontend Development|Hardware Design|Java|JavaScript|Machine Learning|Networking|Operating Systems|Software Engineering|Software Testing|Statistics|Web Development,C|Java|JavaScript,Data Science,Data Science,Sales Forecasting Dashboard|ETL Pipeline for Retail Data,Google Data Analytics Certificate,Data Scientist,AIDS,Theory-focused
S00981,Aravind Das,Female,20,CSE,6,7.81,83.8,58,C|Data Structures|Embedded Systems|Frontend Development|Hardware Design|Java|JavaScript|Networking|Operating Systems|SQL|Statistics|Web Development|Cryptography,C|Java|JavaScript,Cloud,Cloud,E-commerce Web App,,Backend Developer,CSE,Mentor-guided
S00982,Deepa Singh,Female,19,AIML,3,6.3,69.4,23,Algorithms|C|Data Structures|Hardware Design|Statistics,C,Cloud,Cloud,Sentiment Analysis Tool|Image Classification Model,,AI Research Engineer,IOT,Self-paced Online
S00983,Rahul Chandran,Female,19,CSE,3,8.7,92.9,20,Algorithms|C|Data Structures|Hardware Design|Python|Statistics,C|Python,Algorithms,Algorithms,,DSA Specialization,Cybersecurity Analyst,CSE,Self-paced Online
S00984,Pooja Sharma,Female,19,AIDS,3,8.35,87.6,20,Algorithms|C|Data Structures|Hardware Design|Python|Statistics|Business Analytics,C|Python,Data Science,Data Science,,Google Data Analytics Certificate,Systems Engineer,AIDS,Mentor-guided
S00985,Pooja Patel,Female,19,CSE,3,6.3,69.9,23,Algorithms|C|Data Structures|Hardware Design|Python|Statistics,C|Python,Algorithms,Algorithms,Compiler Mini-Project|OS Scheduler Simulation,Java Programming Certificate,AI Research Engineer,CSE,Theory-focused
S00986,Lakshmi Sharma,Male,19,CSE,4,5.2,60.1,30,Algorithms|C|DBMS|Data Structures|Frontend Development|Hardware Design|Python|Software Engineering|Statistics|Web Development,C|Python,Systems,Systems,Compiler Mini-Project|E-commerce Web App,Java Programming Certificate,Cloud Engineer,CSE,Self-paced Online
S00987,Kiran Iyer,Male,21,AIDS,6,4.58,57.7,60,Algorithms|Business Analytics|C|DBMS|Data Analytics|Data Structures|Frontend Development|Hardware Design|Java|JavaScript|Machine Learning|Networking|Operating Systems|Python|SQL|Software Engineering|Software Testing|Statistics|Web Development,C|Java|JavaScript|Python,Statistics,Statistics,,,Machine Learning Engineer,AIDS,Self-paced Online
S00988,Rahul Singh,Male,22,CSE,8,5.94,66.5,85,Business Analytics|C|Cloud Computing|Cyber Security|DBMS|Data Structures|Distributed Systems|Frontend Development|Hardware Design|IoT|Java|JavaScript|Networking|Operating Systems|Python|SQL|Software Engineering|Software Testing|Statistics,C|Java|JavaScript|Python,Networking,Networking,OS Scheduler Simulation|Compiler Mini-Project,Java Programming Certificate,DevOps Engineer,CSE,Hands-on Labs
S00989,Karthik Singh,Female,21,IT,5,3.33,51.9,45,C|DBMS|Data Structures|Frontend Development|Hardware Design|Java|JavaScript|Networking|SQL|Software Engineering|Software Testing|Statistics,C|Java|JavaScript,Hardware,Hardware,Cloud-hosted Inventory System,,Cloud Engineer,IT,Hands-on Labs
S00990,Anjali Bose,Male,20,AIDS,6,4.08,57.1,52,Algorithms|Business Analytics|C|DBMS|Data Analytics|Data Structures|Frontend Development|Java|JavaScript|Networking|Python|SQL|Software Engineering|Statistics|Web Development|Cryptography,C|Java|JavaScript|Python,Systems,Systems,Customer Segmentation Analysis,,Data Engineer,AIDS,Hands-on Labs
S00991,Kiran Das,Female,20,IT,3,2.92,47.0,13,Algorithms|C|Data Structures|Python,C|Python,Networking,Networking,Cloud-hosted Inventory System,,IT Consultant,IOT,Project-based
S00992,Suresh Reddy,Male,20,CSBS,6,6.91,75.1,69,Algorithms|Business Analytics|C|Cyber Security|DBMS|Data Structures|Embedded Systems|Frontend Development|Hardware Design|Java|Machine Learning|Python|SQL|Software Engineering|Statistics|Web Development,C|Java|Python,Data,Data,Business Analytics Report Tool,PMP Foundation,Product Manager (Tech),CSBS,Project-based
S00993,Arjun Bose,Female,20,AIDS,3,5.65,67.9,20,Algorithms|Data Structures|Hardware Design|Python,Python,Data Engineering,Data Engineering,Sales Forecasting Dashboard,IBM Data Science Certificate|Google Data Analytics Certificate,Data Analyst,AIDS,Self-paced Online
S00994,Ritu Subramaniam,Male,19,AIML,3,8.2,87.3,20,Algorithms|C|Data Structures|Python|Statistics|Embedded Systems,C|Python,Machine Learning,Machine Learning,,,NLP Engineer,CSE,Self-paced Online
S00995,Ananya Menon,Male,19,IT,3,8.74,92.3,23,Algorithms|C|Data Structures|Hardware Design|Python|Statistics,C|Python,Web Systems,Web Systems,Network Monitoring Tool|Cloud-hosted Inventory System,CompTIA Network+,Software Engineer,IT,Hands-on Labs
S00996,Sanjay Reddy,Male,20,CSE,5,6.94,73.5,49,Algorithms|DBMS|Data Structures|Frontend Development|Hardware Design|Java|Networking|Operating Systems|Python|Software Engineering|Software Testing|Statistics|Web Development,Java|Python,Programming,Programming,OS Scheduler Simulation|E-commerce Web App|Compiler Mini-Project,DSA Specialization,Machine Learning Engineer,CSE,Mentor-guided
S00997,Anjali Nair,Female,19,AIML,3,8.87,98.0,23,Algorithms|C|Data Structures|Python|Statistics,C|Python,Deep Learning,Deep Learning,Sentiment Analysis Tool|Chatbot using Transformers|Image Classification Model,TensorFlow Developer Certificate,Computer Vision Engineer,AIML,Self-paced Online
S00998,Prakash Reddy,Female,20,IT,6,5.15,62.4,54,Algorithms|C|Cloud Computing|DBMS|Data Structures|Frontend Development|Hardware Design|Java|JavaScript|Networking|Operating Systems|Python|SQL|Software Engineering|Software Testing|Statistics|Web Development|NLP,C|Java|JavaScript|Python,Networking,Networking,Cloud-hosted Inventory System,,Backend Developer,IT,Hands-on Labs
S00999,Vivek Chandran,Male,19,AIML,3,8.19,88.0,16,Algorithms|C|Data Structures|Hardware Design|Statistics|Operating Systems,C,AI,AI,Image Classification Model|Chatbot using Transformers,,Machine Learning Engineer,CSE,Hands-on Labs
S01000,Nisha Subramaniam,Female,21,CYSEC,7,8.65,93.8,60,C|Cryptography|Cyber Security|Data Analytics|Data Structures|Ethical Hacking|Hardware Design|Java|JavaScript|Networking|Operating Systems|Python,C|Java|JavaScript|Python,Networking,Networking,Secure File Sharing System|Phishing Detection Tool,,Security Architect,CYSEC,Mentor-guided
S01001,Manoj Verma,Male,21,CYSEC,5,8.18,88.9,49,Algorithms|C|DBMS|Data Structures|Frontend Development|Java|JavaScript|Networking|Operating Systems|Python|SQL|Software Engineering|Software Testing|Statistics|Web Development,C|Java|JavaScript|Python,Security,Security,Vulnerability Scanner,,Cybersecurity Analyst,CYSEC,Theory-focused
S01002,Sanjay Nair,Female,19,AIDS,3,6.43,69.4,23,Data Structures|Python|Statistics,Python,Data Science,Data Science,Customer Segmentation Analysis,,Data Scientist,AIDS,Hands-on Labs
S01003,Lakshmi Verma,Male,22,CSBS,8,5.95,66.1,83,Algorithms|Business Analytics|Cloud Computing|DBMS|Data Analytics|Data Structures|DevOps|Distributed Systems|Frontend Development|Hardware Design|Java|Networking|Operating Systems|Python|SQL|Software Engineering|Statistics|Web Development,Java|Python,Business Analytics,Business Analytics,Market Trend Predictor,,Product Manager (Tech),CSBS,Hands-on Labs
S01004,Lakshmi Iyer,Male,21,AIML,7,6.94,75.2,69,Algorithms|Business Analytics|C|DBMS|Data Engineering|Data Structures|Frontend Development|Hardware Design|JavaScript|Machine Learning|Operating Systems|SQL|Software Engineering|Software Testing|Statistics|Web Development,C|JavaScript,Systems,Systems,Sentiment Analysis Tool|Chatbot using Transformers,,AI Research Engineer,AIML,Project-based
S01005,Shreya Varma,Female,20,CSBS,3,8.43,88.7,23,C|Hardware Design|Python|Statistics|Ethical Hacking,C|Python,Business Analytics,Business Analytics,,,Backend Developer,CSBS,Hands-on Labs
S01006,Meera Das,Female,19,IOT,3,3.3,51.1,20,Data Structures|Python|Statistics,Python,Networking,Networking,Weather Monitoring IoT Node|Smart Home Automation|Wearable Health Tracker,,Robotics Engineer,IOT,Mentor-guided
S01007,Vikram Patel,Female,19,IT,3,8.74,93.5,23,Algorithms|C|Data Structures|Python|Statistics,C|Python,Databases,Databases,Network Monitoring Tool|Enterprise CRM App|Cloud-hosted Inventory System,AWS Cloud Practitioner,Cloud Engineer,IT,Self-paced Online
S01008,Manoj Raman,Female,21,AIDS,8,6.04,67.4,93,Algorithms|Backend Development|Business Analytics|C|Cloud Computing|DBMS|Data Structures|Deep Learning|DevOps|Distributed Systems|Frontend Development|Hardware Design|Java|JavaScript|Machine Learning|Networking|Operating Systems|Python|SQL|Software Engineering|Statistics,C|Java|JavaScript|Python,Embedded Systems,Embedded Systems,Customer Segmentation Analysis|Sales Forecasting Dashboard|ETL Pipeline for Retail Data,Google Data Analytics Certificate,Systems Administrator,AIDS,Mentor-guided
S01009,Meera Pillai,Female,19,AIDS,4,6.61,72.3,31,Algorithms|C|DBMS|Data Structures|Frontend Development|Hardware Design|Java|JavaScript|SQL|Software Engineering|Web Development,C|Java|JavaScript,Business Analytics,Business Analytics,ETL Pipeline for Retail Data,,Data Engineer,AIDS,Mentor-guided
S01010,Naveen Das,Male,19,AIML,3,6.1,67.9,20,Algorithms|C|Data Structures|Hardware Design|Python|Statistics,C|Python,Networking,Networking,Image Classification Model|Sentiment Analysis Tool|Chatbot using Transformers,TensorFlow Developer Certificate,Robotics Engineer,AIML,Self-paced Online
S01011,Aditi Pillai,Female,20,AIML,5,8.1,86.7,49,Algorithms|C|DBMS|Data Structures|Frontend Development|Hardware Design|Java|Networking|Operating Systems|Python|Software Engineering|Software Testing|Web Development,C|Java|Python,AI,AI,Sentiment Analysis Tool|Chatbot using Transformers,Deep Learning Specialization,Machine Learning Engineer,AIML,Mentor-guided
S01012,Priya Das,Female,19,IT,3,8.05,87.9,20,Algorithms|C|Data Structures|Hardware Design,C,Networking,Networking,Enterprise CRM App,,DevOps Engineer,IT,Mentor-guided
S01013,Sneha Krishnan,Male,20,CSE,6,6.37,70.3,67,Algorithms|Business Analytics|C|DBMS|Data Structures|DevOps|Embedded Systems|Hardware Design|Java|Networking|Operating Systems|Python|Software Testing|Web Development,C|Java|Python,Algorithms,Algorithms,E-commerce Web App,,Systems Engineer,CSE,Theory-focused
S01014,Priya Mehta,Female,21,CYSEC,7,7.14,75.8,73,Algorithms|Cryptography|Cyber Security|Data Structures|Embedded Systems|Ethical Hacking|Frontend Development|Hardware Design|IoT|Java|Networking|Python|SQL|Software Testing|Statistics|Web Development,Java|Python,Cryptography,Cryptography,Secure File Sharing System,,Security Architect,CYSEC,Hands-on Labs
S01015,Pooja Menon,Male,19,AIDS,3,7.83,82.4,23,Algorithms|C|Hardware Design|Python,C|Python,Statistics,Statistics,ETL Pipeline for Retail Data,Google Data Analytics Certificate,Machine Learning Engineer,AIDS,Mentor-guided
S01016,Aravind Bose,Female,22,CYSEC,7,8.53,91.3,73,Algorithms|C|Cryptography|Cyber Security|Data Structures|Deep Learning|Ethical Hacking|Frontend Development|Hardware Design|Java|JavaScript|Networking|Operating Systems|Python|SQL|Software Engineering|Statistics|Web Development,C|Java|JavaScript|Python,Statistics,Statistics,Secure File Sharing System,,Penetration Tester,CYSEC,Theory-focused
S01017,Nisha Gupta,Female,20,CYSEC,5,7.78,81.7,49,C|DBMS|Data Structures|Frontend Development|Java|JavaScript|Networking|Operating Systems|Python|SQL|Software Engineering|Statistics|Web Development,C|Java|JavaScript|Python,Networking,Networking,Vulnerability Scanner,,Cybersecurity Analyst,CSBS,Self-paced Online
S01018,Swathi Bose,Male,21,IT,7,5.21,63.2,70,Algorithms|Backend Development|C|Cloud Computing|DBMS|Data Analytics|DevOps|Ethical Hacking|Frontend Development|Java|JavaScript|Operating Systems|Python|SQL|Software Engineering|Software Testing|Statistics,C|Java|JavaScript|Python,Databases,Databases,Cloud-hosted Inventory System|Network Monitoring Tool|Enterprise CRM App,,Embedded Systems Engineer,IT,Project-based
S01019,Ritu Bose,Female,19,CSE,3,7.43,79.4,23,Algorithms|C|Data Structures|Statistics,C,Systems,Systems,,,DevOps Engineer,IOT,Theory-focused
S01020,Ananya Menon,Male,21,CSBS,7,7.66,82.3,74,Algorithms|Business Analytics|C|Cloud Computing|Cyber Security|DBMS|Data Engineering|Data Structures|Distributed Systems|Java|Machine Learning|Networking|Python|SQL|Software Engineering|Software Testing|Statistics|Web Development,C|Java|Python,Data,Data,ERP Dashboard for SMEs,,Data Analyst,CSBS,Project-based
S01021,Arjun Subramaniam,Male,20,IT,6,6.89,74.7,56,Algorithms|Business Analytics|C|Cloud Computing|DBMS|Data Structures|Hardware Design|Java|JavaScript|Networking|Python|Software Engineering|Software Testing|Statistics|Web Development|IoT,C|Java|JavaScript|Python,Web Systems,Web Systems,Cloud-hosted Inventory System,,Embedded Systems Engineer,IT,Hands-on Labs
S01022,Swathi Menon,Male,19,IT,3,7.96,84.8,23,C|Data Structures|Hardware Design|Python|Statistics,C|Python,Databases,Databases,Network Monitoring Tool|Cloud-hosted Inventory System,,IT Consultant,IT,Hands-on Labs
S01023,Anjali Subramaniam,Female,20,AIDS,6,5.91,66.6,56,Algorithms|C|Cryptography|Data Analytics|Data Structures|Frontend Development|Hardware Design|JavaScript|Machine Learning|Networking|Python|Software Engineering|Software Testing|Statistics|Web Development,C|JavaScript|Python,Data Science,Data Science,Customer Segmentation Analysis,Google Data Analytics Certificate,Data Engineer,AIDS,Self-paced Online
S01024,Prakash Iyer,Female,20,AIML,4,6.65,73.8,34,DBMS|Data Structures|Frontend Development|JavaScript|Python|SQL|Software Engineering|Statistics|Web Development,JavaScript|Python,AI,AI,Chatbot using Transformers,TensorFlow Developer Certificate,DevOps Engineer,AIML,Hands-on Labs
S01025,Rahul Das,Male,20,CSE,5,7.08,75.6,49,Algorithms|C|Frontend Development|Hardware Design|Networking|Python|SQL|Software Engineering|Software Testing|Web Development,C|Python,Software Engineering,Software Engineering,E-commerce Web App,,DevOps Engineer,CSE,Project-based
S01026,Gokul Das,Female,19,CSE,3,8.3,87.9,23,Algorithms|C|Data Structures|Hardware Design|Python|Statistics,C|Python,Systems,Systems,,DSA Specialization,Software Architect,CSE,Mentor-guided
S01027,Vikram Patel,Female,19,IT,4,8.32,87.6,34,C|DBMS|Frontend Development|Hardware Design|Java|Python|SQL|Software Engineering|Statistics|Web Development,C|Java|Python,Databases,Databases,Network Monitoring Tool|Enterprise CRM App,AWS Cloud Practitioner,Software Engineer,IT,Self-paced Online
S01028,Aditi Chandran,Male,19,CYSEC,4,8.5,90.3,34,Algorithms|C|DBMS|Data Structures|Frontend Development|Hardware Design|JavaScript|Python|SQL|Statistics,C|JavaScript|Python,Security,Security,,Certified Ethical Hacker (CEH) - Foundation|CompTIA Security+,Computer Vision Engineer,CYSEC,Project-based
S01029,Gokul Verma,Male,19,IT,4,7.24,77.8,34,Algorithms|C|DBMS|Data Structures|Java|JavaScript|Python|SQL|Software Engineering|Web Development,C|Java|JavaScript|Python,Databases,Databases,,,IoT Solutions Engineer,IT,Project-based
S01030,Deepa Rao,Male,19,AIML,4,7.81,85.3,31,Algorithms|C|DBMS|Data Structures|Java|JavaScript|Software Engineering|Statistics|Web Development,C|Java|JavaScript,Deep Learning,Deep Learning,Chatbot using Transformers|Sentiment Analysis Tool,Deep Learning Specialization|TensorFlow Developer Certificate,DevOps Engineer,AIML,Mentor-guided
S01031,Deepa Mehta,Male,20,CSE,6,7.6,80.0,58,Algorithms|C|Cryptography|Data Structures|Hardware Design|Java|JavaScript|Networking|Python|SQL|Software Engineering|Software Testing|Statistics|Web Development,C|Java|JavaScript|Python,Programming,Programming,Compiler Mini-Project|E-commerce Web App,DSA Specialization,Software Architect,IOT,Hands-on Labs
S01032,Aditi Das,Male,21,AIML,6,4.39,57.9,56,C|Cloud Computing|DBMS|Data Structures|DevOps|Embedded Systems|Frontend Development|Hardware Design|Machine Learning|Networking|Operating Systems|Python|SQL|Software Engineering|Software Testing|Statistics|Web Development,C|Python,Software,Software,Chatbot using Transformers,TensorFlow Developer Certificate,Machine Learning Engineer,AIML,Hands-on Labs
S01033,Vikram Raman,Male,22,CYSEC,7,5.88,66.5,67,Algorithms|C|Cryptography|DBMS|Data Structures|Ethical Hacking|Frontend Development|Hardware Design|Java|Networking|Operating Systems|Python|Software Testing|Web Development,C|Java|Python,Statistics,Statistics,Secure File Sharing System|Phishing Detection Tool,Certified Ethical Hacker (CEH) - Foundation,Security Architect,CYSEC,Hands-on Labs
S01034,Priya Raman,Male,20,CSE,6,7.83,83.3,58,Algorithms|C|Data Analytics|Data Structures|Frontend Development|Hardware Design|Java|JavaScript|Machine Learning|Networking|Python|SQL|Software Engineering|Software Testing|Statistics|Web Development,C|Java|JavaScript|Python,Programming,Programming,OS Scheduler Simulation,,DevOps Engineer,CSE,Hands-on Labs
S01035,Swathi Patel,Female,21,AIML,5,7.73,81.9,49,Algorithms|C|DBMS|Data Structures|Frontend Development|Hardware Design|Java|JavaScript|Networking|Operating Systems|Python|SQL|Software Testing|Statistics|Web Development,C|Java|JavaScript|Python,AI,AI,,TensorFlow Developer Certificate,Computer Vision Engineer,AIML,Hands-on Labs
S01036,Gokul Varma,Female,20,CSE,6,3.9,54.3,62,Algorithms|C|DBMS|Frontend Development|Hardware Design|JavaScript|Machine Learning|Networking|Operating Systems|Python|SQL|Software Engineering|Software Testing|Statistics|Web Development,C|JavaScript|Python,Systems,Systems,OS Scheduler Simulation,Java Programming Certificate|DSA Specialization,Robotics Engineer,CSE,Self-paced Online
S01037,Ananya Subramaniam,Female,21,AIML,8,6.87,73.4,71,Algorithms|C|Computer Vision|Cyber Security|DBMS|Data Structures|Deep Learning|Frontend Development|Hardware Design|Java|JavaScript|Machine Learning|NLP|Operating Systems|Python|SQL|Software Engineering|Software Testing|Statistics|Web Development,C|Java|JavaScript|Python,AI,AI,Sentiment Analysis Tool|Image Classification Model,,Machine Learning Engineer,AIML,Mentor-guided
S01038,Nisha Raman,Female,22,CSBS,8,7.93,84.4,83,Algorithms|Business Analytics|C|DBMS|Data Analytics|Deep Learning|DevOps|Distributed Systems|Frontend Development|Hardware Design|IoT|Java|JavaScript|Machine Learning|Networking|Python|SQL|Software Engineering|Software Testing|Statistics,C|Java|JavaScript|Python,Software,Software,ERP Dashboard for SMEs,Google Business Analytics Certificate,Data Analyst,CSBS,Self-paced Online
S01039,Rohan Kumar,Female,22,CYSEC,7,7.97,84.9,61,Business Analytics|C|Cryptography|Cyber Security|DBMS|Data Analytics|Data Structures|Ethical Hacking|Hardware Design|Java|JavaScript|Networking|Operating Systems|SQL|Software Engineering|Statistics|Web Development,C|Java|JavaScript,Networking,Networking,Vulnerability Scanner|Phishing Detection Tool|Secure File Sharing System,Certified Ethical Hacker (CEH) - Foundation|CompTIA Security+,Penetration Tester,CYSEC,Hands-on Labs
S01040,Deepa Raman,Female,20,CSE,3,4.78,57.6,23,Algorithms|C|Data Structures|Hardware Design|Python|Statistics,C|Python,Programming,Programming,Compiler Mini-Project|E-commerce Web App,Java Programming Certificate,Software Engineer,CSE,Project-based
S01041,Kiran Iyer,Female,19,IOT,4,8.26,88.0,34,Algorithms|C|Data Structures|Hardware Design|JavaScript|Python|SQL|Statistics|Web Development,C|JavaScript|Python,Networking,Networking,Smart Home Automation,IoT Fundamentals (Cisco),IoT Solutions Engineer,IOT,Project-based
S01042,Divya Patel,Female,21,CSBS,8,7.49,80.6,92,Business Analytics|C|Cloud Computing|Cyber Security|DBMS|Data Engineering|Data Structures|Deep Learning|DevOps|Embedded Systems|Java|JavaScript|Machine Learning|Networking|Python|SQL|Software Engineering|Software Testing|Statistics,C|Java|JavaScript|Python,Management,Management,ERP Dashboard for SMEs,Google Business Analytics Certificate|PMP Foundation,Data Analyst,CSBS,Self-paced Online
S01043,Priya Krishnan,Female,19,AIML,3,5.7,64.4,23,C|Data Structures|Hardware Design|Python,C|Python,Statistics,Statistics,Image Classification Model|Sentiment Analysis Tool|Chatbot using Transformers,,Robotics Engineer,AIML,Project-based
S01044,Nisha Rao,Male,19,CSE,4,7.06,76.4,34,DBMS|Data Structures|Frontend Development|Java|JavaScript|Python|SQL|Statistics|Web Development,Java|JavaScript|Python,Systems,Systems,E-commerce Web App|Compiler Mini-Project,,Computer Vision Engineer,CSE,Project-based
S01045,Meera Pillai,Male,21,CYSEC,5,8.04,87.3,49,Algorithms|DBMS|Data Structures|Frontend Development|Hardware Design|Java|JavaScript|Operating Systems|Python|SQL|Software Engineering|Software Testing,Java|JavaScript|Python,Deep Learning,Deep Learning,Vulnerability Scanner|Phishing Detection Tool|Secure File Sharing System,,SOC Analyst,CYSEC,Self-paced Online
S01046,Aditi Das,Male,20,AIML,3,5.09,60.9,23,Algorithms|Data Structures|Hardware Design|Python,Python,Machine Learning,Machine Learning,Image Classification Model|Chatbot using Transformers|Sentiment Analysis Tool,Deep Learning Specialization,Computer Vision Engineer,AIML,Theory-focused
S01047,Prakash Mehta,Female,20,CYSEC,6,7.31,76.9,65,Algorithms|C|Cryptography|Cyber Security|DBMS|Data Analytics|Data Structures|DevOps|Frontend Development|Hardware Design|JavaScript|Python|SQL|Software Engineering|Statistics|Web Development,C|JavaScript|Python,Machine Learning,Machine Learning,,CompTIA Security+|Certified Ethical Hacker (CEH) - Foundation,Penetration Tester,CYSEC,Mentor-guided
S01048,Naveen Sharma,Female,20,AIDS,6,8.17,87.9,60,C|Cloud Computing|DBMS|Data Analytics|Data Structures|Frontend Development|Hardware Design|JavaScript|Networking|Operating Systems|Python|Software Engineering|Software Testing|Statistics,C|JavaScript|Python,Algorithms,Algorithms,Sales Forecasting Dashboard|ETL Pipeline for Retail Data,,Data Scientist,AIDS,Project-based
S01049,Naveen Rao,Male,20,CSBS,6,7.23,77.3,64,Business Analytics|C|Cyber Security|Data Analytics|Data Structures|Frontend Development|Hardware Design|Java|JavaScript|Networking|Operating Systems|SQL|Software Engineering|Software Testing|Statistics|Web Development,C|Java|JavaScript,Software,Software,ERP Dashboard for SMEs,Google Business Analytics Certificate,Software Architect,CSBS,Mentor-guided
S01050,Rahul Bose,Female,21,CYSEC,5,6.98,76.0,46,Algorithms|C|DBMS|Data Structures|Hardware Design|Java|Operating Systems|Python|Software Engineering|Software Testing|Statistics,C|Java|Python,Cryptography,Cryptography,Phishing Detection Tool,CompTIA Security+|Certified Ethical Hacker (CEH) - Foundation,Embedded Systems Engineer,CYSEC,Hands-on Labs
S01051,Anjali Singh,Female,19,IT,4,7.59,81.3,34,C|DBMS|Data Structures|Frontend Development|Java|JavaScript|Python|SQL|Software Engineering|Statistics,C|Java|JavaScript|Python,Web Systems,Web Systems,Enterprise CRM App|Cloud-hosted Inventory System,CompTIA Network+|AWS Cloud Practitioner,Database Administrator,IT,Project-based
S01052,Rohan Das,Male,21,CSBS,8,5.06,60.5,78,Algorithms|Business Analytics|C|DBMS|Data Analytics|Data Structures|Deep Learning|Frontend Development|Hardware Design|Java|JavaScript|NLP|Networking|Operating Systems|Python|SQL|Software Engineering|Software Testing,C|Java|JavaScript|Python,Management,Management,Business Analytics Report Tool,Google Business Analytics Certificate,Business Systems Analyst,CSBS,Hands-on Labs
S01053,Priya Singh,Male,21,AIML,5,7.71,82.1,49,Algorithms|C|DBMS|Data Structures|Hardware Design|Java|JavaScript|Networking|Operating Systems|Python|SQL|Software Engineering|Software Testing|Statistics|Web Development,C|Java|JavaScript|Python,Hardware,Hardware,Image Classification Model,,IT Consultant,AIML,Hands-on Labs
S01054,Shreya Pillai,Male,20,IT,3,8.26,89.2,23,Algorithms|C|Hardware Design|Python|Statistics,C|Python,Networking,Networking,Cloud-hosted Inventory System,,Cloud Engineer,IT,Hands-on Labs
S01055,Rahul Rao,Male,20,AIDS,6,5.46,65.0,57,Algorithms|C|Data Analytics|Hardware Design|Java|JavaScript|Machine Learning|Networking|Operating Systems|Python|Software Engineering|Software Testing|Statistics|Web Development,C|Java|JavaScript|Python,Data Science,Data Science,Sales Forecasting Dashboard,IBM Data Science Certificate,IT Consultant,AIDS,Project-based
S01056,Harish Pillai,Female,19,IOT,3,8.32,88.7,19,Data Structures|Hardware Design|Python|Statistics,Python,Embedded Systems,Embedded Systems,Smart Home Automation|Weather Monitoring IoT Node|Wearable Health Tracker,,Embedded Systems Engineer,IOT,Self-paced Online
S01057,Lakshmi Krishnan,Female,20,AIDS,6,7.93,83.8,69,Algorithms|C|Cryptography|DBMS|Data Analytics|Embedded Systems|Frontend Development|Hardware Design|Java|JavaScript|Machine Learning|Networking|Python|SQL|Software Testing|Statistics|Web Development|Data Structures,C|Java|JavaScript|Python,Data Science,Data Science,,Google Data Analytics Certificate,Data Analyst,AIDS,Mentor-guided
S01058,Aravind Sharma,Female,19,AIML,3,8.74,93.5,23,Algorithms|C|Data Structures|Hardware Design|Python|Statistics,C|Python,Statistics,Statistics,Chatbot using Transformers|Sentiment Analysis Tool|Image Classification Model,TensorFlow Developer Certificate,Machine Learning Engineer,AIML,Mentor-guided
S01059,Shreya Menon,Male,20,IT,6,7.87,83.2,55,DBMS|Data Structures|DevOps|Frontend Development|Hardware Design|Java|JavaScript|Networking|Operating Systems|Python|SQL|Software Testing|Statistics|Web Development,Java|JavaScript|Python,Cloud,Cloud,Cloud-hosted Inventory System|Network Monitoring Tool,CompTIA Network+|AWS Cloud Practitioner,IT Consultant,CYSEC,Hands-on Labs
S01060,Meera Bose,Male,21,AIDS,6,5.41,64.8,59,Algorithms|C|DBMS|Data Analytics|Data Structures|Hardware Design|Java|JavaScript|Networking|Operating Systems|Python|SQL|Software Engineering|Software Testing|Web Development,C|Java|JavaScript|Python,Machine Learning,Machine Learning,ETL Pipeline for Retail Data,Google Data Analytics Certificate,Data Engineer,AIDS,Project-based
S01061,Arjun Nair,Female,19,CYSEC,3,8.74,92.8,23,Algorithms|C|Data Structures|Hardware Design|Python|Statistics,C|Python,Cryptography,Cryptography,Phishing Detection Tool|Secure File Sharing System,CompTIA Security+,Security Architect,CYSEC,Theory-focused
S01062,Divya Mehta,Male,21,CYSEC,7,8.15,87.8,71,Cloud Computing|Cryptography|Cyber Security|Data Structures|DevOps|Ethical Hacking|Hardware Design|Java|JavaScript|Operating Systems|Python|SQL|Software Engineering|Software Testing|Statistics|Web Development,Java|JavaScript|Python,Networking,Networking,Phishing Detection Tool,,Cybersecurity Analyst,CYSEC,Mentor-guided
S01063,Divya Gupta,Female,20,IOT,5,2.57,48.2,35,Algorithms|C|Data Structures|Frontend Development|Hardware Design|Java|Networking|Operating Systems|Software Engineering|Statistics,C|Java,Cloud,Cloud,Smart Home Automation|Wearable Health Tracker,,Firmware Engineer,IOT,Theory-focused
S01064,Divya Gupta,Male,20,CSE,5,6.33,70.8,43,Hardware Design|Java|Networking|Python|SQL|Software Engineering|Statistics,Java|Python,Deep Learning,Deep Learning,Compiler Mini-Project|OS Scheduler Simulation,,Backend Developer,CSE,Theory-focused
S01065,Arjun Kumar,Female,22,AIML,8,8.84,94.0,81,Algorithms|C|Cloud Computing|Computer Vision|Cyber Security|Data Analytics|Deep Learning|Embedded Systems|Frontend Development|Hardware Design|Java|JavaScript|Machine Learning|NLP|Networking|Operating Systems|Python|SQL|Software Engineering|Software Testing|Statistics|Web Development,C|Java|JavaScript|Python,Statistics,Statistics,Image Classification Model,TensorFlow Developer Certificate|Deep Learning Specialization,Data Scientist,AIML,Theory-focused
S01066,Ananya Gupta,Female,19,AIML,3,8.7,95.4,23,Algorithms|C|Data Structures|Hardware Design|Python|Statistics,C|Python,Machine Learning,Machine Learning,Image Classification Model,TensorFlow Developer Certificate|Deep Learning Specialization,Robotics Engineer,IT,Theory-focused
S01067,Harish Reddy,Male,20,CSE,5,7.16,78.5,49,Algorithms|C|Data Structures|Frontend Development|Hardware Design|JavaScript|Python|SQL|Web Development,C|JavaScript|Python,Software,Software,,,Cloud Engineer,CSE,Project-based
S01068,Sanjay Mehta,Male,22,CSBS,8,5.86,66.1,79,Backend Development|Business Analytics|C|Cloud Computing|DBMS|Data Analytics|Data Structures|DevOps|Frontend Development|Hardware Design|Java|JavaScript|Networking|Operating Systems|Software Engineering|Software Testing|Statistics|Web Development,C|Java|JavaScript,AI,AI,ERP Dashboard for SMEs,,Business Systems Analyst,CSBS,Hands-on Labs
S01069,Aravind Chandran,Female,19,IT,3,7.09,79.3,23,C|Data Structures|Hardware Design|Statistics,C,Embedded Systems,Embedded Systems,Enterprise CRM App|Network Monitoring Tool,CompTIA Network+,Systems Engineer,IT,Mentor-guided
S01070,Vivek Menon,Male,21,AIML,7,5.5,63.3,72,Algorithms|Business Analytics|C|Cloud Computing|DBMS|Data Analytics|Data Engineering|Data Structures|Deep Learning|Frontend Development|Hardware Design|IoT|Java|JavaScript|Machine Learning|Networking|Operating Systems|Python|SQL|Software Engineering|Software Testing|Statistics|Web Development,C|Java|JavaScript|Python,Deep Learning,Deep Learning,Chatbot using Transformers|Sentiment Analysis Tool,Deep Learning Specialization|TensorFlow Developer Certificate,Robotics Engineer,AIML,Mentor-guided
S01071,Shreya Pillai,Female,19,IOT,3,8.22,84.8,23,Algorithms|Hardware Design|Python|Statistics,Python,Embedded Systems,Embedded Systems,Wearable Health Tracker,,IoT Solutions Engineer,IOT,Hands-on Labs
S01072,Kiran Kumar,Male,20,IOT,5,7.84,83.2,49,Algorithms|DBMS|Data Structures|Frontend Development|Hardware Design|Java|JavaScript|Networking|Software Engineering|Software Testing|Statistics|Web Development,Java|JavaScript,IoT,IoT,Smart Home Automation|Weather Monitoring IoT Node,IoT Fundamentals (Cisco),Embedded Systems Engineer,IOT,Project-based
S01073,Swathi Varma,Male,19,CYSEC,3,6.38,68.0,16,Algorithms|Data Structures|Hardware Design|Statistics,Java,Security,Security,Vulnerability Scanner|Phishing Detection Tool|Secure File Sharing System,,Network Administrator,CYSEC,Mentor-guided
S01074,Rohan Chandran,Female,21,IOT,7,6.68,73.2,71,Algorithms|Business Analytics|C|Cloud Computing|DBMS|Data Structures|DevOps|Embedded Systems|Frontend Development|IoT|Java|JavaScript|Operating Systems|Python|SQL|Software Engineering|Software Testing|Statistics|Web Development,C|Java|JavaScript|Python,Hardware,Hardware,Wearable Health Tracker|Smart Home Automation,Embedded Systems Certificate,Cybersecurity Analyst,IOT,Self-paced Online
S01075,Kavya Sharma,Female,21,CSBS,8,6.45,70.9,75,Business Analytics|C|Cloud Computing|Cyber Security|DBMS|Data Analytics|Data Structures|Deep Learning|IoT|Java|Machine Learning|Networking|Operating Systems|Python|SQL|Software Engineering|Software Testing|Web Development,C|Java|Python,Software,Software,ERP Dashboard for SMEs,Google Business Analytics Certificate,Product Manager (Tech),CSBS,Hands-on Labs
S01076,Pooja Bose,Female,19,CSE,3,5.45,67.0,20,Algorithms|C|Data Structures|Python|Statistics,C|Python,Cloud,Cloud,OS Scheduler Simulation,DSA Specialization,Database Administrator,CSE,Theory-focused
S01077,Shreya Nair,Female,20,AIML,5,6.59,72.8,41,Data Structures|Frontend Development|Java|Networking|Python|Software Engineering|Statistics|Web Development,Java|Python,AI,AI,Sentiment Analysis Tool,TensorFlow Developer Certificate,Data Scientist,AIML,Project-based
S01078,Rahul Menon,Female,19,CSE,3,6.91,72.7,23,Algorithms|C|Hardware Design|Python|Statistics,C|Python,Networking,Networking,E-commerce Web App,,Systems Engineer,CSBS,Mentor-guided
S01079,Aditi Rao,Male,21,IOT,7,7.12,75.4,68,Algorithms|Business Analytics|C|DBMS|Data Structures|Distributed Systems|Embedded Systems|Frontend Development|Hardware Design|IoT|JavaScript|Networking|Operating Systems|Python|SQL|Software Engineering|Software Testing|Web Development,C|JavaScript|Python,Networking,Networking,,,Firmware Engineer,IOT,Hands-on Labs
S01080,Sneha Menon,Male,22,AIML,7,7.36,78.4,72,Algorithms|C|Cloud Computing|DBMS|Data Engineering|Data Structures|Deep Learning|DevOps|Distributed Systems|Embedded Systems|Frontend Development|Hardware Design|Java|JavaScript|Machine Learning|Python|SQL|Software Engineering|Statistics|Web Development,C|Java|JavaScript|Python,Networking,Networking,Sentiment Analysis Tool,Deep Learning Specialization,Computer Vision Engineer,AIML,Project-based
S01081,Nisha Gupta,Male,20,AIML,4,6.94,75.5,34,Algorithms|C|DBMS|Data Structures|Frontend Development|Hardware Design|JavaScript|Python|SQL|Software Engineering|Statistics|Web Development,C|JavaScript|Python,Deep Learning,Deep Learning,Sentiment Analysis Tool|Image Classification Model,,Machine Learning Engineer,AIML,Self-paced Online
S01082,Swathi Sharma,Male,19,AIML,4,7.06,74.0,31,Algorithms|Data Structures|Frontend Development|Hardware Design|Python|SQL|Software Engineering|Statistics,Python,Data Science,Data Science,,TensorFlow Developer Certificate,Computer Vision Engineer,AIML,Theory-focused
S01083,Priya Singh,Female,20,IT,3,7.74,81.9,23,Algorithms|Hardware Design|Python|Statistics,Python,AI,AI,Enterprise CRM App,CompTIA Network+,Network Administrator,IT,Hands-on Labs
S01084,Arjun Iyer,Male,20,CSE,4,6.52,71.5,31,Algorithms|C|Data Structures|Hardware Design|Java|Python|SQL|Software Engineering|Statistics,C|Java|Python,Systems,Systems,Compiler Mini-Project|OS Scheduler Simulation,Java Programming Certificate|DSA Specialization,DevOps Engineer,CSE,Theory-focused
S01085,Swathi Iyer,Male,19,CSBS,3,6.7,74.0,20,Algorithms|C|Data Structures|Hardware Design|Statistics,C,Networking,Networking,Market Trend Predictor,,Business Intelligence Analyst,CSBS,Hands-on Labs
S01086,Meera Iyer,Female,20,AIML,5,5.24,63.1,49,Algorithms|C|DBMS|Hardware Design|Java|JavaScript|Networking|Operating Systems|Python|SQL|Software Engineering|Software Testing|Statistics|Web Development,C|Java|JavaScript|Python,Deep Learning,Deep Learning,,Deep Learning Specialization,Computer Vision Engineer,AIML,Self-paced Online
S01087,Swathi Nair,Female,19,CYSEC,3,7.39,78.2,23,Algorithms|C|Data Structures|Python|Statistics,C|Python,Security,Security,,Certified Ethical Hacker (CEH) - Foundation|CompTIA Security+,Penetration Tester,CSE,Theory-focused
S01088,Kiran Kumar,Male,21,CSE,6,8.85,97.1,54,Algorithms|Business Analytics|DBMS|Data Structures|Frontend Development|Hardware Design|Java|Operating Systems|Python|SQL|Software Testing|Statistics|Web Development,Java|Python,Algorithms,Algorithms,,,Software Architect,CSE,Mentor-guided
S01089,Kiran Iyer,Female,20,AIML,5,6.96,73.2,45,Algorithms|DBMS|Data Structures|Frontend Development|Hardware Design|Java|Networking|Python|Software Engineering|Software Testing|Statistics|Web Development,Java|Python,Web Systems,Web Systems,Chatbot using Transformers,Deep Learning Specialization,Machine Learning Engineer,AIML,Mentor-guided
S01090,Manoj Nair,Female,22,AIML,7,5.68,65.0,69,C|Cloud Computing|Data Engineering|Data Structures|Distributed Systems|Hardware Design|Java|JavaScript|Machine Learning|Networking|Operating Systems|Python|SQL|Software Engineering|Statistics|Web Development,C|Java|JavaScript|Python,Networking,Networking,Sentiment Analysis Tool|Image Classification Model|Chatbot using Transformers,,Machine Learning Engineer,AIML,Project-based
S01091,Nisha Raman,Female,19,CSE,4,8.79,96.3,34,Algorithms|DBMS|Frontend Development|Hardware Design|Java|JavaScript|Python|SQL|Software Engineering|Web Development,Java|JavaScript|Python,Systems,Systems,E-commerce Web App,,Computer Vision Engineer,CSE,Mentor-guided
S01092,Rohan Iyer,Male,20,IT,6,6.52,71.8,58,C|Cloud Computing|Cryptography|Data Structures|DevOps|Frontend Development|Hardware Design|JavaScript|Python|SQL|Software Engineering|Software Testing|Statistics|Web Development,C|JavaScript|Python,Networking,Networking,Enterprise CRM App|Network Monitoring Tool|Cloud-hosted Inventory System,,Database Administrator,IT,Self-paced Online
S01093,Manoj Menon,Female,21,CYSEC,8,7.31,78.5,83,Algorithms|C|Cryptography|Cyber Security|DBMS|Data Engineering|Data Structures|Deep Learning|Distributed Systems|Embedded Systems|Ethical Hacking|Frontend Development|Java|JavaScript|NLP|Operating Systems|Python|Software Engineering|Software Testing|Statistics|Web Development,C|Java|JavaScript|Python,Security,Security,Vulnerability Scanner|Phishing Detection Tool,Certified Ethical Hacker (CEH) - Foundation,NLP Engineer,CYSEC,Project-based
S01094,Ananya Varma,Female,22,CYSEC,8,3.53,53.6,68,C|Data Engineering|Frontend Development|Hardware Design|Java|JavaScript|Networking|Operating Systems|Python|Software Engineering|Software Testing|Statistics|Web Development|Distributed Systems,C|Java|JavaScript|Python,Data Engineering,Data Engineering,Phishing Detection Tool|Secure File Sharing System,,Database Administrator,AIML,Theory-focused
S01095,Vikram Sharma,Female,19,CSBS,4,6.94,74.6,34,Algorithms|C|DBMS|Data Structures|Frontend Development|Hardware Design|Java|JavaScript|Python|SQL|Software Engineering|Statistics|Web Development,C|Java|JavaScript|Python,Embedded Systems,Embedded Systems,ERP Dashboard for SMEs,Google Business Analytics Certificate,DevOps Engineer,CSBS,Hands-on Labs
S01096,Swathi Das,Female,20,CYSEC,5,4.88,59.1,49,Algorithms|C|Data Structures|Frontend Development|Hardware Design|Java|JavaScript|Networking|Operating Systems|Python|SQL|Software Engineering|Software Testing|Statistics|Web Development,C|Java|JavaScript|Python,Security,Security,Secure File Sharing System|Vulnerability Scanner|Phishing Detection Tool,,SOC Analyst,CYSEC,Theory-focused
S01097,Aditi Kumar,Female,21,AIDS,7,7.83,83.7,82,Algorithms|Business Analytics|C|Cloud Computing|Cyber Security|DBMS|Data Analytics|Frontend Development|Java|JavaScript|Machine Learning|Operating Systems|Python|Software Engineering|Software Testing|Statistics|Web Development,C|Java|JavaScript|Python,Statistics,Statistics,ETL Pipeline for Retail Data|Sales Forecasting Dashboard,,Data Scientist,AIDS,Hands-on Labs
S01098,Anjali Verma,Male,19,AIML,4,6.47,72.4,34,Algorithms|C|DBMS|JavaScript|Python|SQL|Software Engineering|Statistics|Web Development,C|JavaScript|Python,Algorithms,Algorithms,Chatbot using Transformers|Image Classification Model,,Robotics Engineer,AIML,Hands-on Labs
S01099,Kavya Bose,Female,21,AIDS,7,6.88,74.9,66,Algorithms|C|Cloud Computing|DBMS|Data Analytics|Data Structures|Distributed Systems|Ethical Hacking|Frontend Development|Hardware Design|Java|JavaScript|Networking|Python|SQL|Software Testing|Statistics|Web Development,C|Java|JavaScript|Python,Data Engineering,Data Engineering,Sales Forecasting Dashboard,,Data Engineer,AIDS,Theory-focused
S01100,Naveen Iyer,Male,20,IOT,3,7.35,79.5,20,Algorithms|C|Data Structures|Hardware Design|Python|Statistics,C|Python,Hardware,Hardware,Wearable Health Tracker|Weather Monitoring IoT Node|Smart Home Automation,IoT Fundamentals (Cisco),Embedded Systems Engineer,IOT,Self-paced Online
S01101,Karthik Subramaniam,Female,21,AIDS,5,9.0,98.0,49,Frontend Development|Hardware Design|JavaScript|Networking|Operating Systems|Python|SQL|Software Engineering|Web Development,JavaScript|Python,Cryptography,Cryptography,Sales Forecasting Dashboard,Google Data Analytics Certificate|IBM Data Science Certificate,Data Engineer,AIDS,Project-based
S01102,Pooja Sharma,Female,20,AIML,5,6.86,75.3,49,C|DBMS|Hardware Design|Java|Networking|Operating Systems|Python|SQL|Software Testing|IoT,C|Java|Python,Security,Security,Sentiment Analysis Tool|Image Classification Model,,Robotics Engineer,AIML,Mentor-guided
S01103,Gokul Sharma,Male,20,AIML,6,7.0,75.8,60,Algorithms|C|Cloud Computing|DBMS|Data Structures|DevOps|Embedded Systems|Hardware Design|Java|JavaScript|Operating Systems|Python|SQL|Software Engineering|Software Testing|Statistics|Web Development,C|Java|JavaScript|Python,Deep Learning,Deep Learning,Chatbot using Transformers|Image Classification Model,,Business Intelligence Analyst,AIML,Project-based
S01104,Harish Pillai,Female,19,CSE,4,4.79,58.6,34,C|DBMS|Frontend Development|Hardware Design|Java|JavaScript|Python|SQL|Software Engineering|Statistics|Web Development,C|Java|JavaScript|Python,Software Engineering,Software Engineering,Compiler Mini-Project|OS Scheduler Simulation,Java Programming Certificate,Cloud Engineer,CYSEC,Project-based
S01105,Rohan Iyer,Female,20,CSE,3,6.04,69.0,23,Algorithms|C|Data Structures|Hardware Design|Python|Statistics|Cyber Security,C|Python,Algorithms,Algorithms,,Java Programming Certificate,SOC Analyst,CSE,Hands-on Labs
S01106,Gokul Nair,Male,21,CSBS,8,8.01,85.3,87,Algorithms|Business Analytics|C|Cloud Computing|Computer Vision|DBMS|Data Analytics|Data Structures|Deep Learning|Embedded Systems|Frontend Development|Hardware Design|JavaScript|Machine Learning|Python|SQL|Software Engineering|Statistics|Web Development,C|JavaScript|Python,Data,Data,ERP Dashboard for SMEs,PMP Foundation,Product Manager (Tech),CSBS,Project-based
S01107,Rahul Subramaniam,Male,19,IT,3,8.13,86.8,23,Algorithms|C|Statistics,C,Web Systems,Web Systems,,AWS Cloud Practitioner,Software Engineer,IT,Hands-on Labs
S01108,Kavya Varma,Female,20,AIML,3,7.0,74.3,23,Algorithms|C|Data Structures|Hardware Design|Python|Statistics,C|Python,Software,Software,Sentiment Analysis Tool|Image Classification Model|Chatbot using Transformers,,Data Engineer,AIML,Mentor-guided
S01109,Rohan Chandran,Female,21,AIDS,7,6.16,67.9,76,Algorithms|Business Analytics|Cryptography|DBMS|Data Analytics|Data Engineering|Data Structures|DevOps|Hardware Design|Java|Machine Learning|Networking|Python|SQL|Software Testing|Web Development,Java|Python,Statistics,Statistics,ETL Pipeline for Retail Data|Customer Segmentation Analysis|Sales Forecasting Dashboard,IBM Data Science Certificate,Business Systems Analyst,AIDS,Hands-on Labs
S01110,Priya Chandran,Female,19,IT,4,7.62,80.7,34,Algorithms|C|DBMS|Data Structures|Hardware Design|Java|JavaScript|Python|SQL|Software Engineering|Statistics|Web Development,C|Java|JavaScript|Python,Web Systems,Web Systems,Enterprise CRM App|Network Monitoring Tool|Cloud-hosted Inventory System,AWS Cloud Practitioner,Network Administrator,IT,Theory-focused
S01111,Deepa Gupta,Female,21,CSE,8,5.45,63.4,78,Algorithms|Business Analytics|Cloud Computing|Data Analytics|Data Structures|DevOps|Distributed Systems|Hardware Design|IoT|Java|JavaScript|Operating Systems|Python|SQL|Software Engineering|Software Testing|Statistics|Web Development,Java|JavaScript|Python,Software Engineering,Software Engineering,,,Backend Developer,CSE,Self-paced Online
S01112,Swathi Sharma,Male,21,CSE,8,5.55,63.6,85,C|Cloud Computing|Cyber Security|DevOps|Distributed Systems|Embedded Systems|Frontend Development|Hardware Design|JavaScript|Networking|Operating Systems|SQL|Software Engineering|Software Testing|Statistics,C|JavaScript,Data,Data,OS Scheduler Simulation|E-commerce Web App,DSA Specialization,Database Administrator,CSE,Self-paced Online
S01113,Sanjay Verma,Male,20,CYSEC,6,5.56,65.6,59,Algorithms|C|Cryptography|Cyber Security|DBMS|Data Analytics|Frontend Development|Java|JavaScript|Networking|Python|SQL|Software Engineering|Software Testing|Web Development,C|Java|JavaScript|Python,Systems,Systems,Phishing Detection Tool|Secure File Sharing System,Certified Ethical Hacker (CEH) - Foundation,Penetration Tester,CYSEC,Theory-focused
S01114,Kiran Subramaniam,Female,20,AIDS,4,7.5,82.9,34,Algorithms|C|DBMS|Data Structures|Hardware Design|Java|Python|SQL|Statistics|Web Development,C|Java|Python,Cloud,Cloud,ETL Pipeline for Retail Data,Google Data Analytics Certificate|IBM Data Science Certificate,AI Research Engineer,AIDS,Self-paced Online
S01115,Meera Varma,Male,21,CSE,5,5.69,65.2,49,C|DBMS|Data Structures|Frontend Development|Hardware Design|Java|JavaScript|Networking|Operating Systems|SQL|Software Engineering|Software Testing|Web Development,C|Java|JavaScript,Software Engineering,Software Engineering,,DSA Specialization,Cloud Engineer,CSE,Hands-on Labs
S01116,Shreya Nair,Male,22,AIML,8,5.46,64.4,81,Cloud Computing|Computer Vision|DBMS|Data Engineering|DevOps|Distributed Systems|Embedded Systems|Frontend Development|Hardware Design|IoT|Java|JavaScript|Machine Learning|NLP|Networking|Operating Systems|Python|SQL|Software Engineering|Software Testing|Statistics|Web Development,Java|JavaScript|Python,Statistics,Statistics,Chatbot using Transformers,,AI Research Engineer,IOT,Self-paced Online
S01117,Rohan Mehta,Female,20,AIDS,5,6.16,68.2,49,C|Frontend Development|Hardware Design|Java|JavaScript|Networking|Operating Systems|Python|SQL|Software Engineering|Software Testing|Statistics|Web Development,C|Java|JavaScript|Python,Data Engineering,Data Engineering,Customer Segmentation Analysis|ETL Pipeline for Retail Data,IBM Data Science Certificate,Data Analyst,AIDS,Hands-on Labs
S01118,Kavya Patel,Female,20,AIDS,5,7.41,81.2,46,Algorithms|DBMS|Data Structures|Frontend Development|Hardware Design|Java|JavaScript|Networking|Operating Systems|SQL|Web Development,Java|JavaScript,Cloud,Cloud,,Google Data Analytics Certificate|IBM Data Science Certificate,Business Intelligence Analyst,AIDS,Project-based
S01119,Swathi Bose,Female,21,IT,8,6.6,71.8,68,C|Cloud Computing|Cyber Security|Data Analytics|Data Structures|Deep Learning|Frontend Development|Hardware Design|JavaScript|NLP|Networking|Operating Systems|Python|SQL|Software Engineering|Software Testing,C|JavaScript|Python,Embedded Systems,Embedded Systems,Cloud-hosted Inventory System,,IT Consultant,IT,Theory-focused
S01120,Gokul Pillai,Male,20,CYSEC,3,9.0,95.0,23,Algorithms|C|Data Structures|Hardware Design|Python|Statistics,C|Python,Cryptography,Cryptography,Phishing Detection Tool,,Network Administrator,CYSEC,Hands-on Labs
S01121,Kiran Rao,Male,19,CSE,3,7.17,78.3,23,Algorithms|Data Structures|Hardware Design|Python|Statistics,Python,Systems,Systems,OS Scheduler Simulation,,Systems Engineer,CSE,Self-paced Online
S01122,Kiran Chandran,Female,21,IT,8,3.65,52.7,62,Algorithms|Backend Development|C|Cloud Computing|Cyber Security|DBMS|Data Structures|DevOps|Frontend Development|Hardware Design|Java|JavaScript|Networking|Operating Systems|SQL|Software Engineering|Software Testing|Statistics|Web Development,C|Java|JavaScript,Networking,Networking,Enterprise CRM App,,Firmware Engineer,IT,Theory-focused
S01123,Shreya Raman,Male,21,AIDS,5,4.04,54.2,46,Algorithms|C|DBMS|Data Structures|Frontend Development|Hardware Design|Java|JavaScript|Networking|Python|SQL|Software Engineering|Software Testing|Statistics|Web Development,C|Java|JavaScript|Python,Data Engineering,Data Engineering,Customer Segmentation Analysis|ETL Pipeline for Retail Data,Google Data Analytics Certificate|IBM Data Science Certificate,Data Analyst,AIDS,Project-based
S01124,Deepa Gupta,Male,19,CYSEC,3,8.84,97.0,19,Algorithms|C|Data Structures|Hardware Design|Python|Statistics,C|Python,Cryptography,Cryptography,Vulnerability Scanner|Secure File Sharing System,Certified Ethical Hacker (CEH) - Foundation,Network Administrator,CYSEC,Theory-focused
S01125,Gokul Gupta,Female,20,CSE,5,6.63,70.6,46,Algorithms|C|DBMS|Data Structures|Frontend Development|Hardware Design|Java|JavaScript|Networking|Operating Systems|Software Engineering|Software Testing|Statistics|Web Development,C|Java|JavaScript,Algorithms,Algorithms,E-commerce Web App|Compiler Mini-Project,,NLP Engineer,CSE,Project-based
S01126,Divya Rao,Male,19,IT,4,7.86,82.5,28,Algorithms|DBMS|Data Structures|Hardware Design|Java|JavaScript|Python|Software Engineering|Statistics|Web Development,Java|JavaScript|Python,Web Systems,Web Systems,Cloud-hosted Inventory System,CompTIA Network+,DevOps Engineer,IT,Hands-on Labs
S01127,Arjun Bose,Female,19,CSE,4,6.77,72.1,31,Algorithms|C|DBMS|Data Structures|Hardware Design|Java|JavaScript|Python|Software Engineering|Statistics|Web Development,C|Java|JavaScript|Python,Software Engineering,Software Engineering,E-commerce Web App,Java Programming Certificate|DSA Specialization,Database Administrator,CSE,Mentor-guided
S01128,Deepa Chandran,Male,20,CYSEC,3,8.39,89.6,23,Algorithms|C|Data Structures|Hardware Design|Python|Statistics,C|Python,Security,Security,Phishing Detection Tool|Secure File Sharing System,,Penetration Tester,IOT,Theory-focused
S01129,Kavya Subramaniam,Female,19,CYSEC,4,7.71,83.7,31,Algorithms|DBMS|Data Structures|Hardware Design|Java|Python|Software Engineering|Statistics|Web Development,Java|Python,Networking,Networking,Vulnerability Scanner|Secure File Sharing System,Certified Ethical Hacker (CEH) - Foundation,Security Architect,CYSEC,Hands-on Labs
S01130,Pooja Reddy,Female,20,CSBS,4,9.0,97.4,34,Algorithms|C|DBMS|Data Structures|Frontend Development|Java|JavaScript|Python|SQL|Software Engineering,C|Java|JavaScript|Python,Business Analytics,Business Analytics,Market Trend Predictor,,Data Engineer,CSBS,Self-paced Online
S01131,Divya Iyer,Female,19,CSE,3,7.96,85.2,23,Algorithms|C|Data Structures|Hardware Design|Python|DBMS,C|Python,Security,Security,E-commerce Web App|Compiler Mini-Project|OS Scheduler Simulation,,Software Architect,CSBS,Self-paced Online
S01132,Deepa Kumar,Female,20,CYSEC,4,8.79,94.4,34,Algorithms|C|DBMS|Data Structures|Hardware Design|JavaScript|Python|SQL|Statistics|Web Development,C|JavaScript|Python,AI,AI,Phishing Detection Tool|Vulnerability Scanner,Certified Ethical Hacker (CEH) - Foundation,SOC Analyst,CYSEC,Mentor-guided
S01133,Sanjay Sharma,Male,19,AIML,3,6.84,72.9,19,Algorithms|Data Structures|Hardware Design|Python|Statistics|Cryptography,Python,AI,AI,Image Classification Model,,NLP Engineer,AIML,Theory-focused
S01134,Harish Raman,Male,19,IOT,4,7.71,83.6,31,Algorithms|C|Frontend Development|Hardware Design|Java|JavaScript|Python|SQL|Web Development,C|Java|JavaScript|Python,Hardware,Hardware,Smart Home Automation,,Firmware Engineer,IOT,Hands-on Labs
S01135,Vivek Menon,Female,21,IT,6,8.25,87.5,55,Algorithms|C|Cloud Computing|DBMS|Data Structures|DevOps|Frontend Development|Hardware Design|Java|JavaScript|Networking|Operating Systems|Python|SQL|Software Engineering|Software Testing|Statistics|Web Development,C|Java|JavaScript|Python,Cloud,Cloud,Network Monitoring Tool|Cloud-hosted Inventory System,,Cloud Engineer,IT,Project-based
S01136,Rahul Sharma,Female,21,IOT,8,6.12,66.9,81,Algorithms|Business Analytics|Cyber Security|DBMS|Data Structures|Deep Learning|Distributed Systems|Frontend Development|IoT|Java|JavaScript|Machine Learning|Networking|Operating Systems|Python|SQL|Software Engineering|Software Testing|Web Development,Java|JavaScript|Python,Networking,Networking,Smart Home Automation|Wearable Health Tracker,,Embedded Systems Engineer,CYSEC,Self-paced Online
S01137,Divya Singh,Male,19,CYSEC,4,8.0,86.7,34,Algorithms|C|DBMS|Data Structures|Frontend Development|Hardware Design|Java|JavaScript|SQL|Statistics|Web Development,C|Java|JavaScript,Cryptography,Cryptography,Secure File Sharing System,,Cybersecurity Analyst,IOT,Theory-focused
S01138,Kiran Varma,Female,20,IOT,4,8.57,91.4,30,C|DBMS|Frontend Development|JavaScript|Python|SQL|Statistics|Web Development,C|JavaScript|Python,Hardware,Hardware,Weather Monitoring IoT Node|Wearable Health Tracker,IoT Fundamentals (Cisco),Robotics Engineer,IOT,Project-based
S01139,Rohan Rao,Female,19,AIML,3,4.57,58.5,23,Algorithms|C|Hardware Design|Python|Statistics,C|Python,AI,AI,Chatbot using Transformers|Image Classification Model,Deep Learning Specialization,Computer Vision Engineer,AIML,Theory-focused
S01140,Rahul Krishnan,Male,21,AIML,7,6.71,73.0,63,C|Cloud Computing|DBMS|Data Engineering|Data Structures|Frontend Development|IoT|Java|JavaScript|Machine Learning|Networking|Operating Systems|SQL|Software Engineering|Software Testing|Statistics|Web Development,C|Java|JavaScript,Deep Learning,Deep Learning,,Deep Learning Specialization|TensorFlow Developer Certificate,Machine Learning Engineer,AIML,Hands-on Labs
S01141,Rohan Sharma,Female,20,IOT,3,8.3,88.6,23,Algorithms|C|Hardware Design|Python|Statistics,C|Python,Hardware,Hardware,Weather Monitoring IoT Node|Wearable Health Tracker,,NLP Engineer,IOT,Self-paced Online
S01142,Sneha Mehta,Male,19,CSE,3,7.04,74.6,23,C|Hardware Design|Python|Statistics|DBMS,C|Python,Software Engineering,Software Engineering,OS Scheduler Simulation|Compiler Mini-Project,Java Programming Certificate|DSA Specialization,DevOps Engineer,CSE,Project-based
S01143,Manoj Menon,Male,20,CSE,6,7.03,75.7,58,Algorithms|C|Data Structures|Frontend Development|Hardware Design|JavaScript|Networking|Operating Systems|Python|SQL|Software Testing|Web Development,C|JavaScript|Python,Systems,Systems,,,Cloud Engineer,AIDS,Theory-focused
S01144,Prakash Chandran,Male,20,AIML,5,2.0,43.5,24,Algorithms|C|DBMS|Hardware Design|Networking|Python|Statistics,C|Python,Statistics,Statistics,Image Classification Model,,AI Research Engineer,AIML,Theory-focused
S01145,Anjali Menon,Male,21,IT,7,7.66,81.3,62,Algorithms|C|Cloud Computing|DevOps|Java|JavaScript|Networking|Operating Systems|Python|SQL|Software Engineering|Statistics|Web Development,C|Java|JavaScript|Python,Web Systems,Web Systems,Network Monitoring Tool,AWS Cloud Practitioner,Software Engineer,IT,Self-paced Online
S01146,Ritu Mehta,Female,21,CSBS,7,8.34,90.7,61,Algorithms|Business Analytics|C|Data Analytics|Data Structures|Distributed Systems|JavaScript|Machine Learning|Networking|Operating Systems|Python|SQL|Software Engineering|Web Development,C|JavaScript|Python,Management,Management,,,Product Manager (Tech),CSBS,Self-paced Online
S01147,Anjali Verma,Male,20,CYSEC,3,6.91,72.0,23,Algorithms|C|Hardware Design|Python,C|Python,AI,AI,Phishing Detection Tool,,SOC Analyst,CYSEC,Project-based
S01148,Pooja Verma,Male,21,AIML,8,8.62,93.6,63,Algorithms|Business Analytics|C|Cloud Computing|DBMS|Deep Learning|Frontend Development|Hardware Design|IoT|Java|Machine Learning|NLP|Operating Systems|Python|SQL|Software Engineering|Statistics|Web Development,C|Java|Python,Networking,Networking,Image Classification Model|Sentiment Analysis Tool,,Robotics Engineer,AIML,Self-paced Online
S01149,Aditi Bose,Male,21,CSBS,8,8.21,87.3,77,C|Cyber Security|DBMS|Data Analytics|Data Structures|Distributed Systems|Frontend Development|Hardware Design|Java|JavaScript|Machine Learning|Operating Systems|Python|SQL|Software Engineering|Software Testing|Statistics|Web Development,C|Java|JavaScript|Python,Data,Data,,Google Business Analytics Certificate,IT Consultant,CSBS,Project-based
S01150,Prakash Mehta,Male,20,AIML,3,6.22,68.5,23,Algorithms|C|Data Structures|Hardware Design|Python|Statistics,C|Python,Embedded Systems,Embedded Systems,Chatbot using Transformers|Image Classification Model|Sentiment Analysis Tool,,AI Research Engineer,AIML,Hands-on Labs
S01151,Ritu Gupta,Female,20,CSE,4,8.18,87.7,34,Algorithms|C|DBMS|Hardware Design|JavaScript|Python|Statistics|Web Development,C|JavaScript|Python,Algorithms,Algorithms,Compiler Mini-Project|E-commerce Web App,,Business Systems Analyst,CSE,Project-based
S01152,Anjali Nair,Male,22,CSE,7,6.79,73.7,61,Algorithms|Cloud Computing|DBMS|DevOps|Hardware Design|Java|JavaScript|Networking|Operating Systems|Python|SQL|Software Engineering|Software Testing|Statistics|Web Development,Java|JavaScript|Python,Algorithms,Algorithms,OS Scheduler Simulation,,Data Analyst,CSE,Self-paced Online
S01153,Kiran Raman,Male,19,AIDS,4,3.55,53.4,31,C|DBMS|Data Structures|Frontend Development|Hardware Design|Java|JavaScript|SQL|Software Engineering|Statistics|Web Development,C|Java|JavaScript,Machine Learning,Machine Learning,,,Data Scientist,AIDS,Project-based
S01154,Shreya Chandran,Female,21,IT,5,7.29,77.3,49,Algorithms|C|DBMS|Data Structures|Frontend Development|Hardware Design|Java|JavaScript|Networking|Operating Systems|Python|SQL|Software Engineering|Software Testing|Statistics,C|Java|JavaScript|Python,Networking,Networking,Cloud-hosted Inventory System|Enterprise CRM App,,Backend Developer,IT,Project-based
S01155,Prakash Rao,Female,20,CSE,3,8.39,90.7,23,Algorithms|Data Structures|Hardware Design|Python|Statistics|Data Analytics,Python,Data Engineering,Data Engineering,E-commerce Web App|Compiler Mini-Project|OS Scheduler Simulation,,Cloud Engineer,CSE,Project-based
S01156,Divya Krishnan,Female,21,AIML,7,6.89,76.0,63,C|Cloud Computing|Deep Learning|Frontend Development|Hardware Design|JavaScript|Machine Learning|Networking|Operating Systems|SQL|Software Testing|Web Development,C|JavaScript,AI,AI,Chatbot using Transformers|Image Classification Model,TensorFlow Developer Certificate,Machine Learning Engineer,AIML,Mentor-guided
S01157,Sneha Mehta,Female,21,IT,8,7.36,78.6,75,Cloud Computing|DBMS|Data Analytics|Data Structures|DevOps|Distributed Systems|Frontend Development|Hardware Design|IoT|JavaScript|Networking|Operating Systems|Python|Software Engineering|Software Testing|Web Development,JavaScript|Python,Hardware,Hardware,,CompTIA Network+,DevOps Engineer,IT,Theory-focused
S01158,Vivek Pillai,Female,22,IT,8,8.35,89.0,72,Algorithms|C|Cloud Computing|DBMS|Data Structures|DevOps|Embedded Systems|Frontend Development|Hardware Design|Java|JavaScript|Networking|Operating Systems|Python|SQL|Software Engineering|Software Testing,C|Java|JavaScript|Python,Networking,Networking,Cloud-hosted Inventory System|Network Monitoring Tool|Enterprise CRM App,AWS Cloud Practitioner,Backend Developer,IT,Theory-focused
S01159,Ananya Raman,Male,19,AIML,4,7.39,80.2,31,Algorithms|C|DBMS|Data Structures|Frontend Development|Hardware Design|Java|SQL|Web Development,C|Java,Machine Learning,Machine Learning,Image Classification Model,,Security Architect,AIDS,Hands-on Labs
S01160,Rahul Nair,Female,21,IT,5,6.83,76.0,42,C|DBMS|Frontend Development|JavaScript|Networking|Python|SQL|Software Engineering|Software Testing|Statistics|Web Development,C|JavaScript|Python,Web Systems,Web Systems,Enterprise CRM App|Network Monitoring Tool,,Systems Engineer,AIML,Hands-on Labs
S01161,Vivek Pillai,Male,22,CSE,8,8.5,90.8,72,Algorithms|C|Cloud Computing|Cyber Security|Data Structures|DevOps|Distributed Systems|Frontend Development|IoT|JavaScript|Operating Systems|Python|Software Engineering|Software Testing|Statistics|Web Development,C|JavaScript|Python,Systems,Systems,OS Scheduler Simulation,,DevOps Engineer,CSE,Project-based
S01162,Vivek Das,Male,20,CSE,6,7.75,82.7,61,Algorithms|Business Analytics|C|Data Structures|Frontend Development|Hardware Design|Java|JavaScript|Machine Learning|Networking|Python|SQL|Software Engineering|Software Testing|Web Development,C|Java|JavaScript|Python,Algorithms,Algorithms,Compiler Mini-Project,DSA Specialization,Software Architect,IOT,Theory-focused
S01163,Naveen Singh,Female,20,AIDS,3,8.0,82.5,23,Algorithms|C|Data Structures|Hardware Design|Python|Statistics,C|Python,Statistics,Statistics,,IBM Data Science Certificate,Data Engineer,AIDS,Theory-focused
S01164,Harish Kumar,Female,21,AIML,8,4.76,58.9,78,Algorithms|C|Cloud Computing|Computer Vision|Data Engineering|Data Structures|Deep Learning|Frontend Development|Hardware Design|Java|JavaScript|NLP|Networking|Python|SQL|Software Engineering|Software Testing|Statistics|Web Development|Machine Learning,C|Java|JavaScript|Python,Statistics,Statistics,Image Classification Model,,AI Research Engineer,AIML,Mentor-guided
S01165,Meera Nair,Male,21,CYSEC,8,3.58,52.6,76,Algorithms|Business Analytics|C|Cloud Computing|Cryptography|Cyber Security|DBMS|Data Structures|DevOps|Ethical Hacking|Frontend Development|IoT|Networking|SQL|Software Engineering|Software Testing|Statistics,C,Systems,Systems,Vulnerability Scanner|Secure File Sharing System|Phishing Detection Tool,Certified Ethical Hacker (CEH) - Foundation,Security Architect,CYSEC,Theory-focused
S01166,Arjun Menon,Male,20,CSE,3,5.7,67.0,23,Algorithms|C|Data Structures|Python,C|Python,Programming,Programming,,,Systems Engineer,CSE,Theory-focused
S01167,Suresh Patel,Female,20,IT,5,7.47,80.1,45,Algorithms|C|DBMS|Hardware Design|Java|JavaScript|Networking|Python|Software Engineering|Statistics|Web Development,C|Java|JavaScript|Python,Databases,Databases,Enterprise CRM App|Network Monitoring Tool,CompTIA Network+,Data Analyst,IT,Mentor-guided
S01168,Swathi Krishnan,Male,20,AIML,5,5.16,61.4,49,Algorithms|C|DBMS|Hardware Design|Java|JavaScript|Networking|Operating Systems|Python|SQL|Software Testing|Statistics|Web Development,C|Java|JavaScript|Python,Deep Learning,Deep Learning,Image Classification Model|Sentiment Analysis Tool,,NLP Engineer,AIML,Hands-on Labs
S01169,Arjun Varma,Male,22,AIML,7,6.99,74.5,71,Algorithms|C|Cloud Computing|DBMS|Data Engineering|Deep Learning|Distributed Systems|Frontend Development|Hardware Design|Java|JavaScript|Machine Learning|Networking|Python|SQL|Software Engineering|Software Testing|Statistics|Web Development,C|Java|JavaScript|Python,Statistics,Statistics,,TensorFlow Developer Certificate|Deep Learning Specialization,AI Research Engineer,AIML,Mentor-guided
S01170,Manoj Singh,Female,19,AIML,4,8.71,95.7,34,Algorithms|DBMS|Data Structures|Frontend Development|Java|Python|Web Development,Java|Python,Embedded Systems,Embedded Systems,Image Classification Model,,Cloud Engineer,AIML,Project-based
S01171,Deepa Singh,Male,20,CYSEC,4,4.24,56.4,34,Algorithms|C|Data Structures|Frontend Development|Hardware Design|Java|JavaScript|Python|SQL|Software Engineering|Statistics|Web Development|Operating Systems,C|Java|JavaScript|Python,Security,Security,Vulnerability Scanner,Certified Ethical Hacker (CEH) - Foundation,SOC Analyst,CYSEC,Hands-on Labs
S01172,Nisha Krishnan,Female,19,CYSEC,4,2.76,49.0,21,Algorithms|C|DBMS|Data Structures|SQL|Software Engineering|C++,C|C++,Security,Security,Phishing Detection Tool|Vulnerability Scanner,Certified Ethical Hacker (CEH) - Foundation,Cybersecurity Analyst,CYSEC,Theory-focused
S01173,Meera Mehta,Male,21,AIML,7,6.45,70.5,74,Algorithms|Backend Development|C|Cloud Computing|Cyber Security|DBMS|Data Analytics|Data Engineering|Distributed Systems|Ethical Hacking|Frontend Development|Hardware Design|Java|JavaScript|Machine Learning|Networking|Operating Systems|Python|SQL|Software Engineering|Software Testing|Statistics,C|Java|JavaScript|Python,AI,AI,,Deep Learning Specialization,AI Research Engineer,AIML,Hands-on Labs
S01174,Arjun Kumar,Female,20,AIDS,4,8.32,88.5,31,Algorithms|C|DBMS|Data Structures|Frontend Development|Hardware Design|Java|JavaScript|Python|SQL|Software Engineering|Statistics|Web Development,C|Java|JavaScript|Python,Cryptography,Cryptography,Customer Segmentation Analysis,IBM Data Science Certificate|Google Data Analytics Certificate,Data Analyst,AIDS,Project-based
S01175,Manoj Subramaniam,Female,19,IOT,3,7.61,82.2,23,C|Data Structures|Hardware Design|Statistics|IoT,C,Embedded Systems,Embedded Systems,Weather Monitoring IoT Node|Wearable Health Tracker|Smart Home Automation,,Firmware Engineer,IOT,Self-paced Online
S01176,Swathi Varma,Male,20,AIDS,3,7.26,78.5,19,Algorithms|C|Data Structures|Hardware Design|Python|Statistics,C|Python,Cryptography,Cryptography,ETL Pipeline for Retail Data,IBM Data Science Certificate|Google Data Analytics Certificate,Machine Learning Engineer,AIDS,Hands-on Labs
S01177,Ananya Krishnan,Male,20,AIDS,4,7.53,81.3,34,C|DBMS|Data Structures|Frontend Development|Hardware Design|Java|JavaScript|Python|SQL|Software Engineering|Web Development,C|Java|JavaScript|Python,Cryptography,Cryptography,,,Data Scientist,CYSEC,Theory-focused
S01178,Kiran Reddy,Female,20,IOT,5,5.86,67.3,49,Algorithms|C|DBMS|Data Structures|Frontend Development|Java|JavaScript|Networking|Operating Systems|Python|SQL|Software Testing|Statistics|Web Development,C|Java|JavaScript|Python,Hardware,Hardware,Wearable Health Tracker|Weather Monitoring IoT Node,Embedded Systems Certificate|IoT Fundamentals (Cisco),Data Engineer,IOT,Self-paced Online
S01179,Naveen Bose,Male,19,IT,3,6.48,68.8,23,Algorithms|C|Data Structures|Hardware Design,C,Web Systems,Web Systems,Cloud-hosted Inventory System|Enterprise CRM App,,IT Consultant,IT,Project-based
S01180,Arjun Mehta,Male,21,IT,8,6.91,73.9,69,Backend Development|Business Analytics|C|DBMS|Data Analytics|Data Structures|Frontend Development|Java|JavaScript|Networking|Operating Systems|Python|Software Engineering|Software Testing|Statistics,C|Java|JavaScript|Python,Cloud,Cloud,Enterprise CRM App,CompTIA Network+,Cloud Engineer,IT,Self-paced Online
S01181,Priya Nair,Female,20,IT,3,8.35,88.6,20,Algorithms|C|Data Structures,C,Software Engineering,Software Engineering,Network Monitoring Tool,CompTIA Network+,Database Administrator,IT,Self-paced Online
S01182,Gokul Patel,Male,22,AIML,7,3.25,51.8,61,Algorithms|DBMS|Data Engineering|Data Structures|Deep Learning|Distributed Systems|Java|Machine Learning|Networking|Python|SQL|Software Engineering|Software Testing|Statistics|Web Development,Java|Python,Statistics,Statistics,Chatbot using Transformers,Deep Learning Specialization,NLP Engineer,AIML,Theory-focused
S01183,Pooja Nair,Male,20,CYSEC,6,4.08,58.0,61,Algorithms|C|Cryptography|Cyber Security|Data Structures|Embedded Systems|Frontend Development|Hardware Design|Java|JavaScript|Networking|Operating Systems|SQL|Software Engineering|Software Testing|Web Development,C|Java|JavaScript,Networking,Networking,Phishing Detection Tool,Certified Ethical Hacker (CEH) - Foundation,Cybersecurity Analyst,CYSEC,Theory-focused
S01184,Prakash Pillai,Male,19,CSE,4,6.38,69.0,34,C|DBMS|Frontend Development|Hardware Design|JavaScript|Python|SQL|Web Development,C|JavaScript|Python,Systems,Systems,,,Software Architect,IT,Hands-on Labs
S01185,Manoj Krishnan,Male,21,AIML,6,5.87,65.9,60,Algorithms|Cryptography|DBMS|Embedded Systems|Hardware Design|Java|JavaScript|Machine Learning|Software Engineering|Software Testing|Web Development,Java|JavaScript,AI,AI,Chatbot using Transformers,TensorFlow Developer Certificate,Data Scientist,AIML,Mentor-guided
S01186,Vivek Varma,Female,20,AIML,3,7.39,80.6,23,Algorithms|Data Structures|Python|Machine Learning,Python,Algorithms,Algorithms,Image Classification Model,Deep Learning Specialization,Data Scientist,AIML,Hands-on Labs
S01187,Divya Bose,Male,22,CSE,7,6.82,73.9,67,Business Analytics|C|Cloud Computing|DBMS|Data Analytics|Data Structures|DevOps|Distributed Systems|JavaScript|Networking|Python|SQL|Software Engineering|Software Testing|Statistics|Web Development,C|JavaScript|Python,Programming,Programming,OS Scheduler Simulation,DSA Specialization,Backend Developer,CSE,Theory-focused
S01188,Nisha Reddy,Male,21,CSE,8,6.2,68.7,82,Algorithms|Business Analytics|C|Cloud Computing|DBMS|DevOps|Distributed Systems|Embedded Systems|Frontend Development|Java|Machine Learning|Networking|Operating Systems|Python|SQL|Software Engineering|Software Testing|Statistics|Web Development,C|Java|Python,Software,Software,,,Database Administrator,CSE,Project-based
S01189,Vivek Singh,Male,19,AIDS,4,8.56,94.5,34,Algorithms|C|DBMS|Data Structures|Hardware Design|Java|JavaScript|SQL|Software Engineering|Statistics|Web Development,C|Java|JavaScript,Machine Learning,Machine Learning,Customer Segmentation Analysis|ETL Pipeline for Retail Data,,Data Engineer,AIDS,Hands-on Labs
S01190,Rahul Rao,Female,19,IOT,4,7.48,79.2,31,Algorithms|C|Frontend Development|Java|JavaScript|SQL|Software Engineering|Statistics|Web Development|IoT,C|Java|JavaScript,Hardware,Hardware,Smart Home Automation,Embedded Systems Certificate,Firmware Engineer,CYSEC,Hands-on Labs
S01191,Divya Pillai,Male,22,CSBS,8,7.29,79.3,76,Algorithms|Business Analytics|C|Computer Vision|DBMS|Data Analytics|Data Structures|Deep Learning|Frontend Development|Hardware Design|Java|JavaScript|Machine Learning|Networking|Operating Systems|Python|SQL|Software Engineering|Statistics,C|Java|JavaScript|Python,Management,Management,Business Analytics Report Tool,PMP Foundation,Data Analyst,CSBS,Self-paced Online
S01192,Ananya Raman,Female,19,IT,4,8.44,89.9,34,Algorithms|C|DBMS|Data Structures|Frontend Development|Java|Python|Software Engineering|Statistics|Web Development,C|Java|Python,Hardware,Hardware,Cloud-hosted Inventory System|Network Monitoring Tool,,SOC Analyst,IT,Project-based
S01193,Anjali Kumar,Female,21,CYSEC,5,6.29,68.5,49,Algorithms|C|Data Structures|Frontend Development|Networking|Operating Systems|SQL|Software Testing|Statistics|Web Development,C,Networking,Networking,Phishing Detection Tool|Secure File Sharing System,,Cybersecurity Analyst,CYSEC,Theory-focused
S01194,Rahul Subramaniam,Male,22,CYSEC,7,8.78,94.8,79,Algorithms|Backend Development|Business Analytics|C|Cloud Computing|Cryptography|Cyber Security|DBMS|Data Structures|DevOps|Ethical Hacking|Frontend Development|Java|JavaScript|Networking|Python|SQL|Software Engineering|Software Testing|Statistics,C|Java|JavaScript|Python,Machine Learning,Machine Learning,,Certified Ethical Hacker (CEH) - Foundation|CompTIA Security+,Network Administrator,CYSEC,Theory-focused
S01195,Manoj Raman,Male,22,CSE,7,8.35,87.7,65,Backend Development|C|DBMS|Data Structures|Distributed Systems|Frontend Development|Hardware Design|Java|JavaScript|Networking|Operating Systems|Software Engineering|Software Testing|Statistics,C|Java|JavaScript,Deep Learning,Deep Learning,E-commerce Web App|Compiler Mini-Project|OS Scheduler Simulation,Java Programming Certificate,IoT Solutions Engineer,CSE,Project-based
S01196,Kiran Pillai,Male,19,AIDS,4,7.29,77.6,34,Algorithms|C|DBMS|Data Structures|Frontend Development|Hardware Design|Java|Python|SQL|Software Engineering|Statistics|Web Development,C|Java|Python,Databases,Databases,Sales Forecasting Dashboard,,Data Scientist,AIDS,Theory-focused
S01197,Meera Patel,Female,19,CSBS,4,7.91,83.0,34,Algorithms|C|DBMS|Data Structures|Frontend Development|Hardware Design|Java|JavaScript|Python|SQL|Software Engineering|Statistics|Web Development,C|Java|JavaScript|Python,Statistics,Statistics,Business Analytics Report Tool|Market Trend Predictor,,Business Systems Analyst,CSBS,Project-based
S01198,Prakash Bose,Female,19,AIDS,4,8.27,89.3,30,Algorithms|Hardware Design|SQL|Web Development,Java,Statistics,Statistics,Sales Forecasting Dashboard|ETL Pipeline for Retail Data,IBM Data Science Certificate,Data Engineer,CYSEC,Hands-on Labs
S01199,Harish Bose,Female,20,IT,4,7.33,76.0,27,Algorithms|C|Data Structures|Java|JavaScript|Software Engineering|Web Development,C|Java|JavaScript,Networking,Networking,Network Monitoring Tool|Enterprise CRM App,AWS Cloud Practitioner,Systems Administrator,IT,Self-paced Online
S01200,Arjun Krishnan,Female,19,IT,4,7.85,82.7,34,C|DBMS|Data Structures|Frontend Development|JavaScript|Python|SQL|Software Engineering|Statistics|IoT,C|JavaScript|Python,Networking,Networking,Cloud-hosted Inventory System|Network Monitoring Tool|Enterprise CRM App,,Cloud Engineer,IT,Theory-focused
S01201,Nisha Reddy,Male,21,IT,7,6.7,71.7,76,Algorithms|Backend Development|C|Cloud Computing|DBMS|Data Analytics|Data Engineering|Data Structures|Embedded Systems|Frontend Development|Hardware Design|Java|Operating Systems|Python|SQL|Software Testing|Web Development,C|Java|Python,Cloud,Cloud,,,Systems Administrator,IT,Project-based
S01202,Ritu Singh,Male,19,CYSEC,4,8.09,84.8,34,Algorithms|C|DBMS|Data Structures|Frontend Development|Hardware Design|Java|JavaScript|Python|SQL|Statistics|Web Development,C|Java|JavaScript|Python,Business Analytics,Business Analytics,Secure File Sharing System|Vulnerability Scanner,CompTIA Security+|Certified Ethical Hacker (CEH) - Foundation,Data Engineer,CYSEC,Theory-focused
S01203,Kavya Menon,Male,20,IOT,3,8.7,95.3,23,Algorithms|C|Hardware Design|Statistics,C,IoT,IoT,,Embedded Systems Certificate,Robotics Engineer,IOT,Mentor-guided
S01204,Sanjay Iyer,Male,20,IT,3,8.13,87.5,23,Data Structures|Hardware Design|Python|Statistics,Python,Databases,Databases,Enterprise CRM App|Network Monitoring Tool,CompTIA Network+,Backend Developer,IT,Hands-on Labs
S01205,Anjali Mehta,Male,20,IOT,3,5.48,63.1,23,C|Data Structures|Hardware Design|Python|Statistics,C|Python,IoT,IoT,Smart Home Automation|Weather Monitoring IoT Node|Wearable Health Tracker,IoT Fundamentals (Cisco),Embedded Systems Engineer,IOT,Hands-on Labs
S01206,Kiran Nair,Male,21,AIML,5,7.82,84.8,49,Algorithms|C|DBMS|Data Structures|Frontend Development|Hardware Design|Java|JavaScript|Networking|Operating Systems|Python|Software Engineering|Software Testing|Web Development,C|Java|JavaScript|Python,Machine Learning,Machine Learning,Chatbot using Transformers|Image Classification Model,,Robotics Engineer,AIML,Project-based
S01207,Swathi Pillai,Male,19,AIML,3,6.0,68.0,19,C|Hardware Design|Python,C|Python,Statistics,Statistics,Image Classification Model,Deep Learning Specialization,Computer Vision Engineer,CSE,Self-paced Online
S01208,Kavya Sharma,Male,21,CYSEC,8,5.04,61.3,76,Algorithms|C|Cryptography|Cyber Security|DBMS|Data Structures|Deep Learning|Embedded Systems|Ethical Hacking|Frontend Development|Hardware Design|Java|JavaScript|NLP|Operating Systems|SQL|Software Engineering|Software Testing|Web Development,C|Java|JavaScript,Systems,Systems,,,SOC Analyst,CYSEC,Hands-on Labs
S01209,Vivek Reddy,Male,19,CSE,4,8.33,89.4,30,Algorithms|C|DBMS|Data Structures|Hardware Design|Java|JavaScript|Software Engineering|Web Development,C|Java|JavaScript,Programming,Programming,OS Scheduler Simulation,DSA Specialization,Software Engineer,CSE,Project-based
S01210,Sanjay Chandran,Male,19,CSE,4,8.91,96.3,34,Algorithms|C|Frontend Development|Hardware Design|JavaScript|Python|SQL|Software Engineering|Statistics|Web Development,C|JavaScript|Python,Databases,Databases,E-commerce Web App,,Penetration Tester,CSE,Mentor-guided
S01211,Meera Mehta,Female,22,CSE,7,7.28,77.5,65,Algorithms|Business Analytics|C|DBMS|Data Analytics|Frontend Development|Hardware Design|Java|JavaScript|Operating Systems|Python|SQL|Software Engineering|Statistics|Web Development,C|Java|JavaScript|Python,Software Engineering,Software Engineering,,,Computer Vision Engineer,IOT,Mentor-guided
S01212,Meera Iyer,Female,19,CSBS,4,7.26,76.3,34,Algorithms|C|DBMS|Data Structures|Frontend Development|Hardware Design|Java|Python|SQL|Statistics|Web Development,C|Java|Python,Data,Data,ERP Dashboard for SMEs|Business Analytics Report Tool|Market Trend Predictor,,Business Systems Analyst,CSBS,Self-paced Online
S01213,Naveen Raman,Male,20,CSE,3,3.9,55.1,20,Algorithms|C|Data Structures|Hardware Design|Python|Statistics,C|Python,Algorithms,Algorithms,OS Scheduler Simulation|Compiler Mini-Project,,Database Administrator,AIML,Hands-on Labs
S01214,Lakshmi Sharma,Male,21,CSE,6,8.23,86.8,64,Algorithms|Business Analytics|C|DBMS|Data Analytics|Data Structures|Embedded Systems|Frontend Development|JavaScript|Networking|Operating Systems|Python|SQL|Software Engineering|Software Testing|Statistics|Web Development,C|JavaScript|Python,Systems,Systems,OS Scheduler Simulation|Compiler Mini-Project,DSA Specialization,Systems Engineer,CSE,Project-based
S01215,Prakash Bose,Male,21,CSE,7,6.78,72.1,64,Algorithms|C|Cloud Computing|DBMS|Data Structures|Deep Learning|DevOps|Distributed Systems|Frontend Development|Hardware Design|Java|JavaScript|Machine Learning|Operating Systems|Software Engineering,C|Java|JavaScript,Systems,Systems,OS Scheduler Simulation|E-commerce Web App|Compiler Mini-Project,,Cloud Engineer,AIDS,Hands-on Labs
S01216,Harish Krishnan,Male,19,IT,4,7.21,78.6,34,C|DBMS|Data Structures|Frontend Development|Hardware Design|Java|JavaScript|Python|Statistics|Web Development,C|Java|JavaScript|Python,Web Systems,Web Systems,Network Monitoring Tool,,Data Scientist,IT,Mentor-guided
S01217,Ritu Subramaniam,Male,20,IOT,5,8.13,88.1,45,Algorithms|C|Frontend Development|Hardware Design|Java|JavaScript|Networking|Python|Software Engineering|Software Testing|Statistics,C|Java|JavaScript|Python,Embedded Systems,Embedded Systems,Weather Monitoring IoT Node,,Product Manager (Tech),IOT,Theory-focused
S01218,Anjali Kumar,Female,21,AIML,8,4.73,58.4,81,Computer Vision|DBMS|Data Engineering|Deep Learning|Frontend Development|Hardware Design|IoT|Java|JavaScript|Machine Learning|NLP|Networking|Operating Systems|Software Engineering|Software Testing|Web Development,Java|JavaScript,AI,AI,Chatbot using Transformers,,Computer Vision Engineer,AIML,Self-paced Online
S01219,Vivek Rao,Female,20,AIML,5,6.47,70.6,49,Algorithms|C|DBMS|Data Structures|Frontend Development|Hardware Design|Java|JavaScript|Networking|Operating Systems|Python|SQL|Software Engineering|Software Testing|Statistics|Web Development|Distributed Systems,C|Java|JavaScript|Python,Networking,Networking,Chatbot using Transformers|Sentiment Analysis Tool,,Data Scientist,AIML,Hands-on Labs
S01220,Meera Singh,Male,22,CYSEC,7,5.94,66.0,62,Cloud Computing|Cyber Security|DBMS|DevOps|Frontend Development|JavaScript|Networking|Python|SQL|Software Engineering|Software Testing|Statistics|Web Development,JavaScript|Python,Networking,Networking,Vulnerability Scanner,CompTIA Security+|Certified Ethical Hacker (CEH) - Foundation,SOC Analyst,CYSEC,Mentor-guided
S01221,Sneha Krishnan,Female,20,AIML,4,6.68,74.2,31,Algorithms|C|DBMS|Data Structures|Frontend Development|Hardware Design|JavaScript|Statistics|Web Development|Backend Development,C|JavaScript,Deep Learning,Deep Learning,Sentiment Analysis Tool|Chatbot using Transformers,,IoT Solutions Engineer,AIML,Mentor-guided
S01222,Vivek Singh,Female,21,AIML,8,5.3,61.1,89,Algorithms|Backend Development|C|Computer Vision|Cryptography|DBMS|Data Analytics|Hardware Design|IoT|Java|JavaScript|Machine Learning|NLP|Networking|Software Engineering|Software Testing|Statistics|Web Development,C|Java|JavaScript,AI,AI,Image Classification Model,TensorFlow Developer Certificate,Backend Developer,AIML,Mentor-guided
S01223,Arjun Kumar,Male,19,CSE,3,3.25,49.7,16,Algorithms|Data Structures|Hardware Design|Statistics,Java,Systems,Systems,Compiler Mini-Project|E-commerce Web App|OS Scheduler Simulation,DSA Specialization,DevOps Engineer,CSE,Hands-on Labs
S01224,Vivek Reddy,Female,20,AIML,4,6.56,69.7,34,Algorithms|C|DBMS|Data Structures|Frontend Development|Hardware Design|Java|Python|SQL|Software Engineering|Statistics|Web Development,C|Java|Python,Systems,Systems,Chatbot using Transformers,Deep Learning Specialization,Robotics Engineer,AIML,Mentor-guided
S01225,Naveen Varma,Female,19,AIDS,3,8.7,93.8,23,Algorithms|C|Data Structures|Hardware Design|Python|Statistics,C|Python,Software Engineering,Software Engineering,Customer Segmentation Analysis|Sales Forecasting Dashboard,,Data Engineer,AIDS,Self-paced Online
S01226,Shreya Bose,Male,19,CYSEC,3,7.62,79.5,16,Algorithms|C|Hardware Design|Statistics,C,Security,Security,Secure File Sharing System,,Security Architect,CYSEC,Mentor-guided
S01227,Vikram Rao,Male,19,CSE,4,5.77,65.2,30,Algorithms|DBMS|Frontend Development|Hardware Design|JavaScript|SQL|Statistics|Java,Java|JavaScript,Algorithms,Algorithms,OS Scheduler Simulation,,Systems Administrator,CYSEC,Hands-on Labs
S01228,Rohan Gupta,Female,19,IT,3,2.78,49.6,23,Algorithms|C|Data Structures|Hardware Design|Python,C|Python,Databases,Databases,Network Monitoring Tool|Enterprise CRM App|Cloud-hosted Inventory System,,IT Consultant,IT,Project-based
S01229,Pooja Singh,Male,20,CSE,4,5.41,63.6,34,Algorithms|C|DBMS|Data Structures|Frontend Development|Hardware Design|Java|JavaScript|Python|SQL|Software Engineering|Statistics|Web Development,C|Java|JavaScript|Python,Machine Learning,Machine Learning,Compiler Mini-Project|OS Scheduler Simulation,DSA Specialization|Java Programming Certificate,DevOps Engineer,AIML,Project-based
S01230,Kiran Reddy,Male,19,IT,4,7.62,82.1,34,Algorithms|C|DBMS|Data Structures|Frontend Development|Hardware Design|JavaScript|Python|SQL|Software Engineering|Statistics|Web Development,C|JavaScript|Python,Web Systems,Web Systems,Cloud-hosted Inventory System,,Cloud Engineer,IT,Mentor-guided
S01231,Ananya Verma,Female,21,CSBS,8,5.0,61.2,85,Algorithms|Business Analytics|C|Cyber Security|DBMS|Data Analytics|Data Structures|Distributed Systems|Ethical Hacking|Frontend Development|Hardware Design|IoT|JavaScript|NLP|Networking|Python|SQL|Software Engineering|Software Testing|Web Development,C|JavaScript|Python,Business Analytics,Business Analytics,Business Analytics Report Tool|ERP Dashboard for SMEs,PMP Foundation,Business Intelligence Analyst,CSBS,Theory-focused
S01232,Rahul Nair,Female,19,AIML,4,6.83,71.8,30,Algorithms|C|DBMS|Frontend Development|Hardware Design|Python|SQL|Software Engineering,C|Python,Networking,Networking,,TensorFlow Developer Certificate,Data Scientist,AIML,Hands-on Labs
S01233,Suresh Raman,Male,21,IT,7,8.24,87.7,59,Backend Development|C|DBMS|Data Structures|DevOps|Hardware Design|JavaScript|Networking|Operating Systems|Python|Software Engineering|Software Testing|Web Development,C|JavaScript|Python,Cloud,Cloud,Cloud-hosted Inventory System|Network Monitoring Tool|Enterprise CRM App,CompTIA Network+,IT Support Engineer,IT,Self-paced Online
S01234,Divya Das,Male,19,AIML,3,7.65,82.3,23,Algorithms|Data Structures|Hardware Design|Python,Python,Machine Learning,Machine Learning,Sentiment Analysis Tool,,Data Scientist,IOT,Self-paced Online
S01235,Manoj Krishnan,Female,19,CYSEC,4,4.79,61.9,34,Algorithms|DBMS|Frontend Development|Hardware Design|Java|JavaScript|Python|SQL|Software Engineering|Web Development,Java|JavaScript|Python,Web Systems,Web Systems,Secure File Sharing System|Phishing Detection Tool,Certified Ethical Hacker (CEH) - Foundation,Cybersecurity Analyst,CYSEC,Project-based
S01236,Lakshmi Varma,Male,22,CSE,8,7.6,82.8,77,Algorithms|C|Cloud Computing|DBMS|Data Structures|DevOps|Distributed Systems|Frontend Development|IoT|Java|JavaScript|Machine Learning|Operating Systems|Python|SQL|Software Engineering|Software Testing|Web Development,C|Java|JavaScript|Python,Data Engineering,Data Engineering,Compiler Mini-Project|OS Scheduler Simulation|E-commerce Web App,,Software Engineer,AIDS,Project-based
S01237,Vikram Kumar,Female,21,CSE,8,7.8,83.1,87,C|Cloud Computing|Cryptography|DBMS|Data Analytics|Data Structures|DevOps|Embedded Systems|Frontend Development|Java|JavaScript|Python|SQL|Software Engineering|Software Testing|Web Development,C|Java|JavaScript|Python,Software Engineering,Software Engineering,E-commerce Web App|OS Scheduler Simulation|Compiler Mini-Project,,Software Architect,CSE,Project-based
S01238,Harish Rao,Female,19,CSBS,4,8.85,96.4,27,C|Data Structures|Frontend Development|Java|JavaScript|Python|Software Engineering,C|Java|JavaScript|Python,Data,Data,Business Analytics Report Tool,,Product Manager (Tech),CSBS,Hands-on Labs
S01239,Anjali Varma,Female,20,AIDS,6,4.82,60.4,60,Algorithms|Business Analytics|C|DBMS|Data Analytics|Data Structures|Frontend Development|Hardware Design|Java|JavaScript|Machine Learning|Networking|Operating Systems|Python|SQL|Software Engineering|Web Development,C|Java|JavaScript|Python,Machine Learning,Machine Learning,ETL Pipeline for Retail Data|Sales Forecasting Dashboard|Customer Segmentation Analysis,IBM Data Science Certificate,Data Analyst,AIDS,Self-paced Online
S01240,Naveen Pillai,Male,21,AIML,5,4.02,55.3,49,Algorithms|Data Structures|Frontend Development|Hardware Design|JavaScript|Networking|Python|SQL|Software Engineering|Statistics|Web Development|Business Analytics,JavaScript|Python,Deep Learning,Deep Learning,,Deep Learning Specialization|TensorFlow Developer Certificate,Computer Vision Engineer,AIML,Mentor-guided
S01241,Pooja Varma,Female,19,CSBS,3,7.3,77.3,23,Algorithms|C|Data Structures|Hardware Design|Python|Statistics,C|Python,Networking,Networking,,PMP Foundation,IT Consultant,CSBS,Mentor-guided
S01242,Vivek Iyer,Female,20,CYSEC,5,7.78,83.4,46,Algorithms|C|DBMS|Frontend Development|Hardware Design|Java|JavaScript|Networking|Operating Systems|Python|SQL|Software Engineering|Statistics,C|Java|JavaScript|Python,Business Analytics,Business Analytics,Phishing Detection Tool,,Security Architect,CYSEC,Self-paced Online
S01243,Manoj Reddy,Male,20,CYSEC,3,6.13,68.3,23,Algorithms|Data Structures|Hardware Design|Python|Statistics,Python,Security,Security,Vulnerability Scanner|Secure File Sharing System|Phishing Detection Tool,,Cybersecurity Analyst,CYSEC,Project-based
S01244,Shreya Singh,Female,19,CYSEC,4,6.56,71.1,34,Algorithms|C|Frontend Development|Hardware Design|Java|JavaScript|Python|Software Engineering|Statistics|Web Development,C|Java|JavaScript|Python,Cryptography,Cryptography,Secure File Sharing System|Vulnerability Scanner,,Penetration Tester,CYSEC,Theory-focused
S01245,Naveen Reddy,Male,19,CSBS,3,8.61,91.7,23,Algorithms|Data Structures|Hardware Design|Statistics,C++,Management,Management,Business Analytics Report Tool,PMP Foundation,Business Systems Analyst,CSBS,Mentor-guided
S01246,Gokul Bose,Male,20,AIML,6,7.91,84.4,53,Algorithms|C|DBMS|Hardware Design|Java|JavaScript|Networking|Operating Systems|Python|SQL|Software Testing|Web Development,C|Java|JavaScript|Python,AI,AI,Chatbot using Transformers,TensorFlow Developer Certificate|Deep Learning Specialization,NLP Engineer,AIML,Self-paced Online
S01247,Lakshmi Chandran,Male,21,IT,6,7.73,83.0,59,Algorithms|Business Analytics|C|Cloud Computing|DBMS|Data Analytics|DevOps|Hardware Design|JavaScript|Networking|Python|SQL|Software Engineering|Statistics|Web Development,C|JavaScript|Python,Networking,Networking,Network Monitoring Tool|Enterprise CRM App|Cloud-hosted Inventory System,CompTIA Network+|AWS Cloud Practitioner,Database Administrator,CYSEC,Self-paced Online
S01248,Vivek Patel,Male,19,AIDS,4,8.78,93.6,27,Algorithms|C|Data Structures|Python|Software Engineering|Statistics,C|Python,Machine Learning,Machine Learning,ETL Pipeline for Retail Data|Sales Forecasting Dashboard,IBM Data Science Certificate|Google Data Analytics Certificate,Machine Learning Engineer,AIDS,Mentor-guided
S01249,Ritu Nair,Female,20,CYSEC,4,5.74,65.9,34,Algorithms|DBMS|Data Structures|Frontend Development|Java|Python|SQL|Software Engineering|Statistics|Web Development,Java|Python,Data,Data,,,Network Administrator,CYSEC,Mentor-guided
S01250,Karthik Verma,Female,21,IT,7,7.6,80.0,70,Algorithms|Backend Development|C|Cloud Computing|Cryptography|DBMS|Data Engineering|Data Structures|DevOps|Frontend Development|IoT|JavaScript|Networking|Operating Systems|Python|SQL|Software Testing|Web Development,C|JavaScript|Python,Web Systems,Web Systems,Cloud-hosted Inventory System,AWS Cloud Practitioner,Systems Engineer,IT,Hands-on Labs
S01251,Pooja Bose,Female,19,CSE,3,7.48,79.0,23,Algorithms|C|Hardware Design|Python,C|Python,Algorithms,Algorithms,E-commerce Web App|Compiler Mini-Project,Java Programming Certificate,Backend Developer,CSE,Self-paced Online
S01252,Rahul Bose,Male,19,CYSEC,3,4.55,58.2,20,Algorithms|Data Structures|Statistics,C++,Security,Security,,,SOC Analyst,CYSEC,Project-based
S01253,Karthik Raman,Male,20,CYSEC,4,7.79,82.6,34,Algorithms|C|DBMS|Data Structures|Frontend Development|Hardware Design|Java|JavaScript|Python|SQL|Software Engineering|Statistics|Web Development,C|Java|JavaScript|Python,Networking,Networking,Vulnerability Scanner|Phishing Detection Tool,,Software Architect,AIML,Self-paced Online
S01254,Sneha Subramaniam,Male,21,AIML,5,7.31,77.8,49,Algorithms|C|DBMS|Data Structures|Frontend Development|Java|JavaScript|Networking|Operating Systems|Python|SQL|Software Testing|Statistics|Web Development|Backend Development,C|Java|JavaScript|Python,Deep Learning,Deep Learning,Image Classification Model|Sentiment Analysis Tool,,AI Research Engineer,AIML,Project-based
S01255,Lakshmi Verma,Male,19,CSE,3,6.25,69.7,20,Algorithms|C|Data Structures|Python|Statistics,C|Python,Data Engineering,Data Engineering,OS Scheduler Simulation,DSA Specialization,Database Administrator,CSE,Project-based
S01256,Naveen Das,Male,20,AIDS,3,8.83,94.4,23,Algorithms|C|Python|Statistics,C|Python,Data Science,Data Science,Sales Forecasting Dashboard|Customer Segmentation Analysis,IBM Data Science Certificate,Data Engineer,AIDS,Mentor-guided
S01257,Karthik Das,Female,20,AIML,6,7.4,79.2,53,Algorithms|DBMS|Data Structures|Hardware Design|Java|JavaScript|Machine Learning|Networking|Operating Systems|Python|Software Engineering|Software Testing|Statistics,Java|JavaScript|Python,AI,AI,Chatbot using Transformers|Image Classification Model|Sentiment Analysis Tool,,Computer Vision Engineer,AIML,Hands-on Labs
S01258,Priya Varma,Male,20,AIDS,5,8.16,87.1,49,Algorithms|C|DBMS|Data Structures|Frontend Development|Hardware Design|Java|Networking|Operating Systems|SQL|Software Engineering|Software Testing|Web Development,C|Java,Data Science,Data Science,Customer Segmentation Analysis,,Data Scientist,AIDS,Project-based
S01259,Kiran Menon,Male,19,CSE,3,4.7,57.0,23,Algorithms|C|Data Structures|Hardware Design|Python|Cloud Computing,C|Python,Programming,Programming,Compiler Mini-Project,DSA Specialization|Java Programming Certificate,Database Administrator,CSE,Mentor-guided
S01260,Aravind Subramaniam,Female,19,CSBS,4,8.15,88.5,34,Algorithms|C|DBMS|Data Structures|Frontend Development|Hardware Design|Java|JavaScript|SQL|Software Engineering|Statistics|Web Development,C|Java|JavaScript,Business Analytics,Business Analytics,Business Analytics Report Tool|ERP Dashboard for SMEs,,Product Manager (Tech),CSBS,Mentor-guided
S01261,Deepa Pillai,Male,20,CSE,6,7.11,77.0,55,Algorithms|C|DBMS|Data Structures|Hardware Design|Java|JavaScript|Python|SQL|Software Engineering|Software Testing|Statistics|Web Development,C|Java|JavaScript|Python,Algorithms,Algorithms,,Java Programming Certificate,Database Administrator,CSE,Self-paced Online
S01262,Nisha Patel,Male,22,IT,8,4.4,57.0,75,Backend Development|C|Cloud Computing|DBMS|Data Structures|Embedded Systems|Frontend Development|Hardware Design|Networking|Python|SQL|Software Testing|Statistics|Web Development|Ethical Hacking,C|Python,Networking,Networking,Enterprise CRM App,,Data Scientist,CSE,Project-based
S01263,Vivek Verma,Female,21,CYSEC,6,7.33,78.4,60,Algorithms|C|Cryptography|Cyber Security|Data Structures|Frontend Development|Hardware Design|Java|JavaScript|Operating Systems|Python|SQL|Software Engineering|Software Testing|Statistics|Web Development,C|Java|JavaScript|Python,Cryptography,Cryptography,Vulnerability Scanner|Secure File Sharing System,CompTIA Security+,Penetration Tester,CYSEC,Theory-focused
S01264,Deepa Chandran,Male,19,AIML,3,7.65,83.2,23,C|Data Structures|Hardware Design|Python|Web Development,C|Python,AI,AI,Image Classification Model|Sentiment Analysis Tool,Deep Learning Specialization,Machine Learning Engineer,AIML,Mentor-guided
S01265,Deepa Reddy,Female,20,AIML,3,8.26,86.2,23,C|Data Structures|Hardware Design,C,AI,AI,Chatbot using Transformers,,NLP Engineer,AIML,Theory-focused
S01266,Prakash Rao,Female,19,IT,3,8.7,92.8,23,Algorithms|C|Data Structures|Hardware Design|Statistics,C,Cloud,Cloud,Network Monitoring Tool,,Software Engineer,IT,Project-based
S01267,Anjali Varma,Female,19,IT,4,8.26,87.5,34,Algorithms|DBMS|Data Structures|Frontend Development|Hardware Design|JavaScript|Python|SQL|Software Engineering|Statistics|Web Development,JavaScript|Python,Databases,Databases,Network Monitoring Tool|Cloud-hosted Inventory System,CompTIA Network+,Network Administrator,IT,Self-paced Online
S01268,Shreya Raman,Female,19,AIML,3,9.0,100.0,23,Algorithms|C|Data Structures|Hardware Design|Python,C|Python,AI,AI,Image Classification Model|Chatbot using Transformers|Sentiment Analysis Tool,,IT Support Engineer,AIML,Mentor-guided
S01269,Shreya Nair,Male,22,CSE,7,7.28,77.7,78,Algorithms|C|Cloud Computing|DBMS|Data Engineering|Data Structures|Embedded Systems|Frontend Development|Hardware Design|IoT|Java|JavaScript|Machine Learning|Networking|Operating Systems|Python|SQL|Software Engineering|Software Testing|Web Development,C|Java|JavaScript|Python,Data Engineering,Data Engineering,,,Systems Engineer,CSE,Theory-focused
S01270,Karthik Reddy,Female,19,CSE,4,8.0,85.8,34,Algorithms|C|DBMS|Hardware Design|Java|JavaScript|Python|SQL|Statistics|Web Development,C|Java|JavaScript|Python,Systems,Systems,OS Scheduler Simulation|Compiler Mini-Project,,Software Engineer,AIDS,Hands-on Labs
S01271,Sneha Gupta,Female,21,IT,7,5.38,65.0,68,Backend Development|Business Analytics|C|DBMS|Data Analytics|Data Structures|DevOps|Hardware Design|Java|Python|SQL|Statistics|Web Development,C|Java|Python,Web Systems,Web Systems,Network Monitoring Tool|Cloud-hosted Inventory System|Enterprise CRM App,,Cloud Engineer,CYSEC,Project-based
S01272,Manoj Iyer,Male,19,AIML,3,8.61,92.7,23,Algorithms|C|Data Structures|Hardware Design|Python,C|Python,Machine Learning,Machine Learning,Sentiment Analysis Tool|Image Classification Model|Chatbot using Transformers,,AI Research Engineer,AIML,Mentor-guided
S01273,Harish Pillai,Male,21,AIDS,7,6.87,74.1,78,Business Analytics|C|Cloud Computing|Cyber Security|DBMS|Data Analytics|Data Engineering|Frontend Development|Hardware Design|IoT|Java|JavaScript|Machine Learning|Networking|Operating Systems|Python|Software Engineering|Software Testing|Statistics|Web Development,C|Java|JavaScript|Python,Systems,Systems,Sales Forecasting Dashboard|ETL Pipeline for Retail Data,,Database Administrator,AIDS,Self-paced Online
S01274,Kiran Das,Male,19,AIDS,3,8.04,83.6,23,Algorithms|C|Data Structures|Hardware Design|Python|Statistics|Deep Learning,C|Python,Data Engineering,Data Engineering,Sales Forecasting Dashboard,Google Data Analytics Certificate|IBM Data Science Certificate,Computer Vision Engineer,AIDS,Self-paced Online
S01275,Lakshmi Gupta,Female,19,AIDS,4,4.29,56.6,34,Algorithms|C|DBMS|Data Structures|Frontend Development|Java|JavaScript|Python|Software Engineering|Statistics,C|Java|JavaScript|Python,Data Science,Data Science,Customer Segmentation Analysis,,Embedded Systems Engineer,AIDS,Project-based
S01276,Karthik Sharma,Female,19,AIML,3,8.65,92.3,23,C|Data Structures|Hardware Design|Python|Statistics,C|Python,Networking,Networking,Sentiment Analysis Tool|Chatbot using Transformers,Deep Learning Specialization|TensorFlow Developer Certificate,AI Research Engineer,AIML,Mentor-guided
S01277,Lakshmi Gupta,Male,20,AIML,3,8.87,93.4,23,Algorithms|C|Hardware Design|Statistics,C,Deep Learning,Deep Learning,Image Classification Model|Sentiment Analysis Tool,Deep Learning Specialization,Database Administrator,AIML,Self-paced Online
S01278,Nisha Sharma,Male,22,CSBS,8,3.05,48.9,61,Algorithms|Business Analytics|C|DBMS|Data Structures|Frontend Development|Hardware Design|IoT|Java|Machine Learning|Networking|Python|SQL|Software Engineering|Statistics|Web Development,C|Java|Python,Business Analytics,Business Analytics,Market Trend Predictor,,Data Analyst,IOT,Hands-on Labs
S01279,Vikram Patel,Male,21,IT,7,5.55,62.9,66,Algorithms|C|Cloud Computing|Cyber Security|Data Structures|DevOps|Frontend Development|Hardware Design|Java|JavaScript|Networking|Python|SQL|Software Engineering|Software Testing|Statistics|Web Development,C|Java|JavaScript|Python,Cloud,Cloud,Enterprise CRM App,,Systems Engineer,CSE,Hands-on Labs
S01280,Meera Raman,Male,21,AIML,6,4.78,61.0,51,C|Data Structures|Frontend Development|Hardware Design|Java|JavaScript|Machine Learning|Python|SQL|Software Engineering|Software Testing|Statistics,C|Java|JavaScript|Python,Statistics,Statistics,Image Classification Model|Chatbot using Transformers,Deep Learning Specialization,Machine Learning Engineer,AIML,Theory-focused
S01281,Naveen Krishnan,Male,20,IT,4,7.71,81.1,34,Algorithms|C|DBMS|Data Structures|Frontend Development|Hardware Design|Java|JavaScript|Python|SQL|Software Engineering|Statistics|Web Development,C|Java|JavaScript|Python,Web Systems,Web Systems,Cloud-hosted Inventory System,CompTIA Network+|AWS Cloud Practitioner,Database Administrator,IT,Mentor-guided
S01282,Pooja Raman,Male,20,CSE,5,5.91,65.5,46,Algorithms|DBMS|Data Structures|Frontend Development|Java|JavaScript|Networking|Operating Systems|Python|SQL|Software Engineering|Software Testing|Statistics,Java|JavaScript|Python,Systems,Systems,OS Scheduler Simulation|Compiler Mini-Project,,Software Engineer,IT,Theory-focused
S01283,Vikram Rao,Female,20,IT,6,7.61,80.1,61,Algorithms|C|Cloud Computing|DBMS|Data Structures|Frontend Development|Hardware Design|Java|JavaScript|Machine Learning|Networking|Operating Systems|Software Engineering|Software Testing|Statistics,C|Java|JavaScript,Databases,Databases,Enterprise CRM App,,DevOps Engineer,IT,Self-paced Online
S01284,Sneha Verma,Female,22,AIDS,7,7.38,78.2,63,Algorithms|Business Analytics|Cloud Computing|DBMS|Data Analytics|Data Engineering|Data Structures|Frontend Development|Hardware Design|Java|JavaScript|Machine Learning|Networking|Python|SQL|Software Engineering|Web Development,Java|JavaScript|Python,Machine Learning,Machine Learning,Sales Forecasting Dashboard,,Business Intelligence Analyst,AIDS,Self-paced Online
S01285,Kiran Bose,Male,20,IT,3,9.0,98.4,23,C|Data Structures|Hardware Design|Python,C|Python,Embedded Systems,Embedded Systems,Cloud-hosted Inventory System,CompTIA Network+|AWS Cloud Practitioner,Robotics Engineer,AIDS,Hands-on Labs
S01286,Naveen Pillai,Female,19,CYSEC,3,5.65,63.5,23,Algorithms|C|Data Structures|Hardware Design|Python|Statistics,C|Python,Networking,Networking,Vulnerability Scanner|Secure File Sharing System|Phishing Detection Tool,Certified Ethical Hacker (CEH) - Foundation|CompTIA Security+,Cybersecurity Analyst,CYSEC,Hands-on Labs
S01287,Lakshmi Reddy,Female,22,CSE,8,6.91,74.6,70,Algorithms|Cloud Computing|Computer Vision|DevOps|Distributed Systems|Hardware Design|Java|Networking|Operating Systems|Python|SQL|Software Engineering|Software Testing|Statistics,Java|Python,Programming,Programming,E-commerce Web App|Compiler Mini-Project,,Software Architect,CSE,Hands-on Labs
S01288,Meera Nair,Male,20,IT,5,5.11,61.5,45,Algorithms|C|DBMS|Frontend Development|Hardware Design|Java|JavaScript|Networking|Python|Software Engineering|Statistics,C|Java|JavaScript|Python,Machine Learning,Machine Learning,,,Backend Developer,IT,Project-based
S01289,Ananya Bose,Male,19,CSE,3,7.26,78.2,23,C|Data Structures|Python|Statistics,C|Python,Algorithms,Algorithms,E-commerce Web App,Java Programming Certificate|DSA Specialization,Cloud Engineer,CSE,Hands-on Labs
S01290,Manoj Iyer,Female,19,AIDS,4,5.97,67.7,34,Algorithms|C|Data Structures|Java|JavaScript|Python|Software Engineering|Statistics|Web Development,C|Java|JavaScript|Python,Data Engineering,Data Engineering,Sales Forecasting Dashboard,,Systems Engineer,AIDS,Project-based
S01291,Shreya Raman,Male,21,IT,7,7.17,76.8,71,Algorithms|Backend Development|Cloud Computing|DBMS|Data Analytics|Data Structures|Frontend Development|Hardware Design|Java|JavaScript|Networking|Operating Systems|Python|SQL|Software Engineering|Software Testing|Statistics,Java|JavaScript|Python,Cloud,Cloud,Network Monitoring Tool,,Systems Administrator,IT,Project-based
S01292,Nisha Iyer,Male,20,IT,4,6.23,69.4,30,C|Frontend Development|Hardware Design|JavaScript|Python|Software Engineering|Web Development,C|JavaScript|Python,Networking,Networking,Network Monitoring Tool,,Systems Engineer,IT,Self-paced Online
S01293,Kiran Nair,Male,20,AIML,6,8.52,92.4,67,Algorithms|C|Cloud Computing|DBMS|Data Structures|DevOps|Frontend Development|Hardware Design|Java|JavaScript|Networking|Operating Systems|Python|SQL|Software Engineering|Software Testing|Statistics|Web Development,C|Java|JavaScript|Python,Deep Learning,Deep Learning,Chatbot using Transformers,Deep Learning Specialization|TensorFlow Developer Certificate,Backend Developer,AIML,Self-paced Online
S01294,Deepa Mehta,Male,21,AIML,6,7.61,82.3,59,Algorithms|C|Cloud Computing|DBMS|Data Structures|DevOps|Embedded Systems|Frontend Development|Hardware Design|Java|JavaScript|Machine Learning|Networking|Operating Systems|Python|SQL|Software Testing|Statistics|Web Development,C|Java|JavaScript|Python,Machine Learning,Machine Learning,Chatbot using Transformers,,Robotics Engineer,AIML,Mentor-guided
S01295,Gokul Sharma,Female,19,AIDS,3,8.09,84.1,23,Algorithms|C|Data Structures|Statistics,C,Data Engineering,Data Engineering,Customer Segmentation Analysis|ETL Pipeline for Retail Data,IBM Data Science Certificate,Business Intelligence Analyst,AIDS,Mentor-guided
S01296,Harish Das,Female,21,AIML,8,8.53,91.7,76,Algorithms|Backend Development|Cloud Computing|Computer Vision|DBMS|Data Structures|Embedded Systems|Java|JavaScript|Machine Learning|Operating Systems|Python|SQL|Software Engineering|Software Testing|Statistics,Java|JavaScript|Python,Machine Learning,Machine Learning,Sentiment Analysis Tool|Image Classification Model,Deep Learning Specialization|TensorFlow Developer Certificate,Computer Vision Engineer,AIML,Project-based
S01297,Lakshmi Verma,Female,19,CSE,4,5.79,65.0,34,Algorithms|DBMS|Data Structures|Frontend Development|Hardware Design|Java|JavaScript|Python|SQL|Software Engineering|Web Development,Java|JavaScript|Python,Software Engineering,Software Engineering,,,DevOps Engineer,IOT,Hands-on Labs
S01298,Sneha Patel,Male,19,IT,4,8.68,93.6,31,Algorithms|C|DBMS|Frontend Development|Hardware Design|Java|JavaScript|Software Engineering|Statistics|Web Development,C|Java|JavaScript,Databases,Databases,Network Monitoring Tool|Cloud-hosted Inventory System,CompTIA Network+,Systems Engineer,IT,Project-based
S01299,Prakash Reddy,Female,20,CYSEC,5,7.69,82.2,45,Algorithms|C|DBMS|Data Structures|Hardware Design|Java|JavaScript|Networking|Operating Systems|Python|SQL|Software Engineering|Software Testing|Statistics|Web Development,C|Java|JavaScript|Python,IoT,IoT,Vulnerability Scanner|Secure File Sharing System,,Systems Engineer,AIML,Mentor-guided
S01300,Shreya Singh,Female,20,AIML,3,7.04,76.2,23,Algorithms|C|Data Structures|Hardware Design|Python,C|Python,Deep Learning,Deep Learning,Sentiment Analysis Tool|Image Classification Model,TensorFlow Developer Certificate|Deep Learning Specialization,NLP Engineer,AIML,Theory-focused
S01301,Ananya Kumar,Female,21,IT,8,6.16,69.7,75,Algorithms|Cloud Computing|Cyber Security|DevOps|Embedded Systems|Frontend Development|Hardware Design|Java|JavaScript|Networking|Python|SQL|Software Engineering|Software Testing|Statistics,Java|JavaScript|Python,Programming,Programming,Network Monitoring Tool|Cloud-hosted Inventory System,CompTIA Network+,Systems Engineer,IT,Project-based
S01302,Nisha Iyer,Male,21,AIML,5,6.65,72.0,49,Algorithms|DBMS|Data Structures|Frontend Development|Hardware Design|Java|Networking|Operating Systems|SQL|Software Engineering|Software Testing|Statistics|Web Development,Java,Statistics,Statistics,Sentiment Analysis Tool,,IT Consultant,AIML,Hands-on Labs
S01303,Deepa Menon,Male,20,CSE,6,5.33,63.5,58,Algorithms|C|DBMS|Data Structures|Frontend Development|Hardware Design|JavaScript|Networking|Operating Systems|Python|SQL|Software Engineering|Software Testing|Statistics|Web Development,C|JavaScript|Python,Systems,Systems,,,Software Engineer,CSE,Theory-focused
S01304,Rahul Iyer,Female,21,CSE,8,4.37,58.1,65,Algorithms|Cloud Computing|DBMS|Data Structures|Hardware Design|Java|Networking|SQL|Software Engineering|Software Testing|Web Development,Java,Algorithms,Algorithms,E-commerce Web App,Java Programming Certificate|DSA Specialization,Data Engineer,CSE,Hands-on Labs
S01305,Deepa Verma,Male,19,AIML,4,5.97,66.0,34,Algorithms|C|DBMS|Data Structures|Frontend Development|Python|SQL|Software Engineering|Statistics,C|Python,Deep Learning,Deep Learning,Chatbot using Transformers|Image Classification Model,Deep Learning Specialization,IT Consultant,AIML,Self-paced Online
S01306,Gokul Singh,Female,19,IT,3,9.0,98.8,20,Algorithms|C|Data Structures|Hardware Design|Python|Statistics,C|Python,Networking,Networking,Cloud-hosted Inventory System|Network Monitoring Tool,CompTIA Network+,Software Engineer,IT,Theory-focused
S01307,Rahul Raman,Female,22,CYSEC,8,7.46,79.4,76,Algorithms|C|Cryptography|Cyber Security|DBMS|Data Analytics|Data Structures|DevOps|Distributed Systems|Frontend Development|Java|Networking|Python|Software Engineering|Software Testing|Web Development,C|Java|Python,Security,Security,Phishing Detection Tool,,SOC Analyst,CYSEC,Mentor-guided
S01308,Meera Menon,Female,21,CSE,5,7.39,77.1,46,Algorithms|C|DBMS|Data Structures|Frontend Development|Java|JavaScript|Networking|Operating Systems|Python|SQL|Software Engineering|Statistics|Web Development,C|Java|JavaScript|Python,Systems,Systems,,DSA Specialization|Java Programming Certificate,Software Engineer,CSE,Hands-on Labs
S01309,Harish Singh,Female,21,IT,6,4.35,56.9,54,Algorithms|DBMS|Data Structures|Hardware Design|Java|JavaScript|Networking|Operating Systems|Python|Software Engineering|Software Testing|Statistics|Web Development,Java|JavaScript|Python,Statistics,Statistics,Cloud-hosted Inventory System,,IoT Solutions Engineer,IT,Hands-on Labs
S01310,Rahul Singh,Female,19,CSE,4,5.97,67.7,34,Algorithms|C|DBMS|Data Structures|Frontend Development|Hardware Design|Java|JavaScript|Software Engineering|Statistics|Web Development,C|Java|JavaScript,Programming,Programming,E-commerce Web App,,Cloud Engineer,CSE,Theory-focused
S01311,Suresh Verma,Female,21,CSE,7,8.95,97.5,77,Algorithms|Backend Development|C|Cloud Computing|DBMS|Data Analytics|Data Engineering|Data Structures|Distributed Systems|Frontend Development|Java|JavaScript|Networking|Python|SQL|Software Engineering|Software Testing|Web Development,C|Java|JavaScript|Python,Software Engineering,Software Engineering,OS Scheduler Simulation|Compiler Mini-Project,DSA Specialization|Java Programming Certificate,DevOps Engineer,CSE,Mentor-guided
S01312,Meera Nair,Female,21,CSBS,5,8.65,93.1,49,C|DBMS|Data Structures|Hardware Design|JavaScript|Networking|Python|SQL|Software Engineering|Software Testing|Statistics|Web Development,C|JavaScript|Python,Systems,Systems,ERP Dashboard for SMEs,Google Business Analytics Certificate|PMP Foundation,IT Consultant,CSBS,Project-based
S01313,Karthik Subramaniam,Male,22,AIML,7,6.27,68.5,63,Algorithms|Cloud Computing|Data Engineering|Deep Learning|Frontend Development|Hardware Design|Java|JavaScript|Machine Learning|Networking|Operating Systems|Python|SQL|Software Engineering|Software Testing|Statistics|Web Development,Java|JavaScript|Python,Databases,Databases,Chatbot using Transformers|Sentiment Analysis Tool,,NLP Engineer,AIML,Hands-on Labs
S01314,Ananya Bose,Male,21,AIDS,8,7.16,76.6,80,Algorithms|Cloud Computing|Cyber Security|Data Analytics|Data Structures|Embedded Systems|Frontend Development|Hardware Design|IoT|Java|Machine Learning|Networking|Operating Systems|Python|Software Engineering|Software Testing|Statistics,Java|Python,Statistics,Statistics,Customer Segmentation Analysis|Sales Forecasting Dashboard,Google Data Analytics Certificate,Data Engineer,AIDS,Self-paced Online
S01315,Harish Singh,Female,19,AIML,4,7.52,78.4,31,Algorithms|C|DBMS|Data Structures|Frontend Development|JavaScript|Python|SQL|Software Engineering|Web Development,C|JavaScript|Python,Machine Learning,Machine Learning,Image Classification Model|Chatbot using Transformers|Sentiment Analysis Tool,Deep Learning Specialization|TensorFlow Developer Certificate,Data Scientist,AIML,Mentor-guided
S01316,Meera Kumar,Male,20,AIDS,6,6.75,72.6,60,C|Cryptography|Data Analytics|Frontend Development|Hardware Design|Java|Machine Learning|Operating Systems|SQL|Software Testing|Statistics|Web Development,C|Java,Machine Learning,Machine Learning,Customer Segmentation Analysis,,Data Analyst,AIDS,Hands-on Labs
S01317,Aravind Raman,Male,21,CSE,8,7.06,75.8,85,Algorithms|Backend Development|Cloud Computing|Computer Vision|Cryptography|DBMS|Data Engineering|Deep Learning|Distributed Systems|Frontend Development|Hardware Design|Java|JavaScript|Networking|Operating Systems|Python|Software Engineering|Software Testing|Statistics,Java|JavaScript|Python,Software Engineering,Software Engineering,E-commerce Web App|Compiler Mini-Project|OS Scheduler Simulation,Java Programming Certificate,Cloud Engineer,AIDS,Mentor-guided
S01318,Kavya Patel,Female,19,CYSEC,3,8.57,92.5,23,C|Data Structures|Hardware Design|Python|Statistics,C|Python,Networking,Networking,Vulnerability Scanner|Phishing Detection Tool,,Penetration Tester,CYSEC,Project-based
S01319,Kavya Raman,Male,20,AIDS,6,7.75,81.4,63,Algorithms|C|DBMS|Data Analytics|Data Structures|Frontend Development|Hardware Design|Java|JavaScript|Machine Learning|Networking|Operating Systems|Python|SQL|Software Engineering|Software Testing|Statistics,C|Java|JavaScript|Python,Data Engineering,Data Engineering,Customer Segmentation Analysis,Google Data Analytics Certificate,Data Engineer,AIDS,Mentor-guided
S01320,Meera Chandran,Male,22,AIML,8,7.54,80.5,87,C|Cloud Computing|Computer Vision|Data Engineering|Data Structures|Deep Learning|Embedded Systems|Hardware Design|IoT|Java|JavaScript|Machine Learning|Networking|Python|SQL|Software Engineering|Software Testing|Statistics|Web Development,C|Java|JavaScript|Python,Statistics,Statistics,Sentiment Analysis Tool,Deep Learning Specialization,Systems Engineer,AIML,Hands-on Labs
S01321,Manoj Sharma,Female,22,CSE,8,7.37,78.8,73,Algorithms|Cloud Computing|Cyber Security|Deep Learning|DevOps|Distributed Systems|Frontend Development|Hardware Design|Java|JavaScript|Machine Learning|NLP|Networking|Operating Systems|Python|SQL|Software Engineering|Software Testing|Statistics|Web Development,Java|JavaScript|Python,Programming,Programming,E-commerce Web App|Compiler Mini-Project,DSA Specialization|Java Programming Certificate,Backend Developer,CSE,Theory-focused
S01322,Aravind Subramaniam,Male,22,IT,8,2.71,47.4,65,Algorithms|Backend Development|C|Cloud Computing|DBMS|Data Structures|DevOps|Frontend Development|Hardware Design|Java|JavaScript|Networking|Operating Systems|SQL|Software Engineering|Statistics|Web Development,C|Java|JavaScript,Databases,Databases,Enterprise CRM App,CompTIA Network+,IT Support Engineer,CSBS,Mentor-guided
S01323,Gokul Bose,Male,20,IT,5,5.88,64.9,49,Algorithms|C|DBMS|Frontend Development|Java|JavaScript|Operating Systems|Python|SQL|Software Engineering|Software Testing|Statistics,C|Java|JavaScript|Python,Networking,Networking,Enterprise CRM App|Cloud-hosted Inventory System|Network Monitoring Tool,,IT Consultant,IT,Self-paced Online
S01324,Arjun Raman,Female,20,AIDS,6,6.44,71.8,66,Algorithms|Business Analytics|C|DBMS|Data Analytics|Data Structures|Embedded Systems|Frontend Development|Hardware Design|Java|JavaScript|Machine Learning|Networking|Operating Systems|Python|SQL|Software Engineering|Statistics|Web Development,C|Java|JavaScript|Python,Data Engineering,Data Engineering,Sales Forecasting Dashboard,,Embedded Systems Engineer,AIDS,Theory-focused
S01325,Vikram Sharma,Male,20,AIML,3,8.26,88.6,23,Algorithms|C|Data Structures|Hardware Design|Python|Statistics|Data Engineering,C|Python,Hardware,Hardware,Sentiment Analysis Tool|Chatbot using Transformers,,AI Research Engineer,AIDS,Theory-focused
S01326,Deepa Kumar,Female,19,AIML,3,7.61,79.3,23,Algorithms|C|Hardware Design,C,Algorithms,Algorithms,Chatbot using Transformers|Sentiment Analysis Tool,,Machine Learning Engineer,AIML,Mentor-guided
S01327,Priya Chandran,Male,19,AIDS,3,7.65,80.9,23,Algorithms|C|Data Structures|Python|Statistics,C|Python,Data Engineering,Data Engineering,Sales Forecasting Dashboard|Customer Segmentation Analysis,Google Data Analytics Certificate,Machine Learning Engineer,AIDS,Mentor-guided
S01328,Meera Chandran,Female,20,IT,4,7.82,82.9,34,Algorithms|C|DBMS|Data Structures|Frontend Development|Java|JavaScript|Python|SQL|Web Development|Embedded Systems,C|Java|JavaScript|Python,Networking,Networking,Network Monitoring Tool,CompTIA Network+|AWS Cloud Practitioner,IT Consultant,IT,Theory-focused
S01329,Aditi Reddy,Male,21,CYSEC,5,7.33,78.8,49,Algorithms|C|DBMS|Data Structures|Frontend Development|Java|JavaScript|Networking|Operating Systems|SQL|Software Engineering|Software Testing|Web Development,C|Java|JavaScript,Security,Security,Secure File Sharing System,,Cloud Engineer,CYSEC,Hands-on Labs
S01330,Suresh Singh,Male,21,CYSEC,6,8.36,89.8,56,Algorithms|C|Cryptography|Cyber Security|DBMS|Frontend Development|Hardware Design|Java|Operating Systems|Python|SQL|Software Engineering|Software Testing|Statistics|Web Development,C|Java|Python,Networking,Networking,Vulnerability Scanner|Secure File Sharing System|Phishing Detection Tool,Certified Ethical Hacker (CEH) - Foundation|CompTIA Security+,Cybersecurity Analyst,CYSEC,Theory-focused
S01331,Anjali Patel,Female,21,AIML,8,8.92,96.5,73,Algorithms|Cloud Computing|DBMS|Data Engineering|Data Structures|Deep Learning|DevOps|Frontend Development|Hardware Design|Java|JavaScript|Machine Learning|NLP|Networking|Operating Systems|Python|SQL|Software Engineering|Software Testing|Statistics|Web Development,Java|JavaScript|Python,Deep Learning,Deep Learning,Sentiment Analysis Tool,,Machine Learning Engineer,CSE,Hands-on Labs
S01332,Ananya Subramaniam,Male,21,AIML,6,7.95,84.2,57,Algorithms|C|DBMS|Data Structures|Hardware Design|Java|Operating Systems|Python|SQL|Software Engineering|Statistics|Web Development,C|Java|Python,Deep Learning,Deep Learning,Chatbot using Transformers|Sentiment Analysis Tool|Image Classification Model,,NLP Engineer,IT,Project-based
S01333,Aditi Patel,Female,20,IT,3,7.3,79.0,20,Algorithms|Data Structures|Python|Statistics,Python,Networking,Networking,Network Monitoring Tool|Enterprise CRM App|Cloud-hosted Inventory System,AWS Cloud Practitioner,Backend Developer,IT,Theory-focused
S01334,Nisha Iyer,Male,20,CYSEC,5,5.63,64.7,49,C|DBMS|Frontend Development|Hardware Design|Java|Networking|SQL|Software Engineering|Software Testing|Statistics|Web Development,C|Java,Systems,Systems,Phishing Detection Tool,,Penetration Tester,CYSEC,Hands-on Labs
S01335,Suresh Pillai,Male,21,AIML,6,7.43,78.3,56,Algorithms|DBMS|Data Structures|Hardware Design|Java|Machine Learning|Operating Systems|Python|SQL|Software Engineering|Software Testing|Statistics,Java|Python,Data Science,Data Science,Sentiment Analysis Tool|Image Classification Model|Chatbot using Transformers,Deep Learning Specialization,Security Architect,AIML,Self-paced Online
S01336,Priya Singh,Male,20,CSE,3,6.47,71.3,19,C|Data Structures|Hardware Design|Python|Statistics,C|Python,Networking,Networking,E-commerce Web App,,Database Administrator,CSE,Project-based
S01337,Pooja Chandran,Female,20,CSE,4,6.76,74.3,34,Algorithms|DBMS|Data Structures|Frontend Development|Hardware Design|Java|JavaScript|Python|SQL|Software Engineering|Statistics|Web Development,Java|JavaScript|Python,Systems,Systems,,DSA Specialization|Java Programming Certificate,Firmware Engineer,CSE,Theory-focused
S01338,Ritu Pillai,Female,20,AIDS,5,6.55,71.0,49,Algorithms|C|DBMS|Data Structures|Frontend Development|Hardware Design|JavaScript|Networking|Operating Systems|Python|Software Engineering|Software Testing|Statistics|Web Development,C|JavaScript|Python,Data Science,Data Science,Sales Forecasting Dashboard,,Data Analyst,AIDS,Mentor-guided
S01339,Pooja Verma,Female,22,AIML,7,7.18,78.2,60,Algorithms|C|Cloud Computing|DBMS|Data Engineering|Deep Learning|Hardware Design|Java|JavaScript|Machine Learning|Networking|Operating Systems|SQL|Statistics|Web Development,C|Java|JavaScript,Security,Security,Image Classification Model,,NLP Engineer,AIML,Self-paced Online
S01340,Rohan Patel,Male,19,CSE,3,4.74,59.9,23,Algorithms|Data Structures|Hardware Design|Python|Statistics,Python,Software Engineering,Software Engineering,Compiler Mini-Project,Java Programming Certificate,Database Administrator,CSE,Self-paced Online
S01341,Deepa Rao,Male,20,IT,5,7.12,77.0,49,Algorithms|C|DBMS|Data Structures|Frontend Development|Hardware Design|Java|JavaScript|Networking|Operating Systems|Python|SQL|Software Testing|Statistics|Web Development,C|Java|JavaScript|Python,Networking,Networking,Cloud-hosted Inventory System|Enterprise CRM App,,Systems Administrator,IOT,Mentor-guided
S01342,Sanjay Varma,Male,19,IOT,3,8.35,89.5,23,Algorithms|C|Data Structures|Hardware Design|Statistics,C,Deep Learning,Deep Learning,Weather Monitoring IoT Node|Wearable Health Tracker,Embedded Systems Certificate|IoT Fundamentals (Cisco),Embedded Systems Engineer,IOT,Mentor-guided
S01343,Anjali Patel,Male,20,CSE,3,6.83,72.5,23,Algorithms|Data Structures|Hardware Design|Statistics,Python,Programming,Programming,Compiler Mini-Project|E-commerce Web App|OS Scheduler Simulation,Java Programming Certificate,Backend Developer,CSE,Theory-focused
S01344,Kavya Chandran,Male,19,IT,3,4.43,58.2,23,Algorithms|C|Data Structures|Python|Statistics,C|Python,Algorithms,Algorithms,Network Monitoring Tool|Enterprise CRM App|Cloud-hosted Inventory System,AWS Cloud Practitioner,Systems Administrator,IT,Mentor-guided
S01345,Vivek Gupta,Female,21,IOT,7,6.21,68.4,61,Algorithms|C|Cryptography|DBMS|Data Structures|Frontend Development|Hardware Design|IoT|Java|JavaScript|Networking|Operating Systems|Python|SQL|Software Engineering|Software Testing|Statistics,C|Java|JavaScript|Python,IoT,IoT,Wearable Health Tracker|Weather Monitoring IoT Node,IoT Fundamentals (Cisco),Embedded Systems Engineer,IOT,Project-based
S01346,Rahul Menon,Female,19,CSE,3,7.0,74.4,23,Algorithms|C|Data Structures|Statistics,C,Data,Data,OS Scheduler Simulation|E-commerce Web App|Compiler Mini-Project,DSA Specialization,Database Administrator,CSE,Project-based
S01347,Naveen Menon,Female,20,CSE,5,5.93,67.0,45,C|DBMS|Frontend Development|Java|Python|SQL|Software Engineering|Software Testing|Statistics|Web Development,C|Java|Python,Programming,Programming,Compiler Mini-Project|OS Scheduler Simulation,Java Programming Certificate,Systems Engineer,CSE,Self-paced Online
S01348,Ananya Rao,Female,21,IOT,6,4.84,60.3,67,Algorithms|Business Analytics|C|Cyber Security|DBMS|Data Analytics|Data Structures|Embedded Systems|Frontend Development|Hardware Design|Java|JavaScript|Networking|Operating Systems|Python|SQL|Software Engineering|Software Testing,C|Java|JavaScript|Python,IoT,IoT,Weather Monitoring IoT Node|Smart Home Automation|Wearable Health Tracker,,Firmware Engineer,IOT,Project-based
S01349,Ananya Rao,Male,19,IOT,3,8.3,90.4,23,Algorithms|C|Data Structures|Hardware Design|Statistics,C,Networking,Networking,Weather Monitoring IoT Node,,Robotics Engineer,IOT,Self-paced Online
S01350,Anjali Raman,Male,19,CSE,3,3.39,52.7,23,Algorithms|C|Hardware Design|Python|Statistics,C|Python,Software Engineering,Software Engineering,Compiler Mini-Project,Java Programming Certificate,Software Engineer,CSE,Project-based
S01351,Ritu Iyer,Female,20,IT,6,6.86,74.3,69,Algorithms|Cloud Computing|Cyber Security|DBMS|DevOps|Embedded Systems|Frontend Development|Hardware Design|Java|JavaScript|Operating Systems|SQL|Software Testing|Statistics,Java|JavaScript,Databases,Databases,Enterprise CRM App,,Systems Engineer,IT,Theory-focused
S01352,Kiran Das,Male,19,AIML,3,2.7,47.3,23,Algorithms|C|Python|Statistics,C|Python,Algorithms,Algorithms,,,Business Systems Analyst,AIML,Hands-on Labs
S01353,Arjun Das,Male,20,AIML,3,8.74,95.6,23,C|Data Structures|Python|Statistics,C|Python,AI,AI,Chatbot using Transformers|Image Classification Model|Sentiment Analysis Tool,Deep Learning Specialization,Machine Learning Engineer,AIML,Mentor-guided
S01354,Divya Das,Female,20,AIML,4,7.74,84.0,34,Algorithms|C|DBMS|Data Structures|Java|JavaScript|Python|Software Engineering,C|Java|JavaScript|Python,Algorithms,Algorithms,Chatbot using Transformers|Image Classification Model,,Robotics Engineer,CSBS,Theory-focused
S01355,Vikram Bose,Female,19,AIML,3,7.83,83.0,23,Algorithms|C|Data Structures|Python,C|Python,Business Analytics,Business Analytics,Chatbot using Transformers,Deep Learning Specialization,Data Scientist,AIML,Self-paced Online
S01356,Karthik Verma,Female,20,IT,5,6.33,69.9,46,Data Structures|Frontend Development|Hardware Design|Java|JavaScript|Networking|Operating Systems|SQL|Software Testing|Statistics|Web Development,Java|JavaScript,Software,Software,Enterprise CRM App,CompTIA Network+,AI Research Engineer,IT,Self-paced Online
S01357,Nisha Mehta,Male,21,AIDS,8,6.7,73.3,83,Algorithms|C|Cloud Computing|Computer Vision|DBMS|Data Analytics|Data Engineering|Data Structures|Deep Learning|Frontend Development|Hardware Design|Java|Machine Learning|Networking|Operating Systems|Python|SQL|Software Testing|Web Development,C|Java|Python,Statistics,Statistics,ETL Pipeline for Retail Data,IBM Data Science Certificate,Data Analyst,AIDS,Theory-focused
S01358,Arjun Bose,Female,22,AIML,7,6.17,68.8,63,Algorithms|Cloud Computing|DBMS|Data Engineering|Data Structures|Deep Learning|DevOps|Frontend Development|Java|Machine Learning|Networking|Operating Systems|SQL|Software Engineering|Software Testing|Statistics|Web Development,Java,Machine Learning,Machine Learning,,TensorFlow Developer Certificate|Deep Learning Specialization,Robotics Engineer,AIML,Project-based
S01359,Gokul Gupta,Female,19,IOT,4,7.0,75.5,34,C|DBMS|Frontend Development|Hardware Design|Java|JavaScript|Software Engineering,C|Java|JavaScript,Machine Learning,Machine Learning,Weather Monitoring IoT Node,Embedded Systems Certificate,Systems Administrator,IOT,Mentor-guided
S01360,Swathi Bose,Female,19,AIML,4,7.32,80.2,31,Algorithms|C|DBMS|Data Structures|Frontend Development|Hardware Design|Java|JavaScript|SQL|Software Engineering|Statistics|Web Development,C|Java|JavaScript,Machine Learning,Machine Learning,Image Classification Model,Deep Learning Specialization,Machine Learning Engineer,AIML,Project-based
S01361,Swathi Kumar,Female,21,AIML,8,7.68,81.9,66,Cloud Computing|Computer Vision|Cyber Security|DBMS|Data Engineering|Data Structures|Deep Learning|Frontend Development|Hardware Design|IoT|JavaScript|Machine Learning|NLP|Networking|Python|SQL|Software Engineering|Software Testing|Statistics,JavaScript|Python,Data,Data,Chatbot using Transformers,,IT Support Engineer,AIML,Theory-focused
S01362,Ananya Chandran,Male,22,AIML,7,6.37,71.1,67,Algorithms|Backend Development|C|Deep Learning|Frontend Development|Hardware Design|Java|Machine Learning|Networking|Operating Systems|Python|SQL|Software Engineering|Web Development,C|Java|Python,Statistics,Statistics,Chatbot using Transformers|Sentiment Analysis Tool,,NLP Engineer,AIML,Hands-on Labs
S01363,Rahul Raman,Male,20,AIDS,5,7.73,82.8,49,Algorithms|C|DBMS|Data Structures|Frontend Development|Hardware Design|Java|JavaScript|Networking|Operating Systems|SQL|Software Engineering|Software Testing|Statistics|Web Development,C|Java|JavaScript,Statistics,Statistics,ETL Pipeline for Retail Data|Customer Segmentation Analysis,,Data Analyst,AIDS,Project-based
S01364,Vivek Patel,Female,19,CSBS,3,7.83,83.4,23,Algorithms|C|Data Structures|Hardware Design,C,Cloud,Cloud,,,Product Manager (Tech),AIDS,Hands-on Labs
S01365,Aravind Raman,Male,19,IT,3,8.74,95.3,23,C|Data Structures|Hardware Design|Python|Statistics,C|Python,Web Systems,Web Systems,Network Monitoring Tool|Cloud-hosted Inventory System|Enterprise CRM App,,Database Administrator,IT,Hands-on Labs
S01366,Vikram Das,Female,20,AIML,5,3.29,51.2,42,Algorithms|C|DBMS|Data Structures|Frontend Development|Hardware Design|Java|JavaScript|Networking|Python|Software Engineering|Statistics,C|Java|JavaScript|Python,Statistics,Statistics,Sentiment Analysis Tool,TensorFlow Developer Certificate,Business Intelligence Analyst,AIML,Self-paced Online
S01367,Sanjay Varma,Female,19,IOT,3,4.87,58.2,23,Algorithms|Data Structures|Hardware Design|Python|Statistics,Python,Hardware,Hardware,Smart Home Automation|Weather Monitoring IoT Node,IoT Fundamentals (Cisco),IoT Solutions Engineer,IOT,Self-paced Online
S01368,Priya Subramaniam,Female,19,CSE,3,9.0,95.4,23,Algorithms|C|Data Structures|Hardware Design|Python,C|Python,Systems,Systems,OS Scheduler Simulation|E-commerce Web App,,Database Administrator,CSE,Hands-on Labs
S01369,Sneha Verma,Male,22,IOT,8,5.5,64.9,72,Algorithms|Business Analytics|Cloud Computing|DBMS|Data Structures|Embedded Systems|Frontend Development|Hardware Design|IoT|Java|JavaScript|Machine Learning|Networking|Operating Systems|SQL|Software Engineering|Statistics|Web Development,Java|JavaScript,Data,Data,,,Robotics Engineer,IOT,Self-paced Online
S01370,Naveen Patel,Male,20,IT,5,5.0,62.0,43,C|DBMS|Hardware Design|JavaScript|Networking|Software Testing|Statistics,C|JavaScript,Web Systems,Web Systems,Network Monitoring Tool|Enterprise CRM App,,IT Consultant,IT,Project-based
S01371,Sanjay Chandran,Male,20,AIML,4,8.71,92.8,34,Algorithms|C|DBMS|Data Structures|Frontend Development|Hardware Design|Java|JavaScript|Python|SQL|Software Engineering|Statistics|Web Development,C|Java|JavaScript|Python,Statistics,Statistics,Image Classification Model,,Data Scientist,AIML,Theory-focused
S01372,Harish Nair,Male,20,CSE,5,8.86,96.6,49,Algorithms|C|DBMS|Data Structures|Frontend Development|Java|Networking|Operating Systems|Python|SQL|Software Engineering|Software Testing|Statistics|Web Development,C|Java|Python,Software Engineering,Software Engineering,E-commerce Web App,,Cloud Engineer,CSE,Self-paced Online
S01373,Vikram Mehta,Female,20,AIDS,5,7.96,83.3,49,Algorithms|DBMS|Frontend Development|Java|JavaScript|Operating Systems|Python|Software Engineering|Software Testing|Statistics|Web Development,Java|JavaScript|Python,Cryptography,Cryptography,Customer Segmentation Analysis|ETL Pipeline for Retail Data,,IT Consultant,CSE,Mentor-guided
S01374,Shreya Bose,Female,19,CSE,4,5.74,65.2,34,Algorithms|C|DBMS|Data Structures|Frontend Development|Java|JavaScript|Python|SQL|Software Engineering|Statistics|Web Development,C|Java|JavaScript|Python,Systems,Systems,Compiler Mini-Project|OS Scheduler Simulation,,Database Administrator,AIDS,Mentor-guided
S01375,Suresh Patel,Female,20,CYSEC,5,8.31,86.7,49,DBMS|Data Structures|Frontend Development|Hardware Design|Java|JavaScript|Networking|Operating Systems|Python|SQL|Software Engineering|Software Testing|Statistics|Web Development,Java|JavaScript|Python,Cryptography,Cryptography,Secure File Sharing System|Vulnerability Scanner,,Penetration Tester,CYSEC,Self-paced Online
S01376,Rohan Gupta,Male,21,AIDS,7,5.45,63.0,74,Algorithms|Business Analytics|C|Cloud Computing|DBMS|Data Analytics|Data Engineering|Data Structures|Hardware Design|IoT|Java|JavaScript|Networking|Operating Systems|SQL|Software Engineering|Statistics|Web Development,C|Java|JavaScript,Statistics,Statistics,ETL Pipeline for Retail Data|Sales Forecasting Dashboard,,Business Intelligence Analyst,AIDS,Hands-on Labs
S01377,Anjali Patel,Male,20,CYSEC,6,5.65,64.1,52,Algorithms|Cryptography|Data Structures|Frontend Development|Hardware Design|Java|JavaScript|Networking|Operating Systems|Software Engineering|Software Testing|Web Development,Java|JavaScript,AI,AI,Vulnerability Scanner,Certified Ethical Hacker (CEH) - Foundation,SOC Analyst,CYSEC,Theory-focused
S01378,Rohan Subramaniam,Female,20,AIML,4,6.94,74.6,34,Algorithms|C|DBMS|Data Structures|Frontend Development|Hardware Design|Java|Python|SQL|Statistics|Web Development,C|Java|Python,Deep Learning,Deep Learning,Chatbot using Transformers,TensorFlow Developer Certificate,Computer Vision Engineer,AIML,Mentor-guided
S01379,Rahul Varma,Female,20,IT,5,4.22,55.0,49,Algorithms|DBMS|Data Structures|Hardware Design|Java|JavaScript|Networking|Operating Systems|Python|SQL|Software Engineering|Software Testing|Statistics|Web Development,Java|JavaScript|Python,IoT,IoT,Enterprise CRM App|Network Monitoring Tool|Cloud-hosted Inventory System,,Backend Developer,CSBS,Self-paced Online
S01380,Aditi Mehta,Female,19,CYSEC,3,6.95,76.4,19,Algorithms|C|Hardware Design|Python|Statistics,C|Python,Data Engineering,Data Engineering,Secure File Sharing System,,Security Architect,CYSEC,Theory-focused
S01381,Gokul Raman,Male,21,IT,8,6.53,72.0,90,Algorithms|Backend Development|C|Cloud Computing|Cyber Security|DBMS|Data Structures|Deep Learning|DevOps|Distributed Systems|Embedded Systems|Frontend Development|Hardware Design|Java|JavaScript|Networking|Operating Systems|Python|SQL|Software Engineering|Software Testing|Statistics|Web Development,C|Java|JavaScript|Python,Web Systems,Web Systems,Enterprise CRM App,,IT Support Engineer,CYSEC,Self-paced Online
S01382,Lakshmi Singh,Male,21,CSE,6,5.73,63.5,51,C|DBMS|Data Structures|Hardware Design|Java|JavaScript|Networking|Operating Systems|Python|Software Engineering|Software Testing|Statistics|Web Development,C|Java|JavaScript|Python,Programming,Programming,E-commerce Web App,DSA Specialization|Java Programming Certificate,Cloud Engineer,CSE,Hands-on Labs
S01383,Rahul Pillai,Male,19,AIDS,4,8.26,87.0,34,Algorithms|DBMS|Data Structures|Frontend Development|Hardware Design|Java|JavaScript|Software Engineering|Statistics|Web Development,Java|JavaScript,Data Engineering,Data Engineering,Sales Forecasting Dashboard,Google Data Analytics Certificate,Data Scientist,CYSEC,Mentor-guided
S01384,Pooja Reddy,Female,20,CSE,3,7.0,76.9,23,Algorithms|C|Hardware Design|Statistics,C,Software Engineering,Software Engineering,Compiler Mini-Project|OS Scheduler Simulation,,Systems Engineer,CSE,Mentor-guided
S01385,Suresh Subramaniam,Female,21,CSBS,5,7.2,77.4,45,C|Data Structures|JavaScript|Networking|Operating Systems|Python|SQL|Software Engineering|Web Development,C|JavaScript|Python,Business Analytics,Business Analytics,Business Analytics Report Tool,PMP Foundation,Business Systems Analyst,CSBS,Project-based
S01386,Deepa Pillai,Male,20,CYSEC,5,8.14,87.6,49,Algorithms|Frontend Development|Hardware Design|Java|JavaScript|Networking|Operating Systems|Python|SQL|Software Engineering|Software Testing|Statistics|Web Development,Java|JavaScript|Python,Networking,Networking,,CompTIA Security+|Certified Ethical Hacker (CEH) - Foundation,Network Administrator,IOT,Hands-on Labs
S01387,Manoj Verma,Female,22,CYSEC,8,5.03,60.4,67,Algorithms|Cryptography|DBMS|Data Analytics|Ethical Hacking|Networking|Operating Systems|Python|SQL|Software Engineering|Statistics,Python,Systems,Systems,Vulnerability Scanner|Secure File Sharing System|Phishing Detection Tool,,Network Administrator,CYSEC,Theory-focused
S01388,Kavya Gupta,Female,19,AIML,3,7.57,81.2,23,Algorithms|C|Data Structures|Hardware Design|Python|Statistics,C|Python,Machine Learning,Machine Learning,Sentiment Analysis Tool|Chatbot using Transformers,Deep Learning Specialization,Robotics Engineer,AIML,Hands-on Labs
S01389,Divya Pillai,Female,19,AIML,4,8.63,94.6,30,Algorithms|C|DBMS|Data Structures|Frontend Development|Hardware Design|Java|JavaScript|Python|SQL|Software Engineering|Statistics|Web Development,C|Java|JavaScript|Python,AI,AI,Sentiment Analysis Tool,TensorFlow Developer Certificate,Robotics Engineer,AIML,Project-based
S01390,Priya Raman,Female,21,AIDS,6,8.52,91.1,60,Algorithms|DBMS|Data Analytics|Data Structures|Embedded Systems|Frontend Development|Hardware Design|Java|JavaScript|Machine Learning|Networking|Operating Systems|Python|SQL|Software Testing|Statistics|Web Development,Java|JavaScript|Python,Data Engineering,Data Engineering,,IBM Data Science Certificate,Backend Developer,AIDS,Project-based
S01391,Shreya Subramaniam,Female,19,CSE,3,7.22,77.0,23,Algorithms|C|Hardware Design|Python,C|Python,Programming,Programming,Compiler Mini-Project|E-commerce Web App,Java Programming Certificate,Cloud Engineer,CSE,Project-based
S01392,Lakshmi Bose,Female,20,CSE,4,5.09,60.5,34,Algorithms|C|Data Structures|Frontend Development|Java|JavaScript|Python|SQL|Software Engineering|Statistics|Web Development,C|Java|JavaScript|Python,Programming,Programming,Compiler Mini-Project|E-commerce Web App,DSA Specialization|Java Programming Certificate,Database Administrator,CSE,Hands-on Labs
S01393,Vikram Gupta,Female,21,AIML,7,8.08,85.6,63,Cloud Computing|Cyber Security|Data Analytics|Data Engineering|Ethical Hacking|Frontend Development|Hardware Design|Java|Machine Learning|Networking|Python|Software Testing|Statistics|Web Development,Java|Python,Deep Learning,Deep Learning,Sentiment Analysis Tool,,NLP Engineer,AIML,Theory-focused
S01394,Naveen Rao,Male,19,IOT,3,8.35,87.8,20,Algorithms|C|Hardware Design|Python|Statistics,C|Python,Algorithms,Algorithms,Weather Monitoring IoT Node|Smart Home Automation,,IoT Solutions Engineer,IOT,Project-based
S01395,Swathi Reddy,Female,22,CSE,8,8.95,98.6,78,Algorithms|Backend Development|DBMS|Data Structures|Embedded Systems|Hardware Design|Java|JavaScript|Networking|Operating Systems|Python|Software Testing|Statistics|Web Development,Java|JavaScript|Python,Software Engineering,Software Engineering,OS Scheduler Simulation,DSA Specialization,Penetration Tester,CSE,Mentor-guided
S01396,Meera Iyer,Male,20,IT,6,4.56,58.1,59,C|Cloud Computing|DBMS|Data Analytics|Data Structures|Frontend Development|Hardware Design|Java|JavaScript|Networking|Operating Systems|SQL|Software Engineering|Software Testing|Statistics|Web Development,C|Java|JavaScript,Web Systems,Web Systems,Cloud-hosted Inventory System|Network Monitoring Tool|Enterprise CRM App,CompTIA Network+|AWS Cloud Practitioner,Network Administrator,IT,Theory-focused
S01397,Prakash Das,Male,21,IOT,8,5.5,64.1,76,Algorithms|C|DBMS|Data Analytics|Data Structures|Embedded Systems|Frontend Development|Hardware Design|IoT|JavaScript|Operating Systems|Python|SQL|Software Testing|Statistics|Data Engineering,C|JavaScript|Python,Hardware,Hardware,Weather Monitoring IoT Node,IoT Fundamentals (Cisco)|Embedded Systems Certificate,Product Manager (Tech),CYSEC,Mentor-guided
S01398,Ritu Chandran,Male,19,CSBS,3,8.7,92.6,23,Algorithms|C|Data Structures|Hardware Design|Python|Statistics,C|Python,Programming,Programming,Market Trend Predictor|ERP Dashboard for SMEs|Business Analytics Report Tool,Google Business Analytics Certificate,Product Manager (Tech),CSBS,Mentor-guided
S01399,Priya Raman,Male,21,AIML,8,4.97,61.3,75,Algorithms|Business Analytics|C|Cloud Computing|Computer Vision|DBMS|Data Analytics|Data Engineering|Data Structures|Deep Learning|DevOps|Frontend Development|Java|JavaScript|Machine Learning|Operating Systems|Python|SQL|Software Engineering|Software Testing|Statistics,C|Java|JavaScript|Python,Machine Learning,Machine Learning,Image Classification Model,Deep Learning Specialization,Firmware Engineer,AIML,Project-based
S01400,Deepa Chandran,Male,21,CSE,7,5.7,63.4,70,Algorithms|Business Analytics|C|Cloud Computing|Cryptography|DBMS|Data Structures|DevOps|Distributed Systems|Frontend Development|Hardware Design|Java|Machine Learning|Networking|Python|SQL|Software Engineering|Statistics|Web Development,C|Java|Python,Algorithms,Algorithms,OS Scheduler Simulation|E-commerce Web App|Compiler Mini-Project,DSA Specialization,Database Administrator,CSE,Theory-focused
S01401,Karthik Krishnan,Female,20,AIDS,6,7.74,83.0,57,Algorithms|Business Analytics|C|DBMS|Data Structures|Embedded Systems|Frontend Development|Hardware Design|JavaScript|Machine Learning|Networking|Python|Software Engineering|Software Testing|Statistics|Web Development,C|JavaScript|Python,Statistics,Statistics,ETL Pipeline for Retail Data,IBM Data Science Certificate,AI Research Engineer,CSE,Mentor-guided
S01402,Sneha Nair,Female,20,CYSEC,4,5.74,66.4,34,C|DBMS|Data Structures|Hardware Design|Java|JavaScript|Python|Software Engineering|Statistics|Web Development,C|Java|JavaScript|Python,Cryptography,Cryptography,Phishing Detection Tool|Secure File Sharing System,,Product Manager (Tech),CYSEC,Hands-on Labs
S01403,Arjun Varma,Male,19,AIML,3,7.1,76.8,20,Algorithms|C|Data Structures|Python|Statistics,C|Python,Embedded Systems,Embedded Systems,Chatbot using Transformers|Image Classification Model,,Data Scientist,AIML,Self-paced Online
S01404,Pooja Singh,Female,19,IOT,4,7.25,77.6,28,C|DBMS|Data Structures|Hardware Design|Java|Python|SQL|Software Engineering|Statistics,C|Java|Python,Embedded Systems,Embedded Systems,,,IoT Solutions Engineer,AIML,Mentor-guided
S01405,Pooja Nair,Female,22,CYSEC,7,4.97,60.9,72,Algorithms|Cryptography|Cyber Security|DBMS|Frontend Development|Java|JavaScript|Networking|Operating Systems|Python|SQL|Software Engineering|Software Testing|Statistics|Web Development,Java|JavaScript|Python,Web Systems,Web Systems,Phishing Detection Tool,,Penetration Tester,CYSEC,Hands-on Labs
S01406,Manoj Subramaniam,Male,22,IT,7,6.34,69.7,71,Algorithms|Business Analytics|C|Cloud Computing|DBMS|Data Analytics|Data Engineering|Data Structures|DevOps|Ethical Hacking|Frontend Development|Hardware Design|Java|Operating Systems|SQL|Software Engineering|Software Testing|Statistics|Web Development,C|Java,Cloud,Cloud,Network Monitoring Tool,CompTIA Network+,Backend Developer,IT,Project-based
S01407,Deepa Singh,Female,20,IT,3,4.61,56.9,23,Algorithms|C|Data Structures|Hardware Design|Python,C|Python,Networking,Networking,Network Monitoring Tool|Cloud-hosted Inventory System,CompTIA Network+,IT Consultant,IT,Self-paced Online
S01408,Aravind Singh,Female,20,AIDS,6,6.98,76.1,55,Algorithms|C|DBMS|Data Structures|Frontend Development|Java|JavaScript|Machine Learning|Networking|Operating Systems|Python|SQL|Software Engineering|Statistics|Web Development,C|Java|JavaScript|Python,Data Science,Data Science,Sales Forecasting Dashboard|ETL Pipeline for Retail Data|Customer Segmentation Analysis,,Data Analyst,AIDS,Theory-focused
S01409,Pooja Krishnan,Male,19,CYSEC,4,5.18,58.6,34,Algorithms|C|DBMS|Data Structures|Frontend Development|Java|JavaScript|Python|Software Engineering|Statistics,C|Java|JavaScript|Python,Security,Security,Vulnerability Scanner|Phishing Detection Tool,Certified Ethical Hacker (CEH) - Foundation,Cybersecurity Analyst,CYSEC,Theory-focused
S01410,Priya Nair,Female,21,CSE,7,5.68,65.7,77,Algorithms|Business Analytics|Cloud Computing|DBMS|DevOps|Embedded Systems|Frontend Development|Hardware Design|IoT|Java|JavaScript|Operating Systems|Python|SQL|Software Engineering|Software Testing,Java|JavaScript|Python,Programming,Programming,Compiler Mini-Project,Java Programming Certificate|DSA Specialization,Software Engineer,CSBS,Self-paced Online
S01411,Aditi Bose,Female,19,CSBS,4,7.76,83.8,34,C|Data Structures|Hardware Design|JavaScript|SQL|Software Engineering|Web Development|C++,C|C++|JavaScript,Management,Management,,,IT Consultant,CSBS,Theory-focused
S01412,Suresh Das,Male,19,CYSEC,3,6.65,74.2,23,Hardware Design|Python|Statistics,Python,Security,Security,Vulnerability Scanner|Phishing Detection Tool,,Network Administrator,AIML,Hands-on Labs
S01413,Prakash Das,Male,20,IOT,4,6.32,70.0,34,Algorithms|C|Data Structures|Frontend Development|Hardware Design|Java|JavaScript|Python|SQL|Software Engineering|Statistics|Web Development,C|Java|JavaScript|Python,Databases,Databases,,Embedded Systems Certificate,Firmware Engineer,IOT,Self-paced Online
S01414,Aditi Mehta,Female,19,AIDS,3,7.0,76.3,23,Algorithms|Data Structures|Hardware Design|Python|Software Engineering,Python,Machine Learning,Machine Learning,ETL Pipeline for Retail Data,,Data Engineer,AIDS,Project-based
S01415,Karthik Kumar,Female,20,AIML,4,7.88,83.7,34,Algorithms|Frontend Development|JavaScript|Python|Statistics|Web Development,JavaScript|Python,Deep Learning,Deep Learning,Chatbot using Transformers|Image Classification Model,,Computer Vision Engineer,AIML,Mentor-guided
S01416,Sanjay Singh,Female,21,AIML,7,7.22,76.6,67,Algorithms|Backend Development|C|DBMS|Data Structures|Deep Learning|Frontend Development|Hardware Design|Java|JavaScript|Machine Learning|Networking|Operating Systems|Python|SQL|Software Testing|Statistics|Web Development,C|Java|JavaScript|Python,Machine Learning,Machine Learning,Image Classification Model,TensorFlow Developer Certificate,Computer Vision Engineer,AIML,Mentor-guided
S01417,Karthik Gupta,Female,21,CSBS,7,7.62,80.8,61,Algorithms|Business Analytics|C|DBMS|Data Analytics|Data Structures|Frontend Development|Hardware Design|Networking|Operating Systems|Python|SQL|Software Engineering|Software Testing,C|Python,Business Analytics,Business Analytics,ERP Dashboard for SMEs,,IT Consultant,CSBS,Theory-focused
S01418,Karthik Patel,Female,20,IOT,6,6.09,66.9,58,Algorithms|Business Analytics|C|DBMS|Data Analytics|Data Structures|Embedded Systems|Frontend Development|Hardware Design|Java|JavaScript|Networking|Operating Systems|Python|SQL|Software Engineering|Statistics|Web Development,C|Java|JavaScript|Python,Embedded Systems,Embedded Systems,Smart Home Automation|Weather Monitoring IoT Node|Wearable Health Tracker,IoT Fundamentals (Cisco),Embedded Systems Engineer,IOT,Project-based
S01419,Deepa Rao,Male,20,AIML,5,7.12,75.1,49,Algorithms|Data Structures|Frontend Development|Hardware Design|Java|JavaScript|Operating Systems|SQL|Software Engineering|Software Testing|Statistics|Web Development,Java|JavaScript,Deep Learning,Deep Learning,Sentiment Analysis Tool|Chatbot using Transformers,,Data Scientist,AIML,Theory-focused
S01420,Deepa Singh,Female,19,CSE,4,8.91,98.0,34,Algorithms|C|DBMS|Data Structures|Frontend Development|Hardware Design|Java|JavaScript|Python|SQL|Software Engineering|Statistics|Web Development,C|Java|JavaScript|Python,Programming,Programming,,DSA Specialization|Java Programming Certificate,Product Manager (Tech),CSE,Hands-on Labs
S01421,Ananya Reddy,Female,21,CYSEC,8,8.68,92.7,71,Algorithms|C|Cryptography|Cyber Security|DBMS|Data Structures|Ethical Hacking|Frontend Development|Hardware Design|Java|JavaScript|Machine Learning|Networking|Operating Systems|Python|SQL|Software Engineering|Software Testing|Statistics|Web Development,C|Java|JavaScript|Python,Security,Security,Secure File Sharing System,CompTIA Security+|Certified Ethical Hacker (CEH) - Foundation,Penetration Tester,CYSEC,Self-paced Online
S01422,Suresh Iyer,Male,21,CYSEC,7,4.11,56.5,56,Algorithms|Cyber Security|DBMS|Data Structures|Frontend Development|Hardware Design|Java|JavaScript|Networking|Python|SQL|Software Engineering|Software Testing|Statistics|Web Development,Java|JavaScript|Python,Security,Security,Secure File Sharing System|Vulnerability Scanner,CompTIA Security+|Certified Ethical Hacker (CEH) - Foundation,Security Architect,CYSEC,Project-based
S01423,Pooja Patel,Female,20,IOT,4,8.38,90.5,34,Algorithms|C|Data Structures|Hardware Design|Java|JavaScript|Python|Software Engineering|Statistics,C|Java|JavaScript|Python,IoT,IoT,Weather Monitoring IoT Node|Smart Home Automation|Wearable Health Tracker,,Robotics Engineer,CSBS,Hands-on Labs
S01424,Divya Kumar,Female,19,IT,4,8.48,89.0,27,Algorithms|DBMS|Data Structures|Frontend Development|Hardware Design|Java|SQL,Java,Databases,Databases,Cloud-hosted Inventory System|Network Monitoring Tool|Enterprise CRM App,,Backend Developer,IT,Mentor-guided
S01425,Vivek Kumar,Male,19,CSBS,3,8.0,84.4,23,Algorithms|C|Hardware Design|Python|Statistics,C|Python,Management,Management,Business Analytics Report Tool|ERP Dashboard for SMEs,,Robotics Engineer,CSBS,Self-paced Online
S01426,Suresh Patel,Male,21,AIDS,7,6.9,73.3,71,Algorithms|Business Analytics|C|Cloud Computing|DBMS|Data Analytics|Data Engineering|Data Structures|Frontend Development|Hardware Design|Java|JavaScript|Machine Learning|Networking|Operating Systems|Python|SQL|Software Engineering|Statistics,C|Java|JavaScript|Python,Data Science,Data Science,ETL Pipeline for Retail Data|Sales Forecasting Dashboard|Customer Segmentation Analysis,,Data Analyst,AIDS,Theory-focused
S01427,Pooja Kumar,Male,20,AIML,3,7.16,75.9,19,Algorithms|C|Data Structures|Statistics|Data Analytics,C,Software Engineering,Software Engineering,Chatbot using Transformers,,Security Architect,AIML,Mentor-guided
S01428,Sneha Kumar,Male,21,CSE,7,8.08,86.6,65,Algorithms|DBMS|Embedded Systems|Frontend Development|Hardware Design|Java|JavaScript|Networking|Python|SQL|Software Engineering|Web Development,Java|JavaScript|Python,Systems,Systems,OS Scheduler Simulation|E-commerce Web App|Compiler Mini-Project,DSA Specialization,Software Engineer,CSE,Theory-focused
S01429,Divya Mehta,Female,20,AIDS,6,8.54,91.4,61,Algorithms|C|Data Analytics|Data Structures|Frontend Development|Hardware Design|Java|JavaScript|Machine Learning|Networking|Operating Systems|SQL|Software Engineering|Software Testing|Statistics|Web Development,C|Java|JavaScript,Cryptography,Cryptography,Customer Segmentation Analysis,,Cloud Engineer,AIDS,Hands-on Labs
S01430,Rahul Subramaniam,Female,20,CYSEC,6,6.78,72.4,54,C|Cryptography|Cyber Security|Frontend Development|Hardware Design|Java|Operating Systems|Software Testing|Statistics|Web Development,C|Java,Networking,Networking,Phishing Detection Tool,,Security Architect,CYSEC,Project-based
S01431,Kavya Nair,Male,21,CSE,7,8.42,90.3,65,Algorithms|Business Analytics|C|DBMS|Data Structures|Distributed Systems|Embedded Systems|Frontend Development|Hardware Design|Java|JavaScript|Networking|Operating Systems|Python|SQL|Software Testing|Statistics|Web Development,C|Java|JavaScript|Python,Algorithms,Algorithms,,Java Programming Certificate,Database Administrator,CSE,Self-paced Online
S01432,Ritu Chandran,Male,21,AIML,8,8.04,86.1,73,Algorithms|C|Computer Vision|DBMS|Data Structures|Frontend Development|Java|JavaScript|Machine Learning|NLP|Networking|SQL|Software Engineering|Software Testing|Statistics|Web Development,C|Java|JavaScript,Statistics,Statistics,Sentiment Analysis Tool|Image Classification Model,Deep Learning Specialization,Data Analyst,CYSEC,Hands-on Labs
S01433,Aravind Gupta,Male,20,IT,3,8.35,88.0,23,Algorithms|C|Data Structures|Hardware Design|Statistics|Python,C|Python,Web Systems,Web Systems,Cloud-hosted Inventory System,,Software Engineer,IT,Self-paced Online
S01434,Anjali Chandran,Male,21,CSE,8,6.89,73.8,79,Algorithms|Business Analytics|C|Cloud Computing|DBMS|Data Engineering|Data Structures|Deep Learning|DevOps|Distributed Systems|Embedded Systems|Java|JavaScript|NLP|Operating Systems|Python|Software Engineering|Web Development,C|Java|JavaScript|Python,AI,AI,OS Scheduler Simulation,DSA Specialization,Software Engineer,CSE,Project-based
S01435,Ritu Rao,Male,20,IT,6,5.53,64.5,55,Algorithms|Cloud Computing|DBMS|Data Structures|DevOps|Frontend Development|JavaScript|Networking|Operating Systems|Python|Software Engineering|Software Testing|Web Development,JavaScript|Python,Networking,Networking,,,Security Architect,CSE,Hands-on Labs
S01436,Karthik Sharma,Female,19,IOT,4,5.18,62.6,34,C|DBMS|Java|JavaScript|Python|SQL|Software Engineering|Statistics|Web Development,C|Java|JavaScript|Python,Security,Security,Wearable Health Tracker,Embedded Systems Certificate,Business Intelligence Analyst,IOT,Self-paced Online
S01437,Naveen Iyer,Male,19,CYSEC,4,7.5,80.6,34,DBMS|Data Structures|Frontend Development|Hardware Design|Java|JavaScript|Python|SQL|Software Engineering|Statistics|Web Development,Java|JavaScript|Python,Networking,Networking,Vulnerability Scanner|Secure File Sharing System,Certified Ethical Hacker (CEH) - Foundation|CompTIA Security+,Security Architect,CYSEC,Hands-on Labs
S01438,Meera Krishnan,Male,19,AIML,4,7.0,76.7,34,Algorithms|C|DBMS|Data Structures|Hardware Design|Java|JavaScript|SQL|Software Engineering|Statistics,C|Java|JavaScript,Statistics,Statistics,Chatbot using Transformers|Image Classification Model,,Machine Learning Engineer,AIML,Project-based
S01439,Deepa Sharma,Female,20,AIML,5,8.09,86.3,46,Algorithms|C|DBMS|Data Structures|Frontend Development|Networking|Operating Systems|Software Engineering|Software Testing|Statistics|Web Development,C,Deep Learning,Deep Learning,Chatbot using Transformers|Image Classification Model|Sentiment Analysis Tool,,NLP Engineer,AIML,Mentor-guided
S01440,Aravind Krishnan,Male,20,AIDS,5,6.67,72.4,46,Algorithms|C|Data Structures|Frontend Development|Hardware Design|Java|JavaScript|Networking|Operating Systems|Python|Software Engineering|Software Testing|Statistics|Web Development,C|Java|JavaScript|Python,Statistics,Statistics,,,Penetration Tester,AIDS,Hands-on Labs
S01441,Shreya Sharma,Male,21,CSE,8,6.53,71.6,74,Algorithms|Business Analytics|C|Cyber Security|DBMS|Data Analytics|Data Structures|Distributed Systems|Embedded Systems|Hardware Design|Java|JavaScript|Operating Systems|Python|Software Engineering|Software Testing|Statistics|Web Development,C|Java|JavaScript|Python,Systems,Systems,Compiler Mini-Project|E-commerce Web App,DSA Specialization,Backend Developer,CSE,Project-based
S01442,Karthik Mehta,Male,20,IT,6,7.2,77.1,55,Algorithms|C|Cloud Computing|DBMS|Data Structures|DevOps|Frontend Development|Hardware Design|Java|JavaScript|Networking|Operating Systems|Python|SQL|Software Engineering|Software Testing|Statistics,C|Java|JavaScript|Python,Networking,Networking,Cloud-hosted Inventory System|Network Monitoring Tool|Enterprise CRM App,CompTIA Network+,Database Administrator,IT,Theory-focused
S01443,Vikram Patel,Female,20,AIML,5,6.53,70.9,49,Algorithms|C|DBMS|Data Structures|Frontend Development|Hardware Design|Java|JavaScript|Networking|Operating Systems|Python|SQL|Software Engineering|Software Testing|Statistics|Web Development|Machine Learning,C|Java|JavaScript|Python,Statistics,Statistics,Sentiment Analysis Tool,,Backend Developer,AIML,Project-based
S01444,Harish Rao,Male,20,CYSEC,6,7.86,83.6,64,C|Cryptography|Cyber Security|DBMS|Data Analytics|Data Structures|Embedded Systems|Frontend Development|Hardware Design|JavaScript|Networking|Python|SQL|Software Engineering|Software Testing|Statistics|Web Development,C|JavaScript|Python,Software Engineering,Software Engineering,Phishing Detection Tool|Vulnerability Scanner|Secure File Sharing System,,NLP Engineer,CYSEC,Hands-on Labs
S01445,Lakshmi Das,Male,20,AIML,5,8.04,87.3,45,C|DBMS|Data Structures|Hardware Design|JavaScript|Networking|Python|SQL|Software Engineering|Software Testing|Statistics|Web Development,C|JavaScript|Python,Databases,Databases,Chatbot using Transformers|Image Classification Model|Sentiment Analysis Tool,Deep Learning Specialization|TensorFlow Developer Certificate,Network Administrator,AIML,Project-based
S01446,Ritu Reddy,Male,19,AIDS,4,5.76,67.9,34,Algorithms|C|DBMS|Data Structures|Java|JavaScript|Python|Software Engineering|Statistics|Web Development,C|Java|JavaScript|Python,Software,Software,Customer Segmentation Analysis,,Data Engineer,CYSEC,Hands-on Labs
S01447,Aravind Reddy,Male,21,IT,8,7.43,81.3,81,Algorithms|Backend Development|Business Analytics|Cryptography|DBMS|Data Structures|Deep Learning|DevOps|Frontend Development|Hardware Design|IoT|Java|JavaScript|Machine Learning|Networking|Operating Systems|Python|SQL|Software Engineering|Software Testing|Statistics|Web Development,Java|JavaScript|Python,Cloud,Cloud,Cloud-hosted Inventory System,,Systems Administrator,AIML,Theory-focused
S01448,Arjun Sharma,Female,20,AIML,3,7.3,80.3,23,Algorithms|C|Data Structures|Statistics,C,Deep Learning,Deep Learning,Chatbot using Transformers,,Robotics Engineer,AIML,Self-paced Online
S01449,Sneha Singh,Female,20,CSE,4,6.53,71.7,34,C|Data Structures|Java|JavaScript|Python|Software Engineering|Statistics|Web Development,C|Java|JavaScript|Python,Databases,Databases,Compiler Mini-Project,,Database Administrator,CSE,Hands-on Labs
S01450,Aravind Rao,Male,19,CSE,3,7.43,80.0,23,Algorithms|C|Data Structures|Hardware Design|Python|Statistics,C|Python,Programming,Programming,E-commerce Web App,,Software Architect,CSE,Mentor-guided
S01451,Harish Varma,Female,22,IT,8,4.95,59.4,85,Algorithms|Backend Development|Business Analytics|C|Cloud Computing|Computer Vision|DBMS|Deep Learning|DevOps|Frontend Development|Java|JavaScript|Machine Learning|Networking|Operating Systems|SQL|Software Engineering|Software Testing|Statistics|Web Development,C|Java|JavaScript,Networking,Networking,Enterprise CRM App,CompTIA Network+,Software Engineer,IT,Self-paced Online
S01452,Ananya Kumar,Female,20,AIDS,4,6.68,73.5,34,Algorithms|C|DBMS|Frontend Development|Hardware Design|Java|Python|SQL|Software Engineering|Statistics|Web Development,C|Java|Python,Machine Learning,Machine Learning,Sales Forecasting Dashboard,IBM Data Science Certificate,Data Engineer,AIDS,Hands-on Labs
S01453,Naveen Nair,Female,20,AIML,6,5.86,69.2,57,Algorithms|C|DBMS|Data Analytics|Frontend Development|Hardware Design|Java|JavaScript|Machine Learning|Networking|Python|SQL|Software Engineering|Software Testing|Statistics|Web Development,C|Java|JavaScript|Python,Statistics,Statistics,Image Classification Model,Deep Learning Specialization,Computer Vision Engineer,AIML,Hands-on Labs
S01454,Aravind Subramaniam,Female,21,CSE,8,7.25,78.5,83,Algorithms|Backend Development|C|Computer Vision|DBMS|Data Analytics|Data Structures|Deep Learning|Distributed Systems|Frontend Development|Hardware Design|Java|JavaScript|Machine Learning|Networking|Python|SQL|Software Engineering|Software Testing|Statistics|Web Development,C|Java|JavaScript|Python,Programming,Programming,E-commerce Web App|Compiler Mini-Project,,DevOps Engineer,CSE,Mentor-guided
S01455,Swathi Das,Female,20,AIML,3,8.47,92.3,19,Algorithms|C|Data Structures|Hardware Design|Python|Statistics,C|Python,Deep Learning,Deep Learning,,Deep Learning Specialization|TensorFlow Developer Certificate,Robotics Engineer,AIML,Self-paced Online
S01456,Vikram Singh,Male,21,AIML,5,6.65,71.9,49,Algorithms|Data Structures|Frontend Development|Hardware Design|Java|JavaScript|Networking|Operating Systems|Python|SQL|Software Engineering|Software Testing|Statistics|Web Development,Java|JavaScript|Python,Statistics,Statistics,Chatbot using Transformers|Sentiment Analysis Tool|Image Classification Model,,Machine Learning Engineer,AIML,Theory-focused
S01457,Naveen Subramaniam,Female,20,IT,5,7.35,79.3,49,Algorithms|C|DBMS|Data Structures|Java|Networking|Operating Systems|Python|SQL|Software Engineering|Statistics,C|Java|Python,Algorithms,Algorithms,Network Monitoring Tool,,Data Scientist,IT,Self-paced Online
S01458,Prakash Singh,Female,22,AIDS,8,6.88,74.7,84,Algorithms|C|Computer Vision|DBMS|Data Analytics|Data Engineering|Data Structures|Deep Learning|Frontend Development|Hardware Design|Java|JavaScript|Machine Learning|Networking|Operating Systems|Python|SQL|Software Engineering|Software Testing|Statistics|Web Development,C|Java|JavaScript|Python,Machine Learning,Machine Learning,Customer Segmentation Analysis|ETL Pipeline for Retail Data,Google Data Analytics Certificate|IBM Data Science Certificate,Business Intelligence Analyst,AIDS,Project-based
S01459,Nisha Nair,Male,19,CYSEC,4,7.68,81.4,34,Algorithms|C|DBMS|Data Structures|Java|JavaScript|Software Engineering|Web Development,C|Java|JavaScript,Cryptography,Cryptography,Vulnerability Scanner|Phishing Detection Tool|Secure File Sharing System,,Cybersecurity Analyst,CYSEC,Hands-on Labs
S01460,Anjali Patel,Female,19,CSBS,3,7.65,82.0,20,Algorithms|C|Statistics,C,Business Analytics,Business Analytics,,PMP Foundation,IT Consultant,CSBS,Project-based
S01461,Aditi Bose,Female,19,IT,4,7.76,86.5,34,C|DBMS|Frontend Development|Hardware Design|Java|Python|SQL|Software Engineering|Web Development,C|Java|Python,Web Systems,Web Systems,Network Monitoring Tool|Cloud-hosted Inventory System,AWS Cloud Practitioner,Database Administrator,IT,Mentor-guided
S01462,Vikram Kumar,Female,22,AIML,7,6.16,67.5,69,Business Analytics|C|Cloud Computing|Cyber Security|DBMS|Data Analytics|Data Engineering|Data Structures|Deep Learning|Frontend Development|Hardware Design|JavaScript|Networking|Operating Systems|Python|SQL|Web Development,C|JavaScript|Python,AI,AI,Sentiment Analysis Tool|Chatbot using Transformers|Image Classification Model,TensorFlow Developer Certificate,NLP Engineer,AIML,Project-based
S01463,Karthik Pillai,Female,20,CSE,4,5.82,66.3,34,Algorithms|C|Frontend Development|Java|Python|SQL|Statistics|Web Development,C|Java|Python,Algorithms,Algorithms,Compiler Mini-Project|E-commerce Web App,,IT Consultant,CSE,Self-paced Online
S01464,Vivek Chandran,Male,20,CSE,3,6.61,70.4,23,C|Data Structures|Hardware Design|Python|Statistics,C|Python,Machine Learning,Machine Learning,OS Scheduler Simulation,,Software Engineer,CSE,Self-paced Online
S01465,Kiran Das,Male,20,AIDS,4,4.18,54.4,34,Algorithms|C|DBMS|Data Structures|Frontend Development|Java|JavaScript|Python|SQL|Software Engineering|Web Development,C|Java|JavaScript|Python,Statistics,Statistics,Sales Forecasting Dashboard|ETL Pipeline for Retail Data,IBM Data Science Certificate,Data Engineer,AIDS,Mentor-guided
S01466,Suresh Pillai,Male,22,CSBS,8,5.18,62.9,78,Business Analytics|C|Cyber Security|DBMS|Data Structures|Ethical Hacking|Hardware Design|Java|JavaScript|Machine Learning|Networking|Operating Systems|SQL|Software Engineering|Software Testing|Statistics|Web Development,C|Java|JavaScript,AI,AI,Business Analytics Report Tool|Market Trend Predictor|ERP Dashboard for SMEs,PMP Foundation|Google Business Analytics Certificate,Systems Administrator,CSBS,Project-based
S01467,Divya Iyer,Female,20,AIDS,4,7.42,79.9,31,C|DBMS|Data Structures|Frontend Development|Hardware Design|Java|JavaScript|SQL|Software Engineering|Statistics,C|Java|JavaScript,Software,Software,ETL Pipeline for Retail Data,Google Data Analytics Certificate,Business Intelligence Analyst,AIDS,Self-paced Online
S01468,Kiran Reddy,Male,20,AIML,4,6.82,75.4,34,Algorithms|Data Structures|Frontend Development|Hardware Design|Java|Python|Software Engineering,Java|Python,Cloud,Cloud,Image Classification Model,Deep Learning Specialization,Robotics Engineer,CYSEC,Mentor-guided
S01469,Vikram Sharma,Male,21,CSE,7,7.44,79.7,68,Algorithms|C|Cloud Computing|Cyber Security|DBMS|DevOps|Frontend Development|Hardware Design|JavaScript|Operating Systems|Python|SQL|Software Engineering|Software Testing|Statistics|Web Development|C++,C|C++|JavaScript|Python,Algorithms,Algorithms,Compiler Mini-Project|OS Scheduler Simulation,,Cloud Engineer,CSE,Self-paced Online
S01470,Aravind Menon,Male,19,CSE,3,5.65,66.9,23,Algorithms|Data Structures|Hardware Design|Statistics,Java,Software Engineering,Software Engineering,Compiler Mini-Project|OS Scheduler Simulation,Java Programming Certificate,Software Engineer,CSE,Hands-on Labs
S01471,Lakshmi Chandran,Male,19,CSBS,3,7.37,76.2,19,Algorithms|C|Data Structures|Hardware Design|Python|Statistics|Cloud Computing,C|Python,Business Analytics,Business Analytics,ERP Dashboard for SMEs,PMP Foundation|Google Business Analytics Certificate,Penetration Tester,CYSEC,Project-based
S01472,Manoj Verma,Female,22,CSE,8,8.11,88.8,81,Algorithms|C|Cloud Computing|Computer Vision|Cryptography|Cyber Security|DBMS|Data Structures|Deep Learning|Frontend Development|Hardware Design|Java|Machine Learning|Networking|Operating Systems|Python|SQL|Software Engineering|Software Testing|Statistics,C|Java|Python,Algorithms,Algorithms,E-commerce Web App|OS Scheduler Simulation,,Cloud Engineer,CSE,Project-based
S01473,Rahul Rao,Female,21,AIML,7,7.3,78.8,70,Algorithms|Backend Development|C|Cloud Computing|Cryptography|DBMS|Data Engineering|Frontend Development|Hardware Design|Java|Machine Learning|Networking|Operating Systems|Python|SQL|Software Engineering|Software Testing|Web Development,C|Java|Python,Statistics,Statistics,,Deep Learning Specialization,SOC Analyst,AIML,Hands-on Labs
S01474,Prakash Menon,Male,20,CSE,5,7.0,74.9,49,Algorithms|C|DBMS|Data Structures|Frontend Development|Hardware Design|Java|JavaScript|Python|SQL|Software Engineering|Statistics|Web Development,C|Java|JavaScript|Python,Programming,Programming,Compiler Mini-Project,,Security Architect,CSE,Hands-on Labs
S01475,Pooja Sharma,Female,21,CYSEC,8,6.63,72.1,67,Algorithms|Business Analytics|C|DBMS|Data Structures|Hardware Design|JavaScript|Networking|Operating Systems|Python|SQL|Software Engineering|Software Testing|Statistics|Web Development,C|JavaScript|Python,Networking,Networking,Vulnerability Scanner|Phishing Detection Tool|Secure File Sharing System,CompTIA Security+,Penetration Tester,CYSEC,Theory-focused
S01476,Naveen Mehta,Female,20,AIML,4,7.15,77.6,34,Algorithms|C|Data Structures|Hardware Design|Java|JavaScript|Python|SQL|Software Engineering|Statistics|Web Development,C|Java|JavaScript|Python,Data Engineering,Data Engineering,,,Robotics Engineer,AIML,Theory-focused
S01477,Arjun Raman,Female,20,AIML,4,5.88,62.8,34,Algorithms|Data Structures|Frontend Development|Hardware Design|Java|Python|SQL|Software Engineering|Statistics|Web Development,Java|Python,AI,AI,Chatbot using Transformers,,Robotics Engineer,AIML,Project-based
S01478,Arjun Reddy,Female,20,IT,3,7.85,83.4,20,Algorithms|C|Data Structures|Hardware Design|Python|Statistics,C|Python,Data Science,Data Science,Enterprise CRM App,,Systems Engineer,IT,Mentor-guided
S01479,Ananya Bose,Female,20,AIML,5,7.9,84.2,49,Algorithms|C|DBMS|Frontend Development|Hardware Design|Java|JavaScript|Networking|Python|SQL|Software Engineering|Software Testing|Statistics|Web Development,C|Java|JavaScript|Python,Machine Learning,Machine Learning,Image Classification Model,,Computer Vision Engineer,AIML,Hands-on Labs
S01480,Naveen Rao,Male,19,IT,3,7.7,82.7,23,Algorithms|C|Data Structures|Python,C|Python,Databases,Databases,Network Monitoring Tool,CompTIA Network+,Network Administrator,IT,Self-paced Online
S01481,Ananya Bose,Female,19,AIDS,3,5.96,67.1,23,Algorithms|C|Hardware Design,C,Data Engineering,Data Engineering,ETL Pipeline for Retail Data|Customer Segmentation Analysis|Sales Forecasting Dashboard,IBM Data Science Certificate,Data Scientist,AIDS,Project-based
S01482,Deepa Gupta,Male,20,CSE,4,4.45,58.5,31,C|DBMS|Data Structures|Hardware Design|Java|Python|SQL|Software Engineering|Statistics,C|Java|Python,Programming,Programming,,,Business Intelligence Analyst,CSE,Theory-focused
S01483,Rohan Verma,Female,22,IOT,8,6.11,68.9,87,Algorithms|C|Cloud Computing|Cyber Security|Data Analytics|Deep Learning|Frontend Development|Hardware Design|IoT|JavaScript|Machine Learning|NLP|Operating Systems|Python|Software Engineering|Software Testing|Statistics|Web Development|SQL,C|JavaScript|Python,IoT,IoT,,,Systems Administrator,IOT,Project-based
S01484,Pooja Mehta,Female,20,CSE,4,7.33,77.0,30,DBMS|Hardware Design|Java|JavaScript|Python|SQL|Software Engineering|Web Development,Java|JavaScript|Python,Machine Learning,Machine Learning,E-commerce Web App|OS Scheduler Simulation,,Database Administrator,IT,Self-paced Online
S01485,Harish Gupta,Male,19,IOT,3,6.57,69.2,23,C|Data Structures|Hardware Design|Python|Statistics,C|Python,IoT,IoT,Smart Home Automation,IoT Fundamentals (Cisco),Embedded Systems Engineer,IOT,Mentor-guided
S01486,Divya Gupta,Female,20,IOT,4,7.15,78.5,34,Algorithms|C|Data Structures|Frontend Development|Hardware Design|JavaScript|Python|SQL|Software Engineering|Statistics,C|JavaScript|Python,Embedded Systems,Embedded Systems,,IoT Fundamentals (Cisco),IoT Solutions Engineer,IOT,Project-based
S01487,Shreya Pillai,Female,19,CYSEC,4,5.03,61.8,34,Algorithms|C|Frontend Development|Hardware Design|JavaScript|Python|SQL|Software Engineering|Statistics|Web Development|Machine Learning,C|JavaScript|Python,Cryptography,Cryptography,Vulnerability Scanner|Phishing Detection Tool,,Penetration Tester,CSBS,Self-paced Online
S01488,Sanjay Mehta,Female,21,CSE,8,7.45,79.5,77,Algorithms|Business Analytics|C|Computer Vision|Cyber Security|DBMS|Data Analytics|Data Structures|Deep Learning|DevOps|Distributed Systems|Ethical Hacking|Frontend Development|Java|JavaScript|Networking|Operating Systems|Python|SQL|Software Testing|Statistics|Web Development,C|Java|JavaScript|Python,Algorithms,Algorithms,Compiler Mini-Project|E-commerce Web App,,DevOps Engineer,CSE,Hands-on Labs
S01489,Karthik Verma,Female,22,CSBS,8,8.47,89.7,83,Algorithms|Backend Development|Business Analytics|C|Cloud Computing|Computer Vision|Cryptography|Cyber Security|DBMS|Data Analytics|Data Engineering|Data Structures|Frontend Development|Hardware Design|JavaScript|Networking|Python|SQL|Software Engineering|Software Testing|Statistics,C|JavaScript|Python,Software,Software,Market Trend Predictor|ERP Dashboard for SMEs,PMP Foundation|Google Business Analytics Certificate,Business Systems Analyst,AIDS,Project-based
S01490,Ritu Singh,Male,19,CSE,4,7.97,84.6,34,C|DBMS|Data Structures|Frontend Development|Hardware Design|Java|JavaScript|Python|SQL|Software Engineering|Web Development,C|Java|JavaScript|Python,Machine Learning,Machine Learning,E-commerce Web App|OS Scheduler Simulation,,IT Consultant,AIDS,Project-based
S01491,Pooja Subramaniam,Female,20,AIML,6,4.84,61.9,56,Algorithms|Cryptography|Frontend Development|Hardware Design|Machine Learning|Networking|Operating Systems|Python|SQL|Software Engineering|Software Testing|Statistics,Python,Statistics,Statistics,Sentiment Analysis Tool|Chatbot using Transformers|Image Classification Model,,Cloud Engineer,CYSEC,Project-based
S01492,Naveen Sharma,Female,21,IT,7,6.49,71.4,82,Algorithms|Backend Development|Business Analytics|C|Cloud Computing|Cyber Security|DBMS|Data Structures|DevOps|Ethical Hacking|Frontend Development|Hardware Design|Java|JavaScript|Machine Learning|Networking|Python|SQL|Software Testing|Statistics|Web Development,C|Java|JavaScript|Python,Networking,Networking,,AWS Cloud Practitioner|CompTIA Network+,IT Consultant,IT,Hands-on Labs
S01493,Aditi Bose,Female,20,AIML,3,6.74,70.8,23,Algorithms|Data Structures|Hardware Design|Python|Statistics,Python,Systems,Systems,Sentiment Analysis Tool,TensorFlow Developer Certificate|Deep Learning Specialization,AI Research Engineer,AIML,Self-paced Online
S01494,Aditi Krishnan,Male,20,AIML,6,5.95,65.9,55,Algorithms|C|DBMS|Data Structures|Frontend Development|Java|JavaScript|Machine Learning|Networking|Operating Systems|Python|SQL|Software Engineering|Software Testing|Web Development,C|Java|JavaScript|Python,Statistics,Statistics,Chatbot using Transformers,,Computer Vision Engineer,AIML,Project-based
S01495,Gokul Pillai,Male,20,IT,6,8.33,87.9,55,Algorithms|Cloud Computing|DBMS|Data Structures|DevOps|Frontend Development|Hardware Design|JavaScript|Operating Systems|Python|Software Engineering|Statistics|Web Development,JavaScript|Python,Networking,Networking,Enterprise CRM App|Network Monitoring Tool|Cloud-hosted Inventory System,,Database Administrator,IT,Project-based
S01496,Anjali Patel,Male,21,CSE,5,6.53,70.9,49,Algorithms|C|DBMS|Data Structures|Frontend Development|Hardware Design|Java|JavaScript|Networking|Operating Systems|Python|Software Engineering|Statistics|Web Development,C|Java|JavaScript|Python,Software Engineering,Software Engineering,E-commerce Web App|OS Scheduler Simulation,,Data Engineer,CSE,Theory-focused
S01497,Arjun Subramaniam,Male,19,CYSEC,3,8.52,92.1,23,Algorithms|C|Data Structures|Hardware Design|Statistics,C,Cryptography,Cryptography,Secure File Sharing System|Vulnerability Scanner,Certified Ethical Hacker (CEH) - Foundation|CompTIA Security+,Network Administrator,CYSEC,Hands-on Labs
S01498,Sneha Patel,Female,20,CSE,6,5.65,63.8,52,Algorithms|C|DBMS|Hardware Design|Networking|Operating Systems|Python|Software Engineering|Software Testing|Statistics,C|Python,Systems,Systems,Compiler Mini-Project|E-commerce Web App,,Software Engineer,IOT,Mentor-guided
S01499,Karthik Rao,Female,20,AIML,3,6.04,66.1,23,Algorithms|C|Data Structures|Hardware Design|Python,C|Python,AI,AI,Chatbot using Transformers|Sentiment Analysis Tool,Deep Learning Specialization,Computer Vision Engineer,AIML,Hands-on Labs
S01500,Kavya Verma,Female,19,AIML,3,8.74,90.2,23,Algorithms|C|Data Structures|Hardware Design|Python|Statistics,C|Python,Systems,Systems,Sentiment Analysis Tool|Image Classification Model,,IoT Solutions Engineer,AIML,Theory-focused
S01501,Prakash Menon,Female,20,CSE,4,7.7,82.9,23,DBMS|Frontend Development|Java|JavaScript|SQL|Software Engineering,Java|JavaScript,Software Engineering,Software Engineering,E-commerce Web App|OS Scheduler Simulation,Java Programming Certificate,Software Architect,CSE,Theory-focused
S01502,Divya Das,Male,20,CSE,4,7.5,80.2,30,Algorithms|C|DBMS|Data Structures|Frontend Development|Hardware Design|JavaScript|Python|SQL|Statistics|Web Development,C|JavaScript|Python,Algorithms,Algorithms,,DSA Specialization|Java Programming Certificate,Backend Developer,CSE,Theory-focused
S01503,Anjali Verma,Male,19,CSBS,3,8.04,86.4,23,C|Data Structures|Hardware Design|Python|Statistics,C|Python,Hardware,Hardware,ERP Dashboard for SMEs,,Business Intelligence Analyst,CSBS,Self-paced Online
S01504,Deepa Krishnan,Male,21,CSBS,5,8.67,93.5,46,Algorithms|C|Data Structures|Java|Networking|Operating Systems|Python|SQL|Software Engineering|Software Testing|Statistics,C|Java|Python,Management,Management,Business Analytics Report Tool,,Business Systems Analyst,CSBS,Theory-focused
S01505,Harish Verma,Male,20,AIDS,3,5.52,62.9,23,Algorithms|C|Data Structures|Python|Statistics,C|Python,Data Engineering,Data Engineering,Sales Forecasting Dashboard|ETL Pipeline for Retail Data,,Data Analyst,AIDS,Theory-focused
S01506,Ritu Sharma,Female,19,CYSEC,4,4.71,59.4,31,C|DBMS|Data Structures|Frontend Development|Hardware Design|Java|JavaScript|SQL|Software Engineering|Statistics|Web Development,C|Java|JavaScript,Security,Security,,Certified Ethical Hacker (CEH) - Foundation|CompTIA Security+,Network Administrator,CYSEC,Mentor-guided
S01507,Shreya Mehta,Female,21,IOT,7,8.29,87.6,49,Algorithms|C|DBMS|Data Structures|Embedded Systems|Frontend Development|Hardware Design|JavaScript|Networking|Operating Systems|Python|SQL|Software Engineering|Software Testing|Statistics|Web Development,C|JavaScript|Python,Algorithms,Algorithms,Smart Home Automation,,Robotics Engineer,IOT,Theory-focused
S01508,Gokul Rao,Female,19,CSE,4,7.53,80.2,34,Algorithms|C|DBMS|Data Structures|Frontend Development|Java|JavaScript|Software Engineering|Statistics|Web Development,C|Java|JavaScript,Systems,Systems,Compiler Mini-Project|OS Scheduler Simulation,Java Programming Certificate,Systems Engineer,CSE,Self-paced Online
S01509,Ritu Chandran,Male,20,AIDS,4,7.67,81.7,30,Algorithms|C|Hardware Design|Java|SQL|Statistics|Web Development,C|Java,Data Engineering,Data Engineering,ETL Pipeline for Retail Data|Customer Segmentation Analysis,,Data Engineer,AIDS,Project-based
S01510,Nisha Sharma,Male,19,AIDS,4,7.06,78.2,34,Algorithms|C|DBMS|Data Structures|Hardware Design|Java|JavaScript|SQL|Software Engineering|Statistics|Web Development,C|Java|JavaScript,Data Science,Data Science,ETL Pipeline for Retail Data|Sales Forecasting Dashboard|Customer Segmentation Analysis,,Business Intelligence Analyst,AIDS,Self-paced Online
S01511,Lakshmi Nair,Female,21,IOT,5,3.18,50.6,34,Algorithms|C|DBMS|Frontend Development|JavaScript|Networking|Python|SQL|Software Engineering|Software Testing|Statistics|C++,C|C++|JavaScript|Python,Machine Learning,Machine Learning,Wearable Health Tracker|Smart Home Automation|Weather Monitoring IoT Node,IoT Fundamentals (Cisco)|Embedded Systems Certificate,IoT Solutions Engineer,IOT,Mentor-guided
S01512,Swathi Rao,Female,21,CSBS,5,6.8,74.2,45,Algorithms|C|DBMS|Data Structures|Frontend Development|Hardware Design|Java|JavaScript|Networking|Operating Systems|SQL|Software Engineering|Statistics|Web Development,C|Java|JavaScript,Software,Software,Business Analytics Report Tool,,Business Systems Analyst,IT,Mentor-guided
S01513,Kiran Chandran,Male,21,CYSEC,7,5.48,63.7,75,C|Cryptography|DBMS|Data Analytics|Data Structures|Ethical Hacking|Frontend Development|Hardware Design|Java|Machine Learning|Networking|Operating Systems|Python|Software Engineering|Software Testing|Statistics,C|Java|Python,Networking,Networking,Vulnerability Scanner|Secure File Sharing System,,IT Consultant,CYSEC,Self-paced Online
S01514,Lakshmi Bose,Female,20,CYSEC,4,4.18,56.5,34,Algorithms|C|DBMS|Data Structures|Frontend Development|Hardware Design|Java|JavaScript|Statistics|Web Development,C|Java|JavaScript,Cryptography,Cryptography,Vulnerability Scanner|Secure File Sharing System,,Penetration Tester,IOT,Hands-on Labs
S01515,Sanjay Krishnan,Male,21,CYSEC,8,8.41,90.4,70,Algorithms|C|Cryptography|Cyber Security|DBMS|Data Structures|Ethical Hacking|Frontend Development|Hardware Design|Java|JavaScript|Operating Systems|Python|SQL|Software Engineering|Software Testing|Web Development,C|Java|JavaScript|Python,Networking,Networking,Phishing Detection Tool|Secure File Sharing System,Certified Ethical Hacker (CEH) - Foundation,IT Consultant,CYSEC,Theory-focused
S01516,Sneha Pillai,Female,21,CYSEC,7,7.52,81.4,81,Algorithms|C|Cloud Computing|Cryptography|Cyber Security|Data Engineering|Data Structures|Deep Learning|Distributed Systems|Embedded Systems|Ethical Hacking|Frontend Development|Hardware Design|Java|JavaScript|Machine Learning|Networking|Operating Systems|Software Engineering|Software Testing|Statistics|Web Development,C|Java|JavaScript,Cryptography,Cryptography,Vulnerability Scanner|Phishing Detection Tool,Certified Ethical Hacker (CEH) - Foundation,Security Architect,CYSEC,Theory-focused
S01517,Lakshmi Sharma,Male,19,AIML,3,8.87,97.3,23,Algorithms|C|Python|Statistics|Data Engineering,C|Python,Machine Learning,Machine Learning,Sentiment Analysis Tool|Chatbot using Transformers,,Computer Vision Engineer,AIML,Project-based
S01518,Kavya Chandran,Female,21,AIDS,7,5.5,64.0,62,Algorithms|C|Cloud Computing|DBMS|Data Analytics|Data Structures|DevOps|Frontend Development|Hardware Design|JavaScript|Networking|Operating Systems|Software Engineering|Software Testing|Statistics|Web Development,C|JavaScript,Networking,Networking,Customer Segmentation Analysis|ETL Pipeline for Retail Data,Google Data Analytics Certificate|IBM Data Science Certificate,Data Engineer,AIDS,Mentor-guided
S01519,Sneha Nair,Female,21,AIML,6,7.79,83.0,56,C|DBMS|Hardware Design|Java|JavaScript|Machine Learning|Networking|Operating Systems|Python|SQL|Software Engineering|Statistics,C|Java|JavaScript|Python,Machine Learning,Machine Learning,Chatbot using Transformers|Sentiment Analysis Tool|Image Classification Model,Deep Learning Specialization,Robotics Engineer,AIML,Mentor-guided
S01520,Ananya Das,Female,20,AIDS,3,6.22,69.7,23,Algorithms|C|Hardware Design|Python|Statistics,C|Python,Data Engineering,Data Engineering,Customer Segmentation Analysis|Sales Forecasting Dashboard|ETL Pipeline for Retail Data,Google Data Analytics Certificate,Data Scientist,AIDS,Hands-on Labs
S01521,Lakshmi Menon,Female,22,AIML,7,4.58,59.0,59,Business Analytics|C|Cloud Computing|Data Structures|Deep Learning|Frontend Development|Hardware Design|Java|JavaScript|Machine Learning|Networking|Operating Systems|Software Engineering|Software Testing|Statistics|Web Development,C|Java|JavaScript,Statistics,Statistics,Sentiment Analysis Tool|Image Classification Model,,Robotics Engineer,AIML,Theory-focused
S01522,Kavya Patel,Male,20,IOT,6,7.18,76.6,67,Algorithms|Business Analytics|C|Cloud Computing|Cyber Security|Data Structures|DevOps|Embedded Systems|Hardware Design|Java|Machine Learning|Networking|Operating Systems|Python|SQL|Software Engineering|Software Testing|Web Development|Computer Vision,C|Java|Python,Networking,Networking,Smart Home Automation,,Embedded Systems Engineer,IOT,Project-based
S01523,Kiran Verma,Female,20,IOT,5,8.6,92.9,45,Algorithms|C|Data Structures|Frontend Development|Hardware Design|Java|JavaScript|SQL|Software Engineering|Software Testing|Statistics|Web Development,C|Java|JavaScript,Networking,Networking,Smart Home Automation,,Robotics Engineer,IOT,Mentor-guided
S01524,Kiran Mehta,Male,20,AIDS,6,6.67,73.2,60,Algorithms|C|Data Analytics|Frontend Development|Hardware Design|Java|JavaScript|Networking|Operating Systems|Python|SQL|Software Engineering|Software Testing|Statistics|Web Development|Distributed Systems,C|Java|JavaScript|Python,AI,AI,ETL Pipeline for Retail Data,,Data Scientist,CSE,Project-based
S01525,Rahul Menon,Female,20,AIML,5,6.81,74.4,42,Algorithms|C|DBMS|Data Structures|Frontend Development|Hardware Design|Networking|Operating Systems|Python|SQL|Software Engineering|Statistics|Web Development,C|Python,Data Science,Data Science,Image Classification Model|Chatbot using Transformers,,Data Scientist,AIML,Project-based
S01526,Manoj Kumar,Female,19,CSE,3,7.0,73.7,23,Algorithms|C|Data Structures|Hardware Design|Python|Statistics,C|Python,Systems,Systems,OS Scheduler Simulation,,Software Engineer,CSE,Project-based
S01527,Rahul Raman,Female,19,IOT,4,8.35,88.0,34,Algorithms|DBMS|Data Structures|Frontend Development|Hardware Design|Java|JavaScript|Software Engineering|Statistics,Java|JavaScript,IoT,IoT,,,Robotics Engineer,IOT,Mentor-guided
S01528,Sneha Subramaniam,Female,20,AIDS,3,7.96,85.2,23,Algorithms|C|Data Structures|Hardware Design|Python|Statistics,C|Python,Machine Learning,Machine Learning,Sales Forecasting Dashboard|Customer Segmentation Analysis,Google Data Analytics Certificate|IBM Data Science Certificate,Business Intelligence Analyst,AIDS,Project-based
S01529,Ananya Varma,Male,20,IT,6,7.73,83.8,49,Algorithms|C|Cloud Computing|DBMS|Data Structures|Frontend Development|Hardware Design|Java|JavaScript|Operating Systems|Python|SQL|Software Engineering|Software Testing|Statistics|Web Development,C|Java|JavaScript|Python,Cloud,Cloud,Enterprise CRM App,AWS Cloud Practitioner,NLP Engineer,IT,Hands-on Labs
S01530,Gokul Reddy,Male,21,IOT,5,8.1,87.5,49,Algorithms|DBMS|Data Structures|Frontend Development|JavaScript|Networking|Operating Systems|Python|SQL|Software Engineering|Software Testing|Statistics|Web Development|Distributed Systems,JavaScript|Python,Security,Security,,,IoT Solutions Engineer,IOT,Project-based
S01531,Arjun Rao,Male,21,AIML,6,6.51,71.3,70,Algorithms|C|Cryptography|Data Analytics|Frontend Development|Hardware Design|Java|JavaScript|Machine Learning|Networking|Operating Systems|Python|Software Testing|Statistics|Web Development,C|Java|JavaScript|Python,Machine Learning,Machine Learning,Sentiment Analysis Tool|Chatbot using Transformers,TensorFlow Developer Certificate,Machine Learning Engineer,AIML,Mentor-guided
S01532,Aditi Pillai,Male,20,CYSEC,6,5.11,62.9,63,Algorithms|Business Analytics|C|Cyber Security|DBMS|Data Structures|Embedded Systems|Frontend Development|Java|JavaScript|Networking|Operating Systems|Python|SQL|Software Engineering|Software Testing|Statistics,C|Java|JavaScript|Python,Cryptography,Cryptography,Vulnerability Scanner,Certified Ethical Hacker (CEH) - Foundation|CompTIA Security+,Network Administrator,CYSEC,Theory-focused
S01533,Pooja Das,Male,20,AIML,5,6.64,71.4,45,Algorithms|C|DBMS|Data Structures|Frontend Development|Hardware Design|Java|JavaScript|Networking|SQL|Software Testing|Statistics|Web Development,C|Java|JavaScript,Machine Learning,Machine Learning,,,Data Scientist,AIML,Project-based
S01534,Ananya Singh,Male,19,CSBS,3,8.25,89.8,16,Algorithms|C|Data Structures|Hardware Design|Python,C|Python,Data,Data,Market Trend Predictor,PMP Foundation,Product Manager (Tech),CSBS,Project-based
S01535,Vivek Bose,Male,21,CYSEC,7,6.91,73.9,64,Business Analytics|C|Cryptography|DBMS|Data Structures|Embedded Systems|Ethical Hacking|Frontend Development|Java|JavaScript|Networking|Operating Systems|Python|SQL|Software Engineering|Software Testing|Statistics|Web Development,C|Java|JavaScript|Python,Cryptography,Cryptography,Secure File Sharing System|Vulnerability Scanner|Phishing Detection Tool,,Cybersecurity Analyst,CYSEC,Project-based
S01536,Aravind Raman,Female,21,CSE,6,5.11,62.1,55,C|DBMS|Data Structures|Frontend Development|Hardware Design|Java|JavaScript|Networking|Operating Systems|Python|SQL|Software Engineering|Statistics|Web Development,C|Java|JavaScript|Python,Programming,Programming,,DSA Specialization,Backend Developer,CSE,Hands-on Labs
S01537,Swathi Kumar,Male,21,AIDS,6,6.38,70.5,66,C|Data Analytics|Embedded Systems|Frontend Development|Java|JavaScript|Machine Learning|Networking|Python|SQL|Software Testing|Web Development,C|Java|JavaScript|Python,Machine Learning,Machine Learning,ETL Pipeline for Retail Data|Sales Forecasting Dashboard,,Machine Learning Engineer,AIDS,Project-based
S01538,Shreya Bose,Female,20,CSE,4,6.62,71.2,34,Algorithms|DBMS|Data Structures|Frontend Development|Hardware Design|Java|Python|SQL|Software Engineering|Statistics,Java|Python,Algorithms,Algorithms,Compiler Mini-Project|E-commerce Web App,DSA Specialization,Backend Developer,CSE,Theory-focused
S01539,Vikram Sharma,Male,21,AIDS,7,5.51,63.9,78,Algorithms|Business Analytics|C|Cloud Computing|DBMS|Data Analytics|Data Engineering|Data Structures|Embedded Systems|Hardware Design|IoT|JavaScript|Machine Learning|Networking|Python|SQL|Software Engineering|Software Testing|Statistics|Web Development,C|JavaScript|Python,Data Science,Data Science,ETL Pipeline for Retail Data|Customer Segmentation Analysis|Sales Forecasting Dashboard,,NLP Engineer,IOT,Mentor-guided
S01540,Harish Raman,Female,20,IOT,6,8.68,95.1,60,Algorithms|Business Analytics|C|Data Structures|Embedded Systems|Frontend Development|Hardware Design|JavaScript|Networking|Operating Systems|Python|SQL|Software Testing|Statistics|Web Development,C|JavaScript|Python,IoT,IoT,Weather Monitoring IoT Node|Smart Home Automation|Wearable Health Tracker,IoT Fundamentals (Cisco),Embedded Systems Engineer,IOT,Theory-focused
S01541,Pooja Kumar,Female,20,IOT,5,6.35,70.2,46,Algorithms|C|DBMS|Data Structures|Hardware Design|Java|JavaScript|Operating Systems|SQL|Software Engineering|Software Testing|Statistics|Web Development,C|Java|JavaScript,Data Science,Data Science,Smart Home Automation,,Robotics Engineer,IOT,Mentor-guided
S01542,Kiran Patel,Male,20,AIML,5,7.65,81.3,49,Algorithms|C|DBMS|Data Structures|Java|JavaScript|Networking|Operating Systems|Software Testing|Statistics|Web Development,C|Java|JavaScript,Machine Learning,Machine Learning,Chatbot using Transformers|Sentiment Analysis Tool|Image Classification Model,,Data Scientist,AIML,Hands-on Labs
S01543,Aditi Krishnan,Female,20,AIDS,6,6.56,70.5,64,Algorithms|C|Cyber Security|DBMS|Data Structures|Frontend Development|Hardware Design|Java|Machine Learning|Networking|Operating Systems|Python|SQL|Software Engineering|Software Testing|Statistics|Web Development,C|Java|Python,Data Science,Data Science,,,Business Systems Analyst,AIDS,Project-based
S01544,Meera Bose,Female,21,IT,8,4.88,61.5,80,Algorithms|C|Cloud Computing|DBMS|Data Analytics|Data Structures|Frontend Development|Hardware Design|IoT|Java|JavaScript|Machine Learning|Networking|Operating Systems|SQL|Software Engineering|Software Testing|Statistics|Web Development,C|Java|JavaScript,Web Systems,Web Systems,Enterprise CRM App|Cloud-hosted Inventory System,,Cloud Engineer,IT,Mentor-guided
S01545,Aravind Raman,Male,21,IT,8,7.71,82.5,68,Algorithms|Backend Development|Business Analytics|C|Cloud Computing|DBMS|Deep Learning|DevOps|Frontend Development|Hardware Design|Java|JavaScript|NLP|Networking|Python|SQL|Software Engineering|Software Testing|Statistics|Web Development,C|Java|JavaScript|Python,Cryptography,Cryptography,Enterprise CRM App|Cloud-hosted Inventory System,CompTIA Network+|AWS Cloud Practitioner,Systems Engineer,IT,Theory-focused
S01546,Ananya Bose,Male,20,CSE,6,8.48,90.4,62,Cloud Computing|Cyber Security|DBMS|DevOps|Frontend Development|JavaScript|Networking|Operating Systems|Python|SQL|Software Engineering|Software Testing|Statistics|Web Development,JavaScript|Python,Software Engineering,Software Engineering,Compiler Mini-Project|OS Scheduler Simulation|E-commerce Web App,Java Programming Certificate,Software Architect,CSE,Self-paced Online
S01547,Prakash Kumar,Female,21,IT,6,8.81,97.3,58,C|DBMS|Data Structures|Embedded Systems|Frontend Development|Hardware Design|Java|JavaScript|Networking|Python|Software Engineering|Software Testing|Statistics|Web Development,C|Java|JavaScript|Python,Databases,Databases,Cloud-hosted Inventory System|Enterprise CRM App|Network Monitoring Tool,,Network Administrator,IT,Self-paced Online
S01548,Prakash Bose,Male,20,AIML,5,5.5,63.8,46,Algorithms|C|Data Structures|Frontend Development|Hardware Design|Java|JavaScript|Networking|Operating Systems|SQL|Software Engineering|Software Testing|Statistics,C|Java|JavaScript,Deep Learning,Deep Learning,Sentiment Analysis Tool,,Computer Vision Engineer,AIML,Hands-on Labs
S01549,Aravind Chandran,Female,21,CSE,7,8.7,94.4,70,Algorithms|C|Cyber Security|DBMS|Data Structures|Distributed Systems|Frontend Development|JavaScript|Machine Learning|Networking|Operating Systems|Python|SQL|Software Engineering|Software Testing|Statistics,C|JavaScript|Python,Systems,Systems,,,Data Analyst,CSE,Theory-focused
S01550,Rahul Varma,Male,19,AIDS,4,6.32,69.8,34,C|DBMS|Data Structures|Hardware Design|Java|Python|Software Engineering|Statistics|Web Development,C|Java|Python,Statistics,Statistics,ETL Pipeline for Retail Data,,Data Scientist,AIDS,Self-paced Online
S01551,Suresh Rao,Female,20,AIDS,4,4.0,53.6,31,Algorithms|C|DBMS|Data Structures|Hardware Design|Java|Python|SQL|Software Engineering|Statistics,C|Java|Python,Cryptography,Cryptography,,,Business Intelligence Analyst,IT,Project-based
S01552,Deepa Patel,Female,19,CYSEC,3,6.91,72.4,23,Algorithms|C|Data Structures|Hardware Design|Python|Statistics,C|Python,Networking,Networking,Phishing Detection Tool|Secure File Sharing System|Vulnerability Scanner,,SOC Analyst,CYSEC,Self-paced Online
S01553,Vivek Patel,Female,19,AIDS,4,8.8,95.9,30,Algorithms|Data Structures|Frontend Development|Hardware Design|Java|Python|Statistics|Web Development,Java|Python,IoT,IoT,Sales Forecasting Dashboard|ETL Pipeline for Retail Data|Customer Segmentation Analysis,IBM Data Science Certificate|Google Data Analytics Certificate,Machine Learning Engineer,AIDS,Theory-focused
S01554,Divya Chandran,Male,19,AIDS,3,7.61,80.3,23,C|Data Structures|Hardware Design|Python|Statistics,C|Python,Management,Management,Sales Forecasting Dashboard|Customer Segmentation Analysis,IBM Data Science Certificate,DevOps Engineer,CSBS,Self-paced Online
S01555,Naveen Chandran,Male,20,IOT,5,5.64,63.2,45,Algorithms|C|DBMS|Data Structures|Java|Operating Systems|Python|SQL|Software Testing|Statistics,C|Java|Python,Deep Learning,Deep Learning,Smart Home Automation|Weather Monitoring IoT Node,IoT Fundamentals (Cisco),Firmware Engineer,IOT,Project-based
S01556,Karthik Verma,Male,20,AIDS,5,8.14,87.2,49,Algorithms|C|DBMS|Data Structures|Frontend Development|Hardware Design|Java|JavaScript|Networking|Operating Systems|Python|SQL|Software Testing|Statistics|Web Development,C|Java|JavaScript|Python,Statistics,Statistics,Customer Segmentation Analysis,,Machine Learning Engineer,AIDS,Hands-on Labs
S01557,Suresh Raman,Male,19,CSE,3,6.48,70.7,23,Algorithms|C|Hardware Design|Python|Statistics,C|Python,Data Science,Data Science,OS Scheduler Simulation|Compiler Mini-Project,,Database Administrator,CSE,Self-paced Online
S01558,Vivek Nair,Female,20,CSE,5,7.61,79.9,46,Algorithms|C|DBMS|Data Structures|Frontend Development|Hardware Design|Java|JavaScript|Networking|Operating Systems|SQL|Software Engineering|Software Testing|Statistics,C|Java|JavaScript,Systems,Systems,Compiler Mini-Project,DSA Specialization,NLP Engineer,CSE,Self-paced Online
S01559,Sneha Verma,Male,20,CYSEC,3,4.79,61.5,19,Algorithms|C|Data Structures|Hardware Design|Python,C|Python,Software,Software,Phishing Detection Tool,,Network Administrator,CYSEC,Theory-focused
S01560,Suresh Bose,Male,19,CSE,3,6.95,74.1,19,Algorithms|C|Data Structures|Hardware Design|Python|Statistics,C|Python,Algorithms,Algorithms,Compiler Mini-Project|OS Scheduler Simulation,DSA Specialization,Software Architect,CSE,Project-based
S01561,Prakash Nair,Male,19,CYSEC,3,6.3,73.4,23,Algorithms|Data Structures|Hardware Design|Python,Python,Security,Security,Vulnerability Scanner,,Penetration Tester,CYSEC,Hands-on Labs
S01562,Kavya Singh,Male,19,CYSEC,4,6.42,69.8,31,Algorithms|C|DBMS|Hardware Design|Python|SQL|Software Engineering,C|Python,Software Engineering,Software Engineering,Vulnerability Scanner|Secure File Sharing System|Phishing Detection Tool,Certified Ethical Hacker (CEH) - Foundation,Cybersecurity Analyst,CYSEC,Hands-on Labs
S01563,Divya Nair,Male,19,AIDS,3,9.0,98.0,23,Algorithms|C|Data Structures|Python|Statistics,C|Python,Networking,Networking,,Google Data Analytics Certificate|IBM Data Science Certificate,Firmware Engineer,AIDS,Theory-focused
S01564,Shreya Mehta,Male,19,IT,4,5.88,66.4,34,Algorithms|C|DBMS|Hardware Design|Java|JavaScript|Python|SQL|Software Engineering|Web Development,C|Java|JavaScript|Python,Networking,Networking,Enterprise CRM App,,IT Consultant,IT,Self-paced Online
S01565,Pooja Patel,Female,19,AIML,3,6.0,67.0,23,Algorithms|C|Data Structures|Hardware Design|Python|Statistics,C|Python,Machine Learning,Machine Learning,Chatbot using Transformers|Sentiment Analysis Tool,Deep Learning Specialization,Data Scientist,AIML,Mentor-guided
S01566,Rohan Nair,Male,21,CYSEC,8,6.36,70.0,73,Algorithms|Cryptography|Cyber Security|DBMS|Data Structures|Deep Learning|Frontend Development|Hardware Design|IoT|Java|JavaScript|Machine Learning|Networking|Python|Software Engineering|Software Testing|Statistics|Web Development,Java|JavaScript|Python,Cryptography,Cryptography,Secure File Sharing System|Vulnerability Scanner,,Security Architect,CYSEC,Mentor-guided
S01567,Ritu Raman,Male,21,IOT,8,8.55,93.7,73,Algorithms|Backend Development|C|Cyber Security|DBMS|Data Structures|Deep Learning|Embedded Systems|Ethical Hacking|Frontend Development|Hardware Design|IoT|Java|JavaScript|Machine Learning|Networking|Operating Systems|Python|SQL|Software Engineering|Statistics,C|Java|JavaScript|Python,Hardware,Hardware,Wearable Health Tracker|Weather Monitoring IoT Node|Smart Home Automation,,Embedded Systems Engineer,IOT,Self-paced Online
S01568,Lakshmi Raman,Female,21,AIML,6,8.09,86.4,54,Algorithms|C|DBMS|Data Structures|Embedded Systems|Frontend Development|Java|JavaScript|Operating Systems|Python|SQL|Software Engineering|Software Testing|Statistics|Web Development,C|Java|JavaScript|Python,Data,Data,Image Classification Model,,AI Research Engineer,AIML,Self-paced Online
S01569,Karthik Rao,Male,21,AIDS,5,6.06,67.5,49,Algorithms|C|DBMS|Data Structures|Frontend Development|Hardware Design|Java|Networking|Python|SQL|Software Engineering|Software Testing|Statistics|Web Development,C|Java|Python,Data Science,Data Science,Customer Segmentation Analysis|Sales Forecasting Dashboard,Google Data Analytics Certificate,Data Analyst,AIDS,Theory-focused
S01570,Kavya Das,Male,21,AIML,8,7.95,84.2,81,Algorithms|C|Cloud Computing|Computer Vision|Cryptography|Data Engineering|Data Structures|Deep Learning|Frontend Development|Hardware Design|IoT|Java|JavaScript|Machine Learning|NLP|Networking|Operating Systems|SQL|Software Engineering|Software Testing|Statistics|Web Development,C|Java|JavaScript,Deep Learning,Deep Learning,Image Classification Model|Chatbot using Transformers|Sentiment Analysis Tool,Deep Learning Specialization,AI Research Engineer,AIML,Hands-on Labs
S01571,Gokul Raman,Male,21,CSE,5,7.18,76.6,49,Algorithms|C|DBMS|Frontend Development|Hardware Design|Java|Python|SQL|Software Testing|Statistics|Web Development,C|Java|Python,Databases,Databases,E-commerce Web App,,Software Engineer,CSE,Self-paced Online
S01572,Deepa Varma,Female,20,AIDS,4,8.24,89.0,34,Algorithms|C|Data Structures|Frontend Development|Java|JavaScript|Python|SQL|Statistics|Web Development,C|Java|JavaScript|Python,Machine Learning,Machine Learning,Sales Forecasting Dashboard|Customer Segmentation Analysis,IBM Data Science Certificate|Google Data Analytics Certificate,Data Analyst,AIDS,Self-paced Online
S01573,Aravind Das,Male,21,AIML,7,7.66,83.0,58,Algorithms|C|DBMS|Data Structures|Deep Learning|Frontend Development|Machine Learning|Python|SQL|Software Engineering|Software Testing|Statistics|Web Development,C|Python,Deep Learning,Deep Learning,Image Classification Model|Chatbot using Transformers,,Robotics Engineer,AIML,Project-based
S01574,Ananya Rao,Male,19,CSE,3,9.0,99.7,23,C|Data Structures|Hardware Design|Python|Statistics,C|Python,Programming,Programming,Compiler Mini-Project,DSA Specialization,Database Administrator,CSE,Self-paced Online
S01575,Ritu Kumar,Male,19,IOT,4,6.03,66.4,30,Algorithms|C|DBMS|Frontend Development|Hardware Design|Java|JavaScript|Python|SQL|Software Engineering|Statistics|Web Development,C|Java|JavaScript|Python,Networking,Networking,Wearable Health Tracker,,Security Architect,IOT,Hands-on Labs
S01576,Karthik Menon,Female,21,IT,8,7.48,80.4,71,Algorithms|Backend Development|C|Cloud Computing|Cyber Security|DBMS|Data Structures|Deep Learning|DevOps|Ethical Hacking|Frontend Development|Hardware Design|Java|JavaScript|NLP|Operating Systems|Python|SQL|Software Engineering|Software Testing|Statistics|Web Development,C|Java|JavaScript|Python,Databases,Databases,Enterprise CRM App|Network Monitoring Tool|Cloud-hosted Inventory System,,Systems Administrator,IT,Self-paced Online
S01577,Vikram Subramaniam,Male,19,IT,3,8.48,90.1,23,Algorithms|C|Hardware Design|Python|Statistics,C|Python,Cloud,Cloud,Network Monitoring Tool,,Software Engineer,IT,Theory-focused
S01578,Divya Subramaniam,Female,22,AIML,8,6.71,73.5,76,Algorithms|C|Cloud Computing|Computer Vision|DBMS|Data Engineering|Data Structures|Deep Learning|DevOps|Embedded Systems|Frontend Development|Hardware Design|Java|JavaScript|NLP|Networking|Operating Systems|Python|SQL|Software Engineering|Software Testing|Web Development,C|Java|JavaScript|Python,Business Analytics,Business Analytics,Image Classification Model|Sentiment Analysis Tool,Deep Learning Specialization,Data Scientist,AIML,Theory-focused
S01579,Meera Sharma,Male,21,IT,8,5.48,63.2,85,Backend Development|C|Cyber Security|DBMS|Data Engineering|Data Structures|Deep Learning|DevOps|Frontend Development|Java|JavaScript|NLP|Operating Systems|Python|SQL|Software Testing|Statistics|Web Development,C|Java|JavaScript|Python,Networking,Networking,Enterprise CRM App,AWS Cloud Practitioner,Cloud Engineer,CSE,Project-based
S01580,Divya Chandran,Female,20,AIML,3,7.2,78.9,20,Algorithms|C|Data Structures|Hardware Design|Python|Statistics,C|Python,Deep Learning,Deep Learning,Sentiment Analysis Tool|Image Classification Model,Deep Learning Specialization|TensorFlow Developer Certificate,NLP Engineer,AIML,Hands-on Labs
S01581,Rohan Subramaniam,Male,22,CSBS,7,5.0,61.3,65,Business Analytics|C|DBMS|Data Analytics|Frontend Development|Hardware Design|Java|JavaScript|Machine Learning|Networking|Python|Software Testing|Web Development,C|Java|JavaScript|Python,Data Engineering,Data Engineering,Market Trend Predictor|ERP Dashboard for SMEs,,Product Manager (Tech),CSBS,Theory-focused
S01582,Shreya Rao,Female,21,CSE,7,8.09,85.0,64,Business Analytics|C|Cloud Computing|DBMS|Data Analytics|Data Structures|Frontend Development|Java|JavaScript|Operating Systems|Python|Software Engineering|Software Testing|Statistics|Web Development,C|Java|JavaScript|Python,Networking,Networking,Compiler Mini-Project|E-commerce Web App|OS Scheduler Simulation,,Database Administrator,CSE,Theory-focused
S01583,Arjun Singh,Female,20,AIDS,4,6.24,69.5,34,C|DBMS|Data Structures|Frontend Development|Hardware Design|JavaScript|SQL|Software Engineering|Statistics|Web Development,C|JavaScript,Data Engineering,Data Engineering,Customer Segmentation Analysis|Sales Forecasting Dashboard|ETL Pipeline for Retail Data,Google Data Analytics Certificate,Data Scientist,AIDS,Mentor-guided
S01584,Ritu Sharma,Female,21,AIML,5,7.1,75.0,49,Algorithms|C|Frontend Development|Hardware Design|JavaScript|Operating Systems|Python|SQL|Software Engineering|Software Testing|Statistics,C|JavaScript|Python,AI,AI,Chatbot using Transformers|Sentiment Analysis Tool|Image Classification Model,,Data Engineer,AIML,Theory-focused
S01585,Pooja Chandran,Male,21,CSE,8,6.24,68.1,79,Algorithms|C|Computer Vision|DBMS|Data Analytics|Data Structures|Deep Learning|DevOps|Distributed Systems|Embedded Systems|Frontend Development|Java|JavaScript|Networking|Operating Systems|Python|SQL|Software Engineering|Software Testing|Statistics,C|Java|JavaScript|Python,Systems,Systems,Compiler Mini-Project|E-commerce Web App,DSA Specialization,Database Administrator,CSE,Mentor-guided
S01586,Pooja Gupta,Female,21,CSE,7,6.05,69.1,63,Algorithms|Distributed Systems|Embedded Systems|Hardware Design|Java|Networking|Operating Systems|Python|SQL|Software Engineering|Software Testing|Statistics|Web Development,Java|Python,Programming,Programming,OS Scheduler Simulation|Compiler Mini-Project|E-commerce Web App,,NLP Engineer,CSE,Theory-focused
S01587,Manoj Sharma,Female,20,AIDS,5,8.57,93.3,46,Algorithms|C|Data Structures|Hardware Design|Java|Networking|Operating Systems|Python|SQL|Software Engineering|Software Testing|Statistics,C|Java|Python,Hardware,Hardware,Customer Segmentation Analysis,,Data Engineer,AIDS,Mentor-guided
S01588,Anjali Subramaniam,Male,19,CSBS,3,7.04,74.8,23,Algorithms|C|Data Structures|Hardware Design|Python|Statistics,C|Python,Data,Data,Business Analytics Report Tool,Google Business Analytics Certificate,Software Architect,CSBS,Self-paced Online
S01589,Nisha Iyer,Male,22,AIDS,8,8.11,87.4,85,Algorithms|Business Analytics|C|Computer Vision|Cyber Security|DBMS|Data Engineering|Data Structures|Deep Learning|Hardware Design|IoT|JavaScript|Networking|Operating Systems|SQL|Software Engineering|Software Testing|Statistics|Web Development,C|JavaScript,Machine Learning,Machine Learning,Sales Forecasting Dashboard|Customer Segmentation Analysis,,Data Engineer,AIDS,Project-based
S01590,Shreya Singh,Male,22,CSE,8,6.17,68.1,66,Algorithms|C|Cloud Computing|DBMS|Data Structures|Deep Learning|DevOps|Distributed Systems|Frontend Development|Java|JavaScript|NLP|Networking|Operating Systems|Python|SQL|Software Engineering|Statistics|Web Development,C|Java|JavaScript|Python,Programming,Programming,E-commerce Web App|OS Scheduler Simulation,,Systems Engineer,CSE,Self-paced Online
S01591,Sanjay Pillai,Male,21,CYSEC,8,5.32,62.8,68,Algorithms|Business Analytics|C|Cryptography|Cyber Security|DBMS|Data Analytics|Data Structures|Embedded Systems|Frontend Development|Java|JavaScript|Networking|Operating Systems|Python|SQL|Software Engineering|Software Testing|Statistics|Web Development,C|Java|JavaScript|Python,Networking,Networking,Secure File Sharing System|Phishing Detection Tool,CompTIA Security+,Penetration Tester,CYSEC,Mentor-guided
S01592,Vikram Subramaniam,Female,19,IOT,4,8.59,93.5,34,C|DBMS|Data Structures|Frontend Development|Hardware Design|Java|JavaScript|Python|Software Engineering|Web Development,C|Java|JavaScript|Python,Hardware,Hardware,Weather Monitoring IoT Node|Wearable Health Tracker,,Robotics Engineer,IOT,Project-based
S01593,Kavya Patel,Male,20,AIML,6,7.9,84.0,50,Algorithms|C|DBMS|Frontend Development|Hardware Design|Machine Learning|Networking|Operating Systems|Python|SQL|Software Engineering|Statistics|Web Development,C|Python,Statistics,Statistics,Image Classification Model,Deep Learning Specialization,AI Research Engineer,AIML,Self-paced Online
S01594,Deepa Gupta,Female,20,CYSEC,3,6.35,69.1,23,Algorithms|C|Data Structures|Hardware Design|Python|Statistics,C|Python,Security,Security,Vulnerability Scanner,,SOC Analyst,CYSEC,Mentor-guided
S01595,Rohan Subramaniam,Male,19,AIML,4,8.82,94.3,34,DBMS|Data Structures|Frontend Development|Java|JavaScript|Python|SQL|Software Engineering|Statistics,Java|JavaScript|Python,Machine Learning,Machine Learning,Image Classification Model|Chatbot using Transformers,TensorFlow Developer Certificate,Robotics Engineer,AIML,Project-based
S01596,Nisha Chandran,Female,19,IOT,4,8.42,88.7,31,C|DBMS|Data Structures|Frontend Development|Java|JavaScript|Python|SQL|Software Engineering|Statistics|Web Development,C|Java|JavaScript|Python,Hardware,Hardware,Smart Home Automation|Wearable Health Tracker,,IoT Solutions Engineer,IOT,Self-paced Online
S01597,Vivek Chandran,Male,20,CYSEC,5,6.59,72.5,46,Algorithms|C|Data Structures|Frontend Development|Hardware Design|Java|JavaScript|Networking|Operating Systems|Python|Software Engineering|Statistics|Web Development,C|Java|JavaScript|Python,Hardware,Hardware,,CompTIA Security+|Certified Ethical Hacker (CEH) - Foundation,Robotics Engineer,CYSEC,Self-paced Online
S01598,Prakash Pillai,Male,19,IOT,3,6.96,75.6,23,Algorithms|C|Data Structures|Hardware Design|Python|Statistics,C|Python,Data Science,Data Science,Weather Monitoring IoT Node|Smart Home Automation|Wearable Health Tracker,Embedded Systems Certificate,Embedded Systems Engineer,IOT,Project-based
S01599,Gokul Nair,Male,21,AIML,7,8.75,93.7,77,Algorithms|Business Analytics|C|Cloud Computing|DBMS|Data Analytics|Data Structures|Deep Learning|Embedded Systems|Frontend Development|Hardware Design|JavaScript|Machine Learning|Operating Systems|Software Testing|Web Development,C|JavaScript,Systems,Systems,Image Classification Model,TensorFlow Developer Certificate|Deep Learning Specialization,Robotics Engineer,AIML,Hands-on Labs
S01600,Arjun Mehta,Male,22,AIDS,7,4.0,55.0,63,Business Analytics|C|DBMS|Data Analytics|Data Engineering|Data Structures|Frontend Development|IoT|JavaScript|Machine Learning|Networking|Operating Systems|Python|Software Testing|Statistics|Web Development,C|JavaScript|Python,Statistics,Statistics,Sales Forecasting Dashboard|ETL Pipeline for Retail Data|Customer Segmentation Analysis,,Data Engineer,AIDS,Project-based
S01601,Naveen Subramaniam,Female,19,AIML,3,6.83,72.5,23,C|Data Structures|Python|Statistics,C|Python,Machine Learning,Machine Learning,Sentiment Analysis Tool|Image Classification Model,,NLP Engineer,AIDS,Hands-on Labs
S01602,Vikram Iyer,Female,20,CSE,4,3.59,54.5,34,Algorithms|C|Data Structures|Hardware Design|Java|JavaScript|Python|SQL|Software Engineering|Statistics|Web Development|IoT,C|Java|JavaScript|Python,Software Engineering,Software Engineering,Compiler Mini-Project|E-commerce Web App,DSA Specialization,SOC Analyst,CSE,Theory-focused
S01603,Aditi Raman,Male,19,AIML,3,8.52,91.5,23,Algorithms|C|Data Structures|Hardware Design|Statistics,C,AI,AI,Sentiment Analysis Tool|Image Classification Model|Chatbot using Transformers,,AI Research Engineer,AIML,Hands-on Labs
S01604,Pooja Das,Female,20,CSE,6,7.03,75.7,62,Algorithms|C|DBMS|Data Analytics|Embedded Systems|Frontend Development|Hardware Design|Java|Machine Learning|Networking|Operating Systems|Python|Software Engineering|Statistics,C|Java|Python,Programming,Programming,OS Scheduler Simulation|Compiler Mini-Project,,Software Engineer,CSE,Mentor-guided
S01605,Harish Kumar,Female,20,IT,4,6.65,72.1,34,DBMS|Data Structures|Frontend Development|Java|JavaScript|SQL|Software Engineering|Statistics|Web Development,Java|JavaScript,Web Systems,Web Systems,Cloud-hosted Inventory System,,Database Administrator,IT,Project-based
S01606,Ananya Verma,Female,19,AIDS,3,9.0,98.6,23,Algorithms|C|Hardware Design|Python|Statistics,C|Python,Machine Learning,Machine Learning,ETL Pipeline for Retail Data|Customer Segmentation Analysis|Sales Forecasting Dashboard,,Data Analyst,AIDS,Self-paced Online
S01607,Sanjay Subramaniam,Female,20,IT,6,7.12,74.3,52,Algorithms|C|Cloud Computing|DBMS|Data Structures|Hardware Design|Java|JavaScript|Networking|Operating Systems|Python|SQL|Software Engineering|Software Testing|Statistics|Web Development,C|Java|JavaScript|Python,Databases,Databases,Cloud-hosted Inventory System|Enterprise CRM App,AWS Cloud Practitioner,Software Engineer,AIDS,Hands-on Labs
S01608,Manoj Kumar,Male,21,IOT,5,7.04,75.7,45,Algorithms|DBMS|Data Structures|Frontend Development|JavaScript|Networking|Python|SQL|Software Engineering|Software Testing|Statistics|Web Development,JavaScript|Python,Networking,Networking,,Embedded Systems Certificate,Firmware Engineer,IOT,Mentor-guided
S01609,Priya Raman,Male,22,AIDS,8,7.49,80.3,85,Algorithms|C|Cloud Computing|Cyber Security|Data Analytics|Data Engineering|DevOps|Frontend Development|Hardware Design|Java|JavaScript|Networking|Operating Systems|Python|SQL|Software Engineering|Software Testing|Statistics|Web Development,C|Java|JavaScript|Python,Machine Learning,Machine Learning,ETL Pipeline for Retail Data,IBM Data Science Certificate,NLP Engineer,AIDS,Project-based
S01610,Vikram Nair,Male,21,CYSEC,8,8.64,93.1,72,Algorithms|Business Analytics|C|Cryptography|Cyber Security|DBMS|Data Analytics|Data Structures|Frontend Development|Hardware Design|Java|Python|SQL|Software Engineering|Software Testing|Statistics|Web Development,C|Java|Python,Cryptography,Cryptography,,Certified Ethical Hacker (CEH) - Foundation,Penetration Tester,CYSEC,Project-based
S01611,Rahul Sharma,Male,21,AIDS,5,7.41,80.0,49,C|DBMS|Data Structures|Frontend Development|Hardware Design|Java|Networking|Python|SQL|Software Engineering|Statistics|Web Development|Deep Learning,C|Java|Python,Security,Security,Customer Segmentation Analysis|ETL Pipeline for Retail Data,Google Data Analytics Certificate,Data Analyst,AIDS,Project-based
S01612,Kiran Verma,Male,19,IT,3,6.96,76.2,23,Algorithms|C|Data Structures|Hardware Design|Statistics,C,Databases,Databases,Network Monitoring Tool,,Systems Administrator,IT,Project-based
S01613,Prakash Reddy,Female,20,CSBS,5,7.37,77.6,49,DBMS|Data Structures|Frontend Development|Hardware Design|Java|JavaScript|Networking|Operating Systems|Python|SQL|Software Engineering|Software Testing|Statistics|Web Development,Java|JavaScript|Python,Business Analytics,Business Analytics,Market Trend Predictor|ERP Dashboard for SMEs|Business Analytics Report Tool,,Data Analyst,CSBS,Mentor-guided
S01614,Sanjay Gupta,Male,21,AIML,8,5.59,65.5,91,Algorithms|Business Analytics|C|Computer Vision|Cyber Security|DBMS|Data Structures|Deep Learning|DevOps|Distributed Systems|Frontend Development|Hardware Design|IoT|Java|JavaScript|Machine Learning|NLP|Networking|Operating Systems|Python|SQL|Software Engineering|Statistics|Web Development,C|Java|JavaScript|Python,Databases,Databases,Sentiment Analysis Tool,,AI Research Engineer,AIML,Hands-on Labs
S01615,Suresh Raman,Male,22,CSE,7,5.77,67.3,73,Algorithms|Business Analytics|C|Cloud Computing|Data Structures|Deep Learning|Distributed Systems|Frontend Development|Hardware Design|Java|JavaScript|Networking|Operating Systems|SQL|Software Engineering|Software Testing|Statistics|Web Development,C|Java|JavaScript,Programming,Programming,Compiler Mini-Project|OS Scheduler Simulation|E-commerce Web App,,Software Engineer,CSE,Mentor-guided
S01616,Naveen Verma,Male,20,IOT,5,7.51,78.8,43,Algorithms|C|DBMS|Data Structures|Frontend Development|Hardware Design|Java|JavaScript|Networking|Operating Systems|SQL|Software Engineering|Software Testing|Statistics|Web Development,C|Java|JavaScript,Hardware,Hardware,,IoT Fundamentals (Cisco),Embedded Systems Engineer,IOT,Self-paced Online
S01617,Kavya Krishnan,Female,20,AIML,5,6.43,69.7,49,Algorithms|Frontend Development|Hardware Design|Java|JavaScript|Networking|Operating Systems|SQL|Statistics|Web Development,Java|JavaScript,Algorithms,Algorithms,Image Classification Model|Sentiment Analysis Tool|Chatbot using Transformers,TensorFlow Developer Certificate,Computer Vision Engineer,AIML,Self-paced Online
S01618,Shreya Chandran,Female,19,CSE,3,7.65,81.5,23,Algorithms|C|Data Structures|Hardware Design|Python,C|Python,Systems,Systems,OS Scheduler Simulation,DSA Specialization,Systems Engineer,CSE,Self-paced Online
S01619,Anjali Singh,Male,21,AIML,7,3.74,54.0,62,Backend Development|Business Analytics|C|Cloud Computing|Cyber Security|DBMS|Data Analytics|Data Engineering|Data Structures|Deep Learning|Ethical Hacking|Frontend Development|Machine Learning|Networking|Operating Systems|Python|SQL|Software Testing|Statistics,C|Python,AI,AI,,,IT Consultant,AIML,Mentor-guided
S01620,Aravind Nair,Male,19,CSE,4,7.29,78.2,31,Algorithms|C|DBMS|Data Structures|Hardware Design|Java|JavaScript|SQL|Statistics|Web Development|Computer Vision,C|Java|JavaScript,Networking,Networking,E-commerce Web App|Compiler Mini-Project,,Cloud Engineer,CSE,Self-paced Online
S01621,Gokul Patel,Male,20,IOT,4,6.82,75.1,34,Algorithms|C|DBMS|Data Structures|Frontend Development|Hardware Design|Java|JavaScript|Python|Software Engineering|Statistics|Web Development,C|Java|JavaScript|Python,Networking,Networking,Smart Home Automation|Wearable Health Tracker|Weather Monitoring IoT Node,IoT Fundamentals (Cisco),Embedded Systems Engineer,IOT,Theory-focused
S01622,Sanjay Bose,Female,22,CSE,8,7.27,77.6,74,Algorithms|Business Analytics|Cloud Computing|Computer Vision|Cyber Security|DBMS|Data Analytics|Data Structures|Deep Learning|DevOps|Distributed Systems|Frontend Development|Java|JavaScript|Software Engineering|Software Testing|Statistics|Web Development|Ethical Hacking,Java|JavaScript,Software Engineering,Software Engineering,,Java Programming Certificate,DevOps Engineer,CSE,Self-paced Online
S01623,Ananya Raman,Male,21,AIDS,6,7.35,79.8,60,Business Analytics|C|DBMS|Data Analytics|Data Structures|Frontend Development|Hardware Design|Java|JavaScript|Networking|Operating Systems|Python|SQL|Software Engineering|Software Testing|Statistics|Web Development,C|Java|JavaScript|Python,Hardware,Hardware,Customer Segmentation Analysis|Sales Forecasting Dashboard,IBM Data Science Certificate,Business Systems Analyst,AIDS,Hands-on Labs
S01624,Lakshmi Bose,Male,19,AIML,3,6.9,75.0,20,C|Data Structures|Hardware Design|Python|Statistics|DBMS,C|Python,AI,AI,Image Classification Model|Chatbot using Transformers,,Computer Vision Engineer,AIML,Theory-focused
S01625,Naveen Raman,Male,19,CSE,3,5.78,67.1,23,Algorithms|Hardware Design|Python,Python,Software Engineering,Software Engineering,,,Software Engineer,CSE,Hands-on Labs
S01626,Manoj Pillai,Female,20,AIDS,6,7.67,82.2,49,Algorithms|C|DBMS|Data Analytics|Data Structures|Frontend Development|Java|JavaScript|Operating Systems|SQL|Software Engineering|Statistics,C|Java|JavaScript,Data Engineering,Data Engineering,Customer Segmentation Analysis,IBM Data Science Certificate,Data Analyst,AIDS,Project-based
S01627,Lakshmi Raman,Female,20,AIDS,3,7.95,84.4,20,Algorithms|C|Data Structures|Hardware Design|Statistics|Java,C|Java,Data Science,Data Science,Customer Segmentation Analysis,Google Data Analytics Certificate,Data Scientist,AIDS,Mentor-guided
S01628,Manoj Verma,Female,20,AIDS,5,7.43,79.1,46,Algorithms|C|DBMS|Data Structures|Frontend Development|Hardware Design|Java|Networking|Software Testing|Statistics|Web Development,C|Java,Deep Learning,Deep Learning,Customer Segmentation Analysis|Sales Forecasting Dashboard|ETL Pipeline for Retail Data,Google Data Analytics Certificate|IBM Data Science Certificate,Data Analyst,AIDS,Hands-on Labs
S01629,Naveen Das,Female,20,AIDS,4,8.65,91.9,34,C|DBMS|Data Structures|Frontend Development|Hardware Design|Java|JavaScript|Python|Software Engineering|Statistics|Web Development,C|Java|JavaScript|Python,Statistics,Statistics,Sales Forecasting Dashboard|Customer Segmentation Analysis|ETL Pipeline for Retail Data,Google Data Analytics Certificate|IBM Data Science Certificate,Machine Learning Engineer,AIDS,Self-paced Online
S01630,Shreya Raman,Female,21,CSBS,8,4.74,58.6,88,Algorithms|Business Analytics|C|Cloud Computing|Cyber Security|DBMS|Data Engineering|Data Structures|DevOps|Ethical Hacking|Frontend Development|Hardware Design|Java|JavaScript|Machine Learning|Networking|Operating Systems|Python|Software Engineering|Software Testing|Statistics|Web Development,C|Java|JavaScript|Python,Algorithms,Algorithms,Market Trend Predictor|ERP Dashboard for SMEs,PMP Foundation|Google Business Analytics Certificate,Business Intelligence Analyst,CSBS,Theory-focused
S01631,Suresh Menon,Male,21,AIDS,5,7.74,82.3,46,Algorithms|DBMS|Data Structures|Frontend Development|Hardware Design|Java|JavaScript|Networking|Operating Systems|Python|SQL|Software Engineering|Software Testing|Web Development,Java|JavaScript|Python,Data,Data,Customer Segmentation Analysis|Sales Forecasting Dashboard,IBM Data Science Certificate|Google Data Analytics Certificate,Data Engineer,AIDS,Project-based
S01632,Aditi Subramaniam,Male,19,AIML,4,5.5,64.8,34,Algorithms|C|Data Structures|Frontend Development|Hardware Design|Java|JavaScript|Python|Software Engineering|Statistics,C|Java|JavaScript|Python,Deep Learning,Deep Learning,,TensorFlow Developer Certificate,Machine Learning Engineer,AIML,Theory-focused
S01633,Gokul Menon,Male,22,AIML,8,6.76,74.4,82,Business Analytics|C|Cloud Computing|Computer Vision|DBMS|Data Engineering|Deep Learning|Embedded Systems|Frontend Development|Hardware Design|IoT|Java|JavaScript|NLP|Networking|Operating Systems|Python|SQL|Software Engineering|Statistics|Web Development,C|Java|JavaScript|Python,Statistics,Statistics,Image Classification Model|Chatbot using Transformers|Sentiment Analysis Tool,TensorFlow Developer Certificate,Robotics Engineer,AIML,Theory-focused
S01634,Arjun Pillai,Female,19,CSE,3,6.35,69.2,23,Algorithms|C|Hardware Design|Python|Statistics,C|Python,Software Engineering,Software Engineering,OS Scheduler Simulation,Java Programming Certificate,Systems Engineer,CSE,Hands-on Labs
S01635,Harish Menon,Female,21,AIDS,5,5.69,65.8,45,Algorithms|C|DBMS|Hardware Design|Java|JavaScript|Networking|Operating Systems|Python|SQL|Software Engineering|Statistics,C|Java|JavaScript|Python,Data Science,Data Science,ETL Pipeline for Retail Data|Customer Segmentation Analysis,IBM Data Science Certificate,Data Analyst,CSBS,Hands-on Labs
S01636,Ananya Krishnan,Male,20,CSE,4,5.53,63.9,30,Algorithms|C|DBMS|Data Structures|Frontend Development|Hardware Design|Java|JavaScript|Python|SQL|Networking,C|Java|JavaScript|Python,Algorithms,Algorithms,E-commerce Web App|OS Scheduler Simulation,DSA Specialization,IoT Solutions Engineer,CSE,Self-paced Online
S01637,Suresh Krishnan,Female,21,IOT,8,7.77,82.4,78,Algorithms|Business Analytics|C|Cloud Computing|Cyber Security|DBMS|Data Structures|Embedded Systems|Frontend Development|IoT|Java|JavaScript|Networking|Python|SQL|Software Engineering|Statistics,C|Java|JavaScript|Python,Hardware,Hardware,Wearable Health Tracker|Weather Monitoring IoT Node|Smart Home Automation,,Embedded Systems Engineer,IOT,Self-paced Online
S01638,Rohan Pillai,Female,19,CSBS,3,4.57,58.8,23,Algorithms|C|Data Structures|Hardware Design|Python|Statistics,C|Python,Software,Software,ERP Dashboard for SMEs,PMP Foundation,IT Consultant,CYSEC,Hands-on Labs
S01639,Naveen Verma,Female,21,CYSEC,8,7.21,76.6,72,Algorithms|Business Analytics|C|Cloud Computing|Cryptography|Cyber Security|DBMS|Data Structures|DevOps|Frontend Development|Hardware Design|Java|JavaScript|Networking|Operating Systems|Python|SQL|Software Engineering|Software Testing|Statistics|Web Development,C|Java|JavaScript|Python,IoT,IoT,Vulnerability Scanner,CompTIA Security+,Security Architect,CYSEC,Self-paced Online
S01640,Ananya Pillai,Male,19,CSE,4,7.88,83.3,34,Algorithms|C|DBMS|Data Structures|Frontend Development|Java|JavaScript|Python|SQL|Statistics|Web Development,C|Java|JavaScript|Python,Algorithms,Algorithms,OS Scheduler Simulation|Compiler Mini-Project|E-commerce Web App,,Database Administrator,CSE,Self-paced Online
S01641,Aravind Das,Female,21,AIDS,6,7.33,79.9,57,Algorithms|C|DBMS|Data Analytics|Data Structures|Frontend Development|Hardware Design|Java|JavaScript|Machine Learning|Networking|Operating Systems|Python|SQL|Software Engineering|Software Testing|Statistics|Web Development|Cyber Security,C|Java|JavaScript|Python,Statistics,Statistics,ETL Pipeline for Retail Data,Google Data Analytics Certificate|IBM Data Science Certificate,Business Intelligence Analyst,AIDS,Theory-focused
S01642,Sneha Das,Male,20,AIDS,4,3.52,53.3,31,Algorithms|C|DBMS|Data Structures|Java|Python|Software Engineering|Statistics,C|Java|Python,Hardware,Hardware,Customer Segmentation Analysis,,Data Scientist,AIDS,Hands-on Labs
S01643,Pooja Singh,Male,22,CSE,8,7.11,76.1,80,Algorithms|Business Analytics|Cloud Computing|DBMS|Data Analytics|Data Structures|DevOps|Hardware Design|Java|JavaScript|Networking|Operating Systems|Python|SQL|Software Engineering|Software Testing|Statistics,Java|JavaScript|Python,Algorithms,Algorithms,E-commerce Web App|Compiler Mini-Project|OS Scheduler Simulation,Java Programming Certificate|DSA Specialization,IoT Solutions Engineer,CSE,Project-based
S01644,Harish Mehta,Female,19,IT,4,8.24,89.0,34,Algorithms|C|Data Structures|Frontend Development|Java|JavaScript|Python|SQL|Software Engineering|Statistics|Web Development,C|Java|JavaScript|Python,Networking,Networking,Network Monitoring Tool,,IT Consultant,IT,Hands-on Labs
S01645,Suresh Verma,Male,21,AIDS,6,7.49,79.4,61,Algorithms|DBMS|Data Analytics|Data Structures|Frontend Development|Java|JavaScript|Python|SQL|Software Testing|Statistics|Web Development,Java|JavaScript|Python,Machine Learning,Machine Learning,ETL Pipeline for Retail Data|Customer Segmentation Analysis|Sales Forecasting Dashboard,,Machine Learning Engineer,AIDS,Mentor-guided
S01646,Vivek Kumar,Female,20,IT,4,7.03,76.3,34,C|DBMS|Frontend Development|Hardware Design|Java|JavaScript|Python|Statistics,C|Java|JavaScript|Python,Cloud,Cloud,Cloud-hosted Inventory System|Enterprise CRM App,,Machine Learning Engineer,IT,Mentor-guided
S01647,Kiran Pillai,Male,20,CYSEC,3,3.91,54.8,23,Algorithms|Data Structures|Hardware Design|Python|Statistics,Python,Hardware,Hardware,Phishing Detection Tool,Certified Ethical Hacker (CEH) - Foundation,Security Architect,CYSEC,Hands-on Labs
S01648,Sneha Patel,Female,21,AIDS,7,4.93,62.0,74,Algorithms|Backend Development|Business Analytics|C|Cloud Computing|Data Analytics|Data Engineering|Data Structures|Distributed Systems|Hardware Design|Java|JavaScript|Machine Learning|Networking|Operating Systems|Python|SQL|Software Engineering|Software Testing|Statistics,C|Java|JavaScript|Python,Data Engineering,Data Engineering,Sales Forecasting Dashboard,,Machine Learning Engineer,AIDS,Self-paced Online
S01649,Meera Singh,Male,21,AIDS,7,3.63,53.2,68,Algorithms|Business Analytics|C|Cloud Computing|Data Analytics|Data Engineering|Data Structures|Frontend Development|Hardware Design|Java|JavaScript|Networking|Python|Software Engineering|Software Testing|Web Development,C|Java|JavaScript|Python,Networking,Networking,Customer Segmentation Analysis|Sales Forecasting Dashboard,IBM Data Science Certificate,Data Analyst,AIDS,Mentor-guided
S01650,Manoj Chandran,Male,20,CYSEC,4,8.03,85.2,34,Algorithms|C|DBMS|Hardware Design|Java|JavaScript|Python|SQL|Software Engineering|Web Development|Business Analytics,C|Java|JavaScript|Python,Networking,Networking,,CompTIA Security+,Security Architect,CYSEC,Hands-on Labs
S01651,Rohan Krishnan,Male,21,AIML,5,7.41,79.5,46,Algorithms|C|Data Structures|Frontend Development|Java|JavaScript|Networking|Python|SQL|Software Testing|Statistics,C|Java|JavaScript|Python,Statistics,Statistics,,,AI Research Engineer,CSE,Hands-on Labs
S01652,Arjun Patel,Female,22,AIDS,8,8.92,97.0,73,Algorithms|C|Cloud Computing|DBMS|Data Analytics|Data Engineering|Data Structures|Frontend Development|Hardware Design|Java|JavaScript|Machine Learning|Networking|Operating Systems|Python|SQL|Software Engineering|Software Testing|Statistics|Web Development,C|Java|JavaScript|Python,IoT,IoT,Sales Forecasting Dashboard|Customer Segmentation Analysis,,Machine Learning Engineer,CYSEC,Hands-on Labs
S01653,Aravind Rao,Female,21,IT,8,7.07,77.4,71,Algorithms|Backend Development|Business Analytics|C|Cloud Computing|Data Analytics|DevOps|Frontend Development|Hardware Design|JavaScript|Networking|Operating Systems|SQL|Statistics,C|JavaScript,Networking,Networking,Cloud-hosted Inventory System|Network Monitoring Tool,CompTIA Network+|AWS Cloud Practitioner,Network Administrator,IT,Project-based
S01654,Anjali Krishnan,Female,20,CSBS,6,4.88,61.6,64,Algorithms|Business Analytics|Cyber Security|DBMS|Data Analytics|Data Structures|Frontend Development|Hardware Design|Java|JavaScript|Machine Learning|Networking|Operating Systems|Python|SQL|Software Engineering|Software Testing|Statistics|Web Development,Java|JavaScript|Python,Statistics,Statistics,Business Analytics Report Tool|Market Trend Predictor,PMP Foundation,IT Consultant,CSBS,Theory-focused
S01655,Suresh Gupta,Male,20,IT,4,7.21,76.7,34,C|DBMS|Frontend Development|Java|JavaScript|Python|SQL|Software Engineering|Statistics|Web Development,C|Java|JavaScript|Python,Databases,Databases,Network Monitoring Tool|Cloud-hosted Inventory System,AWS Cloud Practitioner|CompTIA Network+,Cloud Engineer,IT,Hands-on Labs
S01656,Harish Sharma,Male,21,AIML,8,5.29,62.5,77,Algorithms|C|Cloud Computing|Computer Vision|Cyber Security|DBMS|Data Analytics|Data Engineering|Data Structures|Frontend Development|Hardware Design|Java|Machine Learning|NLP|Networking|Operating Systems|Python|Software Engineering|Software Testing|Statistics|Web Development,C|Java|Python,Management,Management,Sentiment Analysis Tool,TensorFlow Developer Certificate,Computer Vision Engineer,AIML,Mentor-guided
S01657,Pooja Bose,Male,21,AIML,8,7.65,81.9,69,Algorithms|Business Analytics|C|Cloud Computing|Computer Vision|Data Analytics|Data Engineering|Data Structures|Deep Learning|Hardware Design|Machine Learning|NLP|Networking|Operating Systems|SQL|Software Testing|Statistics|Web Development,C,AI,AI,Image Classification Model,,Software Engineer,IOT,Mentor-guided
S01658,Shreya Bose,Male,20,IOT,5,7.2,75.8,49,Algorithms|Data Structures|Java|JavaScript|Networking|Operating Systems|SQL|Software Engineering|Statistics|Web Development,Java|JavaScript,IoT,IoT,Weather Monitoring IoT Node|Smart Home Automation,IoT Fundamentals (Cisco)|Embedded Systems Certificate,Robotics Engineer,IOT,Theory-focused
S01659,Divya Das,Male,20,AIML,5,5.24,62.3,49,DBMS|Data Structures|Frontend Development|Hardware Design|Java|JavaScript|Networking|Operating Systems|Python|SQL|Software Engineering|Software Testing|Web Development,Java|JavaScript|Python,Security,Security,Image Classification Model|Sentiment Analysis Tool,,Machine Learning Engineer,AIML,Mentor-guided
S01660,Sneha Iyer,Female,19,CYSEC,3,7.83,84.8,23,Algorithms|C|Data Structures|Python|Statistics,C|Python,Networking,Networking,Vulnerability Scanner|Secure File Sharing System|Phishing Detection Tool,,Network Administrator,CYSEC,Theory-focused
S01661,Naveen Sharma,Male,19,CSE,4,5.38,62.1,34,Algorithms|C|DBMS|Data Structures|Frontend Development|Hardware Design|Java|JavaScript|Python|SQL|Software Engineering|Statistics,C|Java|JavaScript|Python,Systems,Systems,OS Scheduler Simulation|Compiler Mini-Project,,Cloud Engineer,CSE,Theory-focused
S01662,Swathi Bose,Female,19,AIDS,4,5.68,62.5,34,Algorithms|DBMS|Data Structures|Java|JavaScript|Python|SQL|Software Engineering|Statistics,Java|JavaScript|Python,Management,Management,ETL Pipeline for Retail Data|Sales Forecasting Dashboard|Customer Segmentation Analysis,IBM Data Science Certificate,Data Engineer,AIDS,Project-based
S01663,Suresh Sharma,Male,19,CSE,4,6.88,74.8,34,Algorithms|Data Structures|Hardware Design|Java|JavaScript|Python|SQL|Software Engineering|Statistics|Web Development,Java|JavaScript|Python,Systems,Systems,Compiler Mini-Project|E-commerce Web App|OS Scheduler Simulation,Java Programming Certificate,Software Architect,CSE,Theory-focused
S01664,Pooja Sharma,Male,20,AIDS,5,7.61,81.1,49,Algorithms|C|DBMS|Data Structures|Frontend Development|Java|JavaScript|Operating Systems|Python|Software Testing|Statistics|Web Development,C|Java|JavaScript|Python,Data Science,Data Science,,,Systems Administrator,AIDS,Self-paced Online
S01665,Ritu Krishnan,Male,20,IOT,4,8.53,90.6,34,Algorithms|C|Data Structures|Frontend Development|Hardware Design|Java|JavaScript|Python|SQL|Software Engineering|Statistics|Web Development,C|Java|JavaScript|Python,IoT,IoT,Weather Monitoring IoT Node|Wearable Health Tracker,,AI Research Engineer,IOT,Hands-on Labs
S01666,Ritu Krishnan,Male,20,IT,3,8.26,87.9,23,Algorithms|Data Structures|Python|Statistics,Python,Networking,Networking,Cloud-hosted Inventory System,,Backend Developer,IT,Self-paced Online
S01667,Ananya Menon,Male,19,IT,3,8.57,93.0,23,C|Data Structures|Hardware Design|Python|Statistics,C|Python,Statistics,Statistics,Cloud-hosted Inventory System|Enterprise CRM App,CompTIA Network+,DevOps Engineer,IT,Mentor-guided
S01668,Vivek Pillai,Female,21,CSE,7,7.61,81.0,61,Algorithms|C|Cyber Security|DBMS|Data Structures|Embedded Systems|Frontend Development|Hardware Design|Java|JavaScript|Networking|Operating Systems|SQL|Statistics|Web Development,C|Java|JavaScript,Deep Learning,Deep Learning,,DSA Specialization,Backend Developer,CSE,Project-based
S01669,Rohan Patel,Female,22,CSE,7,4.02,54.8,65,Algorithms|C|Cyber Security|Data Structures|Embedded Systems|Ethical Hacking|Frontend Development|Hardware Design|JavaScript|Networking|Python|SQL|Software Engineering|Software Testing|Statistics|Web Development,C|JavaScript|Python,Programming,Programming,E-commerce Web App|OS Scheduler Simulation,Java Programming Certificate|DSA Specialization,Backend Developer,CSE,Hands-on Labs
S01670,Priya Iyer,Male,21,CSE,8,6.83,73.1,71,Algorithms|C|Cloud Computing|Cyber Security|DBMS|Data Structures|DevOps|Distributed Systems|Java|JavaScript|Networking|Operating Systems|Python|SQL|Software Engineering|Software Testing|Statistics|Web Development|NLP,C|Java|JavaScript|Python,Software Engineering,Software Engineering,Compiler Mini-Project|E-commerce Web App,,Software Engineer,AIML,Theory-focused
S01671,Vivek Bose,Male,20,CSE,3,8.52,89.8,23,Algorithms|Data Structures|Hardware Design|Python|Statistics,Python,Software Engineering,Software Engineering,OS Scheduler Simulation|E-commerce Web App,,Penetration Tester,CSBS,Hands-on Labs
S01672,Vivek Varma,Male,19,AIDS,3,3.65,55.3,23,Algorithms|C|Data Structures|Hardware Design|Python|Statistics|Machine Learning,C|Python,Software,Software,ETL Pipeline for Retail Data|Sales Forecasting Dashboard|Customer Segmentation Analysis,,Business Intelligence Analyst,AIDS,Hands-on Labs
S01673,Sneha Krishnan,Female,19,AIML,4,7.35,76.4,34,Algorithms|DBMS|Data Structures|Frontend Development|Hardware Design|Java|JavaScript|Python|SQL|Software Engineering|Statistics,Java|JavaScript|Python,Statistics,Statistics,Image Classification Model,Deep Learning Specialization|TensorFlow Developer Certificate,Machine Learning Engineer,AIML,Hands-on Labs
S01674,Kavya Krishnan,Male,19,IT,3,4.09,55.7,23,Algorithms|C|Data Structures|Hardware Design|Python|Statistics,C|Python,Statistics,Statistics,Cloud-hosted Inventory System,,Database Administrator,IT,Self-paced Online
S01675,Pooja Sharma,Female,20,AIML,4,6.62,70.1,34,Algorithms|C|Data Structures|Frontend Development|Hardware Design|JavaScript|Python|SQL|Software Engineering|Web Development,C|JavaScript|Python,AI,AI,Sentiment Analysis Tool,Deep Learning Specialization,Systems Engineer,CSE,Project-based
S01676,Aravind Sharma,Male,19,CSE,4,7.76,83.2,34,C|DBMS|Data Structures|Frontend Development|Hardware Design|Java|JavaScript|Python|SQL|Software Engineering|Statistics|Web Development,C|Java|JavaScript|Python,Systems,Systems,E-commerce Web App,Java Programming Certificate,Systems Engineer,CSE,Hands-on Labs
S01677,Arjun Reddy,Male,20,AIML,5,7.83,81.9,46,Algorithms|C|DBMS|Data Structures|Frontend Development|Java|JavaScript|Networking|Operating Systems|SQL|Software Engineering|Software Testing|Web Development,C|Java|JavaScript,Cloud,Cloud,Chatbot using Transformers,TensorFlow Developer Certificate,Data Analyst,AIML,Project-based
S01678,Vikram Raman,Female,19,CYSEC,4,7.71,81.9,34,Algorithms|DBMS|Hardware Design|Java|JavaScript|Python|Software Engineering|Statistics,Java|JavaScript|Python,Systems,Systems,,Certified Ethical Hacker (CEH) - Foundation|CompTIA Security+,SOC Analyst,CYSEC,Mentor-guided
S01679,Rahul Krishnan,Female,20,IT,4,7.82,83.5,28,C|Data Structures|Hardware Design|Java|Python|SQL|Software Engineering,C|Java|Python,Cloud,Cloud,Enterprise CRM App|Cloud-hosted Inventory System,AWS Cloud Practitioner,Software Engineer,IT,Hands-on Labs
S01680,Swathi Singh,Female,19,CSE,4,7.0,74.6,34,Algorithms|C|DBMS|Frontend Development|Hardware Design|JavaScript|Python|Software Engineering|Statistics|Web Development|Machine Learning,C|JavaScript|Python,Programming,Programming,E-commerce Web App,DSA Specialization,Systems Engineer,CSE,Hands-on Labs
S01681,Lakshmi Nair,Male,20,AIML,6,5.31,64.5,52,Algorithms|C|DBMS|Data Structures|Hardware Design|Java|Networking|Operating Systems|Python|SQL|Software Engineering|Statistics|Web Development,C|Java|Python,AI,AI,Chatbot using Transformers|Sentiment Analysis Tool,,NLP Engineer,IOT,Mentor-guided
S01682,Pooja Iyer,Male,20,CYSEC,4,8.47,89.7,34,Algorithms|DBMS|Data Structures|JavaScript|Python|SQL|Software Engineering|Statistics,JavaScript|Python,Data Science,Data Science,,CompTIA Security+,Security Architect,CSE,Theory-focused
S01683,Kiran Subramaniam,Female,21,AIDS,7,7.82,83.9,78,Algorithms|Backend Development|Cloud Computing|DBMS|Data Analytics|Data Engineering|Data Structures|DevOps|Frontend Development|Hardware Design|JavaScript|Machine Learning|Networking|Operating Systems|Python|SQL|Software Engineering|Software Testing|Statistics|Web Development,JavaScript|Python,Statistics,Statistics,Customer Segmentation Analysis,,Data Engineer,AIDS,Theory-focused
S01684,Karthik Nair,Female,21,IT,8,4.74,59.5,73,Algorithms|C|Cloud Computing|Computer Vision|DBMS|Data Engineering|Deep Learning|DevOps|Embedded Systems|Frontend Development|Hardware Design|IoT|Java|JavaScript|Networking|Python|Statistics,C|Java|JavaScript|Python,Web Systems,Web Systems,Cloud-hosted Inventory System|Network Monitoring Tool,CompTIA Network+,IoT Solutions Engineer,IT,Hands-on Labs
S01685,Meera Gupta,Female,21,CSE,7,3.83,54.6,58,Algorithms|C|Cloud Computing|Data Engineering|Data Structures|DevOps|Frontend Development|Hardware Design|IoT|JavaScript|Networking|SQL|Software Engineering|Software Testing|Statistics|Web Development,C|JavaScript,Programming,Programming,OS Scheduler Simulation,DSA Specialization,Backend Developer,CSE,Self-paced Online
S01686,Pooja Das,Female,19,AIDS,4,7.71,84.0,31,Algorithms|DBMS|Data Structures|Frontend Development|Hardware Design|JavaScript|SQL|Software Engineering|Statistics|Web Development,JavaScript,Machine Learning,Machine Learning,ETL Pipeline for Retail Data|Customer Segmentation Analysis,,Business Intelligence Analyst,AIDS,Theory-focused
S01687,Aravind Iyer,Male,21,IT,8,8.82,95.9,73,Algorithms|Backend Development|Business Analytics|C|Cloud Computing|Data Structures|DevOps|Hardware Design|JavaScript|Networking|Operating Systems|Python|SQL|Software Engineering|Software Testing|Web Development,C|JavaScript|Python,Cloud,Cloud,,,Network Administrator,IT,Theory-focused
S01688,Pooja Gupta,Female,19,AIDS,3,8.57,93.0,23,C|Data Structures|Hardware Design|Python,C|Python,Statistics,Statistics,ETL Pipeline for Retail Data,Google Data Analytics Certificate,Business Intelligence Analyst,AIDS,Project-based
S01689,Manoj Verma,Female,20,AIML,5,5.37,64.0,49,Algorithms|C|DBMS|Data Structures|Frontend Development|Hardware Design|Java|JavaScript|Networking|Operating Systems|Python|SQL|Software Engineering|Software Testing|Statistics|Web Development,C|Java|JavaScript|Python,AI,AI,,TensorFlow Developer Certificate,Machine Learning Engineer,AIML,Hands-on Labs
S01690,Rohan Chandran,Male,20,AIDS,4,6.8,72.2,30,Algorithms|C|DBMS|Data Structures|Frontend Development|Hardware Design|Java|JavaScript|Python|Software Engineering|Statistics|Web Development,C|Java|JavaScript|Python,Data Engineering,Data Engineering,Customer Segmentation Analysis,,Data Analyst,AIDS,Mentor-guided
S01691,Vivek Reddy,Male,20,AIML,5,7.98,84.3,45,C|DBMS|Data Structures|Frontend Development|Hardware Design|Networking|Operating Systems|Python|Software Engineering|Software Testing|Statistics|Web Development,C|Python,Machine Learning,Machine Learning,Chatbot using Transformers|Image Classification Model,Deep Learning Specialization,NLP Engineer,AIML,Theory-focused
S01692,Pooja Chandran,Female,22,CSE,7,7.52,81.2,75,Algorithms|Business Analytics|C|Cloud Computing|Cyber Security|DBMS|Data Structures|DevOps|Distributed Systems|Embedded Systems|Frontend Development|Hardware Design|IoT|Java|JavaScript|Operating Systems|SQL|Software Engineering|Software Testing|Statistics|Web Development|Cryptography,C|Java|JavaScript,Algorithms,Algorithms,E-commerce Web App,Java Programming Certificate,Backend Developer,AIML,Hands-on Labs
S01693,Manoj Rao,Female,21,CYSEC,7,7.12,76.8,65,Algorithms|C|DBMS|Data Structures|Ethical Hacking|Java|JavaScript|Networking|Operating Systems|Python|SQL|Software Testing|Statistics|Web Development,C|Java|JavaScript|Python,Management,Management,Secure File Sharing System,,NLP Engineer,CYSEC,Self-paced Online
S01694,Meera Reddy,Male,20,CYSEC,5,5.35,62.6,49,Algorithms|C|DBMS|Data Structures|Frontend Development|Hardware Design|JavaScript|Networking|Operating Systems|Python|SQL|Software Engineering|Statistics|Web Development,C|JavaScript|Python,Security,Security,Secure File Sharing System,Certified Ethical Hacker (CEH) - Foundation|CompTIA Security+,Network Administrator,CYSEC,Hands-on Labs
S01695,Anjali Verma,Female,20,IT,5,6.53,72.2,49,C|DBMS|Data Structures|Frontend Development|Hardware Design|JavaScript|Networking|Operating Systems|Python|SQL|Software Engineering|Software Testing|Statistics,C|JavaScript|Python,Networking,Networking,Cloud-hosted Inventory System|Enterprise CRM App|Network Monitoring Tool,CompTIA Network+,DevOps Engineer,IT,Project-based
S01696,Lakshmi Pillai,Female,19,IT,3,7.43,78.9,23,Algorithms|Hardware Design|Python|Statistics,Python,Web Systems,Web Systems,Cloud-hosted Inventory System|Network Monitoring Tool,,Software Engineer,AIML,Self-paced Online
S01697,Kiran Reddy,Male,19,AIDS,4,5.26,61.9,34,Algorithms|C|DBMS|Frontend Development|JavaScript|SQL|Statistics|Web Development,C|JavaScript,Web Systems,Web Systems,Sales Forecasting Dashboard,,Machine Learning Engineer,AIDS,Hands-on Labs
S01698,Lakshmi Raman,Female,21,IT,7,6.82,73.9,79,Algorithms|Backend Development|C|Cloud Computing|DBMS|Data Structures|Frontend Development|Hardware Design|IoT|Java|JavaScript|Machine Learning|Networking|Operating Systems|SQL|Software Engineering|Software Testing|Statistics|Web Development,C|Java|JavaScript,Software,Software,Network Monitoring Tool|Enterprise CRM App,,Security Architect,IT,Self-paced Online
S01699,Vivek Iyer,Female,19,CSE,3,2.0,46.7,10,C|Data Structures|Statistics,C,Software Engineering,Software Engineering,,,Software Architect,CSE,Project-based
S01700,Suresh Chandran,Female,20,CSE,6,8.93,97.9,58,Algorithms|Business Analytics|DBMS|Data Structures|Hardware Design|JavaScript|Machine Learning|Operating Systems|Python|SQL|Software Testing|Statistics|Web Development,JavaScript|Python,Systems,Systems,,,DevOps Engineer,CSE,Self-paced Online
S01701,Rohan Raman,Male,22,CSBS,7,5.73,65.8,67,Algorithms|Business Analytics|C|DBMS|Data Analytics|Frontend Development|IoT|Java|JavaScript|Machine Learning|Networking|Operating Systems|Python|SQL|Software Engineering|Software Testing|Statistics|Web Development,C|Java|JavaScript|Python,Data,Data,Market Trend Predictor,Google Business Analytics Certificate|PMP Foundation,Data Analyst,IOT,Hands-on Labs
S01702,Aravind Sharma,Female,19,CSE,3,7.47,80.3,19,Algorithms|C|Hardware Design|Python|Statistics|Business Analytics,C|Python,Software Engineering,Software Engineering,E-commerce Web App|Compiler Mini-Project,DSA Specialization|Java Programming Certificate,Software Engineer,CSE,Theory-focused
S01703,Anjali Nair,Male,19,AIML,3,6.43,70.5,23,C|Data Structures|Hardware Design|Python,C|Python,Machine Learning,Machine Learning,Image Classification Model,TensorFlow Developer Certificate,NLP Engineer,AIML,Self-paced Online
S01704,Kiran Nair,Male,20,IOT,6,4.12,56.0,52,Algorithms|DBMS|Data Structures|Embedded Systems|Frontend Development|Hardware Design|Java|JavaScript|Networking|Operating Systems|Python|SQL|Software Engineering|Software Testing|Statistics|DevOps,Java|JavaScript|Python,IoT,IoT,Wearable Health Tracker|Smart Home Automation,,IoT Solutions Engineer,IOT,Hands-on Labs
S01705,Suresh Chandran,Female,21,CYSEC,6,7.38,78.0,63,Algorithms|Business Analytics|C|Cyber Security|DBMS|Data Structures|Frontend Development|Hardware Design|Java|JavaScript|Networking|Operating Systems|Python|SQL|Software Engineering|Software Testing|Statistics,C|Java|JavaScript|Python,Web Systems,Web Systems,Phishing Detection Tool|Vulnerability Scanner,,Security Architect,AIDS,Project-based
S01706,Ananya Pillai,Female,20,AIML,6,6.67,71.0,52,Algorithms|Cloud Computing|DBMS|Data Structures|DevOps|Frontend Development|Hardware Design|Java|JavaScript|Machine Learning|Networking|Operating Systems|SQL|Software Engineering|Statistics,Java|JavaScript,Hardware,Hardware,Sentiment Analysis Tool|Image Classification Model|Chatbot using Transformers,,IoT Solutions Engineer,AIML,Mentor-guided
S01707,Harish Krishnan,Female,22,AIML,8,4.67,60.1,79,Algorithms|C|DBMS|Data Analytics|Data Engineering|Deep Learning|Frontend Development|Hardware Design|IoT|Java|JavaScript|Machine Learning|Networking|Operating Systems|Python|SQL|Software Engineering|Software Testing|Statistics,C|Java|JavaScript|Python,Statistics,Statistics,Image Classification Model,,Cybersecurity Analyst,AIDS,Self-paced Online
S01708,Prakash Varma,Female,20,IOT,3,5.26,61.4,23,Algorithms|C|Data Structures|Hardware Design|Python,C|Python,Networking,Networking,Wearable Health Tracker,Embedded Systems Certificate,IoT Solutions Engineer,IOT,Theory-focused
S01709,Aditi Raman,Male,22,IT,7,7.58,81.0,72,Algorithms|Backend Development|Business Analytics|C|Cloud Computing|Data Structures|DevOps|Embedded Systems|Frontend Development|Hardware Design|Java|JavaScript|Machine Learning|Operating Systems|Python|Statistics|Web Development|Ethical Hacking,C|Java|JavaScript|Python,Networking,Networking,Enterprise CRM App,,DevOps Engineer,IT,Hands-on Labs
S01710,Gokul Krishnan,Female,19,IT,3,8.57,91.0,23,Algorithms|C|Data Structures|Hardware Design|Python|Statistics|Software Engineering,C|Python,Cloud,Cloud,Enterprise CRM App,,Robotics Engineer,IT,Project-based
S01711,Shreya Singh,Male,21,IT,8,6.79,73.1,73,Backend Development|C|Cyber Security|DBMS|Data Analytics|Frontend Development|JavaScript|Networking|Operating Systems|Python|SQL|Software Engineering|Software Testing|Statistics|Web Development,C|JavaScript|Python,Software,Software,Enterprise CRM App,,Machine Learning Engineer,IT,Self-paced Online
S01712,Swathi Singh,Male,19,CSE,4,7.94,84.8,31,Algorithms|Frontend Development|Hardware Design|Java|JavaScript|SQL|Software Engineering|Statistics|Web Development,Java|JavaScript,Programming,Programming,Compiler Mini-Project,,Database Administrator,CSE,Self-paced Online
S01713,Gokul Krishnan,Female,20,CYSEC,6,6.31,68.8,55,Business Analytics|Cryptography|DBMS|Data Structures|Frontend Development|Hardware Design|Java|JavaScript|Networking|SQL|Software Engineering|Software Testing|Statistics|Web Development,Java|JavaScript,Security,Security,Vulnerability Scanner,Certified Ethical Hacker (CEH) - Foundation,Penetration Tester,CSBS,Theory-focused
S01714,Sanjay Verma,Male,20,AIDS,5,6.84,73.3,49,Algorithms|C|DBMS|Frontend Development|Hardware Design|Java|JavaScript|Networking|Python|SQL|Software Engineering|Software Testing|Statistics,C|Java|JavaScript|Python,Networking,Networking,ETL Pipeline for Retail Data|Sales Forecasting Dashboard|Customer Segmentation Analysis,,Machine Learning Engineer,AIDS,Self-paced Online
S01715,Divya Chandran,Female,21,CSBS,6,7.14,77.9,63,Algorithms|Business Analytics|C|Data Analytics|Data Structures|Frontend Development|Hardware Design|Java|JavaScript|Machine Learning|Networking|Operating Systems|Python|SQL|Software Testing|Statistics|Web Development,C|Java|JavaScript|Python,Data,Data,,PMP Foundation,Product Manager (Tech),CSBS,Mentor-guided
S01716,Sanjay Singh,Female,21,CSE,8,3.35,52.5,68,Algorithms|C|DBMS|Data Structures|Distributed Systems|Hardware Design|Java|JavaScript|Machine Learning|Networking|Operating Systems|Python|SQL|Software Engineering|Software Testing|Statistics|Web Development,C|Java|JavaScript|Python,Algorithms,Algorithms,Compiler Mini-Project|E-commerce Web App,Java Programming Certificate|DSA Specialization,Software Architect,AIML,Self-paced Online
S01717,Vikram Das,Male,21,AIML,5,8.7,92.5,46,C|Hardware Design|JavaScript|Networking|Operating Systems|SQL|Software Engineering|Web Development,C|JavaScript,Deep Learning,Deep Learning,Image Classification Model|Sentiment Analysis Tool|Chatbot using Transformers,,Data Analyst,AIML,Project-based
S01718,Vivek Chandran,Male,20,IT,6,5.09,61.7,66,Cloud Computing|DBMS|Data Structures|Frontend Development|Hardware Design|Java|JavaScript|Machine Learning|Networking|Operating Systems|Python|SQL|Software Testing|Statistics|Web Development,Java|JavaScript|Python,Networking,Networking,Cloud-hosted Inventory System|Network Monitoring Tool|Enterprise CRM App,,Systems Engineer,IT,Project-based
S01719,Sneha Krishnan,Female,19,AIML,4,7.61,80.0,31,Algorithms|C|DBMS|Data Structures|Frontend Development|Java|JavaScript|Python|SQL|Software Engineering|Statistics|Web Development,C|Java|JavaScript|Python,Machine Learning,Machine Learning,Image Classification Model,,Machine Learning Engineer,AIML,Hands-on Labs
S01720,Aditi Reddy,Male,20,CSE,6,5.95,66.0,58,Algorithms|C|Cloud Computing|Data Structures|DevOps|Hardware Design|Java|JavaScript|Networking|Operating Systems|Python|SQL|Software Engineering|Statistics|Web Development,C|Java|JavaScript|Python,Systems,Systems,,Java Programming Certificate,DevOps Engineer,CSE,Theory-focused
S01721,Naveen Das,Male,21,CSBS,8,3.47,52.1,74,Algorithms|Business Analytics|Cyber Security|DBMS|Data Analytics|Data Structures|Embedded Systems|Ethical Hacking|Frontend Development|Hardware Design|Java|Machine Learning|Networking|Operating Systems|Python|SQL|Software Engineering|Statistics|Web Development,Java|Python,Business Analytics,Business Analytics,Market Trend Predictor|ERP Dashboard for SMEs,,Business Systems Analyst,CSBS,Hands-on Labs
S01722,Kavya Nair,Female,20,CSE,6,3.3,51.4,46,Algorithms|C|DBMS|Data Analytics|Data Structures|Embedded Systems|Frontend Development|Hardware Design|Java|JavaScript|Networking|Operating Systems|Python|SQL|Software Engineering|Statistics|Web Development,C|Java|JavaScript|Python,Programming,Programming,OS Scheduler Simulation|Compiler Mini-Project|E-commerce Web App,,Product Manager (Tech),CSE,Hands-on Labs
S01723,Shreya Raman,Female,19,CYSEC,4,8.68,91.6,34,Algorithms|DBMS|Hardware Design|Java|JavaScript|Python|Web Development,Java|JavaScript|Python,Software,Software,Phishing Detection Tool|Vulnerability Scanner|Secure File Sharing System,,Security Architect,IOT,Theory-focused
S01724,Vikram Subramaniam,Female,20,CSBS,4,6.94,73.8,34,Algorithms|C|DBMS|Data Structures|Frontend Development|Hardware Design|JavaScript|Python|SQL|Software Engineering|Statistics|Web Development,C|JavaScript|Python,Web Systems,Web Systems,ERP Dashboard for SMEs|Business Analytics Report Tool,,Business Intelligence Analyst,CSBS,Mentor-guided
S01725,Anjali Subramaniam,Female,20,AIDS,3,7.7,83.6,23,Algorithms|C|Data Structures|Statistics,C,Machine Learning,Machine Learning,Sales Forecasting Dashboard|Customer Segmentation Analysis,,Machine Learning Engineer,AIDS,Project-based
S01726,Karthik Gupta,Female,21,CSE,7,7.86,83.1,71,Algorithms|Backend Development|C|Cloud Computing|DBMS|DevOps|Distributed Systems|Frontend Development|Hardware Design|Machine Learning|Networking|Operating Systems|Python|SQL|Software Engineering|Software Testing|Statistics,C|Python,Programming,Programming,OS Scheduler Simulation,,Database Administrator,CSE,Hands-on Labs
S01727,Aditi Verma,Female,20,AIDS,4,6.44,70.2,34,Algorithms|C|DBMS|Frontend Development|Hardware Design|Java|JavaScript|Python|SQL|Software Engineering|Statistics|Web Development,C|Java|JavaScript|Python,Statistics,Statistics,,,Machine Learning Engineer,AIDS,Hands-on Labs
S01728,Karthik Bose,Female,21,CYSEC,6,7.24,77.5,67,Business Analytics|Cryptography|Cyber Security|Data Analytics|Data Structures|Frontend Development|Hardware Design|Java|Operating Systems|SQL|Software Engineering|Software Testing,Java,Systems,Systems,Vulnerability Scanner|Phishing Detection Tool,,Security Architect,CSE,Project-based
S01729,Prakash Singh,Female,19,CSE,3,8.13,88.1,23,C|Data Structures|Hardware Design|Python|Statistics,C|Python,AI,AI,E-commerce Web App,,Database Administrator,CSE,Self-paced Online
S01730,Arjun Verma,Female,19,CSE,3,7.87,83.0,23,C|Data Structures|Hardware Design|Statistics,C,Systems,Systems,Compiler Mini-Project|OS Scheduler Simulation,DSA Specialization|Java Programming Certificate,SOC Analyst,CSE,Mentor-guided
S01731,Rahul Iyer,Female,22,IT,7,5.01,60.5,69,Algorithms|Backend Development|Business Analytics|C|Cloud Computing|Cyber Security|DBMS|Data Structures|DevOps|Embedded Systems|Frontend Development|Hardware Design|Java|JavaScript|Networking|Operating Systems|Python|SQL|Software Engineering|Statistics|Web Development,C|Java|JavaScript|Python,Networking,Networking,Network Monitoring Tool|Cloud-hosted Inventory System|Enterprise CRM App,CompTIA Network+|AWS Cloud Practitioner,Cloud Engineer,IT,Hands-on Labs
S01732,Kavya Nair,Female,20,IT,4,5.6,63.7,30,Algorithms|Data Structures|Frontend Development|Hardware Design|Java|JavaScript|Python|SQL|Software Engineering|Web Development,Java|JavaScript|Python,Statistics,Statistics,Cloud-hosted Inventory System|Enterprise CRM App|Network Monitoring Tool,,Cloud Engineer,IT,Self-paced Online
S01733,Nisha Reddy,Female,21,CSE,7,8.66,91.6,64,Algorithms|Business Analytics|C|DBMS|Data Analytics|Data Structures|Distributed Systems|Hardware Design|Java|JavaScript|SQL|Software Engineering|Statistics|Web Development,C|Java|JavaScript,Algorithms,Algorithms,Compiler Mini-Project|E-commerce Web App|OS Scheduler Simulation,,Software Engineer,CSE,Hands-on Labs
S01734,Aravind Reddy,Male,20,CYSEC,6,8.8,95.1,60,Algorithms|C|Cryptography|Cyber Security|DBMS|Data Structures|Embedded Systems|JavaScript|Networking|Operating Systems|Python|SQL|Software Engineering|Software Testing|Web Development,C|JavaScript|Python,Security,Security,Vulnerability Scanner|Phishing Detection Tool,Certified Ethical Hacker (CEH) - Foundation,SOC Analyst,CYSEC,Theory-focused
S01735,Arjun Pillai,Female,20,CSE,4,8.09,86.2,34,Algorithms|DBMS|Data Structures|Frontend Development|Hardware Design|Java|Python|Statistics|Web Development,Java|Python,Systems,Systems,E-commerce Web App|Compiler Mini-Project|OS Scheduler Simulation,Java Programming Certificate,Cloud Engineer,CSE,Project-based
S01736,Pooja Bose,Male,20,IOT,6,7.72,82.2,61,Algorithms|C|DBMS|Frontend Development|Hardware Design|Java|JavaScript|Networking|Python|SQL|Software Engineering|Software Testing|Statistics,C|Java|JavaScript|Python,AI,AI,Weather Monitoring IoT Node,IoT Fundamentals (Cisco),Firmware Engineer,IOT,Hands-on Labs
S01737,Naveen Pillai,Female,20,CSE,3,7.87,82.5,23,Algorithms|C|Data Structures|Hardware Design|Python|Statistics,C|Python,Algorithms,Algorithms,Compiler Mini-Project|E-commerce Web App,,Software Architect,CSE,Theory-focused
S01738,Harish Krishnan,Female,21,IT,7,8.33,89.8,64,Algorithms|Backend Development|C|Cloud Computing|DBMS|DevOps|Frontend Development|Hardware Design|IoT|Java|JavaScript|Operating Systems|Python|SQL|Software Engineering|Software Testing|Statistics|Web Development,C|Java|JavaScript|Python,Web Systems,Web Systems,Cloud-hosted Inventory System|Network Monitoring Tool,,Systems Administrator,AIDS,Project-based
S01739,Arjun Raman,Female,21,IT,7,5.68,67.0,81,Algorithms|C|Cloud Computing|Cyber Security|DBMS|Data Analytics|Data Structures|Deep Learning|DevOps|Hardware Design|Java|Machine Learning|Networking|Operating Systems|Python|SQL|Software Engineering|Software Testing|Statistics|Web Development,C|Java|Python,Networking,Networking,Cloud-hosted Inventory System,CompTIA Network+,Robotics Engineer,IT,Project-based
S01740,Harish Verma,Female,20,IT,4,8.38,88.5,34,Algorithms|C|DBMS|Data Structures|Frontend Development|Java|JavaScript|Python|SQL|Statistics,C|Java|JavaScript|Python,Systems,Systems,Network Monitoring Tool|Cloud-hosted Inventory System,CompTIA Network+,Cloud Engineer,IT,Hands-on Labs
S01741,Deepa Das,Female,19,IOT,3,4.74,59.4,23,C|Hardware Design|Statistics,C,Hardware,Hardware,Smart Home Automation,IoT Fundamentals (Cisco)|Embedded Systems Certificate,Firmware Engineer,CSBS,Self-paced Online
S01742,Arjun Krishnan,Male,20,IT,3,7.83,85.8,23,Algorithms|C|Data Structures|Hardware Design|Python|Statistics,C|Python,Web Systems,Web Systems,Network Monitoring Tool|Enterprise CRM App|Cloud-hosted Inventory System,CompTIA Network+|AWS Cloud Practitioner,Cloud Engineer,IT,Project-based
S01743,Aravind Reddy,Male,20,AIML,5,8.0,83.8,49,Algorithms|C|DBMS|Data Structures|Frontend Development|Hardware Design|Java|JavaScript|Networking|Operating Systems|Python|SQL|Software Engineering|Software Testing|Statistics|Web Development,C|Java|JavaScript|Python,Statistics,Statistics,Sentiment Analysis Tool|Chatbot using Transformers|Image Classification Model,TensorFlow Developer Certificate,Software Architect,AIML,Mentor-guided
S01744,Kavya Patel,Male,22,AIDS,8,5.45,63.3,87,Backend Development|Business Analytics|C|Cloud Computing|Cryptography|DBMS|Data Engineering|Data Structures|Deep Learning|Frontend Development|Hardware Design|IoT|Java|JavaScript|Networking|Operating Systems|Python|SQL|Software Engineering|Software Testing|Statistics|Web Development,C|Java|JavaScript|Python,Machine Learning,Machine Learning,,Google Data Analytics Certificate,Database Administrator,AIDS,Self-paced Online
S01745,Manoj Patel,Female,20,CSE,6,6.03,69.0,59,C|Data Analytics|Data Structures|Frontend Development|Java|JavaScript|Networking|Operating Systems|Python|SQL|Software Engineering|Software Testing|Web Development,C|Java|JavaScript|Python,Systems,Systems,E-commerce Web App|Compiler Mini-Project,Java Programming Certificate,Software Architect,AIDS,Project-based
S01746,Aditi Iyer,Female,20,IT,6,6.75,72.3,59,Algorithms|Cloud Computing|DBMS|Data Structures|DevOps|Frontend Development|Hardware Design|Java|Networking|Python|SQL|Software Engineering|Statistics|Web Development|NLP,Java|Python,Databases,Databases,Network Monitoring Tool|Enterprise CRM App,AWS Cloud Practitioner|CompTIA Network+,Robotics Engineer,IT,Self-paced Online
S01747,Naveen Nair,Male,20,CYSEC,4,3.55,52.1,31,Algorithms|C|DBMS|Frontend Development|Hardware Design|Java|JavaScript|Python|SQL|Software Engineering|Statistics|Web Development,C|Java|JavaScript|Python,Systems,Systems,Phishing Detection Tool|Vulnerability Scanner,CompTIA Security+,SOC Analyst,CYSEC,Project-based
S01748,Harish Gupta,Female,19,IOT,4,5.47,63.0,34,C|DBMS|Data Structures|Frontend Development|Hardware Design|JavaScript|Python|SQL|Software Engineering|Statistics|Web Development,C|JavaScript|Python,Networking,Networking,Weather Monitoring IoT Node,,IoT Solutions Engineer,IOT,Project-based
S01749,Karthik Das,Female,20,AIML,4,4.0,56.1,31,C|DBMS|Data Structures|Frontend Development|Java|JavaScript|Software Engineering|Statistics|Web Development,C|Java|JavaScript,Data,Data,Image Classification Model,TensorFlow Developer Certificate,Machine Learning Engineer,AIML,Hands-on Labs
S01750,Gokul Sharma,Male,20,CSBS,4,7.38,79.0,34,C|Frontend Development|Hardware Design|Java|SQL|Software Engineering,C|Java,Business Analytics,Business Analytics,Market Trend Predictor|Business Analytics Report Tool,,IT Consultant,CYSEC,Hands-on Labs
S01751,Sneha Raman,Female,19,CSBS,3,8.17,88.4,23,Algorithms|C|Data Structures|Hardware Design,C,Business Analytics,Business Analytics,Business Analytics Report Tool|ERP Dashboard for SMEs,PMP Foundation,Business Systems Analyst,CSBS,Hands-on Labs
S01752,Ritu Mehta,Male,21,CSE,8,6.92,74.9,85,Algorithms|C|Cyber Security|DBMS|Data Structures|Distributed Systems|Embedded Systems|Frontend Development|Hardware Design|JavaScript|Machine Learning|Networking|Operating Systems|Python|SQL|Software Testing|Statistics,C|JavaScript|Python,Programming,Programming,Compiler Mini-Project,Java Programming Certificate|DSA Specialization,Systems Engineer,CSE,Theory-focused
S01753,Kiran Subramaniam,Female,21,AIDS,8,4.56,59.2,84,Backend Development|Business Analytics|Computer Vision|DBMS|Data Analytics|Data Engineering|Data Structures|Frontend Development|Hardware Design|Java|Machine Learning|Operating Systems|Python|SQL|Software Engineering|Software Testing|Statistics|C,C|Java|Python,Machine Learning,Machine Learning,Sales Forecasting Dashboard|ETL Pipeline for Retail Data,,Business Intelligence Analyst,AIDS,Self-paced Online
S01754,Lakshmi Varma,Male,19,CSE,4,8.26,88.3,34,Algorithms|C|DBMS|Frontend Development|Hardware Design|JavaScript|Python|SQL|Software Engineering|Web Development,C|JavaScript|Python,Programming,Programming,OS Scheduler Simulation|E-commerce Web App,Java Programming Certificate,Robotics Engineer,CSE,Theory-focused
S01755,Priya Iyer,Male,20,CSE,3,7.26,77.0,23,Algorithms|C|Hardware Design|Python|Statistics,C|Python,Programming,Programming,Compiler Mini-Project|E-commerce Web App,,Backend Developer,CSE,Mentor-guided
S01756,Pooja Chandran,Male,19,CYSEC,3,6.35,71.6,23,Algorithms|C|Data Structures|Hardware Design|Python|Statistics,C|Python,Cryptography,Cryptography,Vulnerability Scanner,CompTIA Security+,Security Architect,CYSEC,Project-based
S01757,Aravind Singh,Female,20,CSE,6,6.47,71.0,62,Algorithms|C|DBMS|Embedded Systems|Frontend Development|Java|Machine Learning|Networking|Operating Systems|Python|SQL|Software Engineering|Software Testing|Statistics|Web Development,C|Java|Python,Algorithms,Algorithms,Compiler Mini-Project|OS Scheduler Simulation,,Software Architect,CSE,Project-based
S01758,Kiran Chandran,Male,20,IT,5,8.2,87.3,49,Algorithms|DBMS|Data Structures|Frontend Development|Hardware Design|Java|Networking|Operating Systems|Python|SQL|Software Engineering|Software Testing|Statistics|Web Development,Java|Python,Networking,Networking,Enterprise CRM App,,Database Administrator,IT,Self-paced Online
S01759,Sneha Bose,Female,20,IT,6,4.61,58.7,61,Algorithms|C|Cloud Computing|Cyber Security|Data Structures|DevOps|Frontend Development|Hardware Design|Java|JavaScript|Networking|Operating Systems|SQL|Software Engineering|Software Testing|Statistics,C|Java|JavaScript,Web Systems,Web Systems,Enterprise CRM App,,DevOps Engineer,IT,Theory-focused
S01760,Suresh Subramaniam,Female,20,CSE,5,7.94,85.1,49,Algorithms|C|Frontend Development|Java|JavaScript|Networking|Operating Systems|Python|SQL|Software Engineering|Software Testing|Statistics|Web Development,C|Java|JavaScript|Python,Systems,Systems,,,Backend Developer,CSE,Project-based
S01761,Divya Bose,Female,21,CSBS,5,7.92,85.3,49,Algorithms|DBMS|Data Structures|Frontend Development|Hardware Design|JavaScript|Networking|Operating Systems|Python|SQL|Software Engineering|Software Testing|Statistics|Web Development,JavaScript|Python,Business Analytics,Business Analytics,Business Analytics Report Tool|Market Trend Predictor,,Product Manager (Tech),CSBS,Hands-on Labs
S01762,Prakash Singh,Male,21,IT,8,5.61,64.5,69,Algorithms|Backend Development|Business Analytics|DBMS|Data Structures|Hardware Design|Java|JavaScript|Machine Learning|Networking|Operating Systems|Python|SQL|Software Testing|Statistics|Web Development,Java|JavaScript|Python,Networking,Networking,Network Monitoring Tool|Cloud-hosted Inventory System,,Backend Developer,IT,Hands-on Labs
S01763,Manoj Patel,Female,20,IOT,6,7.9,84.7,59,Algorithms|Business Analytics|C|Data Structures|Embedded Systems|Hardware Design|Java|JavaScript|Networking|Operating Systems|Python|Software Engineering|Software Testing|Statistics|Web Development,C|Java|JavaScript|Python,Business Analytics,Business Analytics,,Embedded Systems Certificate,Cloud Engineer,IOT,Theory-focused
S01764,Priya Iyer,Female,21,CSE,7,5.94,66.8,66,Algorithms|C|DBMS|Data Analytics|Data Structures|DevOps|Frontend Development|Hardware Design|IoT|JavaScript|Operating Systems|Python|SQL|Software Engineering|Software Testing|Statistics|Web Development,C|JavaScript|Python,Systems,Systems,E-commerce Web App|OS Scheduler Simulation,,Cloud Engineer,CSE,Mentor-guided
S01765,Lakshmi Chandran,Female,20,CSBS,4,5.5,63.1,34,Algorithms|C|DBMS|Data Structures|Frontend Development|Java|JavaScript|Python|SQL|Software Engineering|Statistics|Web Development,C|Java|JavaScript|Python,Software,Software,Business Analytics Report Tool,,IT Consultant,CSBS,Hands-on Labs
S01766,Naveen Rao,Female,20,AIDS,4,9.0,97.7,34,Algorithms|C|DBMS|Data Structures|Hardware Design|Java|JavaScript|Python|SQL|Software Engineering|Statistics,C|Java|JavaScript|Python,Data Engineering,Data Engineering,,IBM Data Science Certificate,Data Engineer,AIML,Hands-on Labs
S01767,Divya Gupta,Male,22,CYSEC,8,7.68,81.4,78,Algorithms|Business Analytics|Computer Vision|Cryptography|Cyber Security|DBMS|Deep Learning|Frontend Development|Hardware Design|Java|JavaScript|Networking|Operating Systems|Python|SQL|Software Testing|Web Development,Java|JavaScript|Python,Cloud,Cloud,Phishing Detection Tool|Secure File Sharing System|Vulnerability Scanner,Certified Ethical Hacker (CEH) - Foundation,Security Architect,CYSEC,Hands-on Labs
S01768,Aditi Kumar,Female,20,AIML,3,7.87,85.6,23,Algorithms|Data Structures|Hardware Design|Python|Statistics,Python,Statistics,Statistics,,,Machine Learning Engineer,CSBS,Theory-focused
S01769,Sanjay Iyer,Male,21,AIML,8,8.5,90.2,72,Algorithms|Business Analytics|C|Cloud Computing|Computer Vision|DBMS|Data Engineering|Data Structures|Deep Learning|Distributed Systems|Frontend Development|Hardware Design|Java|JavaScript|Machine Learning|NLP|Networking|Python|SQL|Software Engineering|Software Testing|Statistics,C|Java|JavaScript|Python,AI,AI,Image Classification Model|Sentiment Analysis Tool|Chatbot using Transformers,TensorFlow Developer Certificate,Data Scientist,CYSEC,Mentor-guided
S01770,Pooja Varma,Male,21,AIML,6,7.89,84.9,56,Algorithms|C|DBMS|Data Structures|Frontend Development|Java|JavaScript|Machine Learning|Networking|Operating Systems|SQL|Software Engineering|Statistics|Web Development,C|Java|JavaScript,Data,Data,Chatbot using Transformers,,Systems Engineer,AIML,Theory-focused
S01771,Suresh Patel,Male,20,CSE,4,4.74,58.3,34,Algorithms|C|Data Structures|Frontend Development|Hardware Design|Java|JavaScript|Python|SQL|Software Engineering|Statistics|Web Development,C|Java|JavaScript|Python,Machine Learning,Machine Learning,Compiler Mini-Project,,Software Architect,CSE,Project-based
S01772,Aditi Raman,Male,19,CYSEC,4,7.74,80.8,34,Algorithms|C|DBMS|Data Structures|Frontend Development|Hardware Design|Java|JavaScript|SQL|Statistics|Web Development,C|Java|JavaScript,Cryptography,Cryptography,Secure File Sharing System,,SOC Analyst,CYSEC,Self-paced Online
S01773,Manoj Menon,Male,19,IT,4,5.77,64.4,30,Algorithms|C|Data Structures|Frontend Development|Hardware Design|JavaScript|Software Engineering|Statistics,C|JavaScript,Networking,Networking,Enterprise CRM App|Cloud-hosted Inventory System|Network Monitoring Tool,AWS Cloud Practitioner,Robotics Engineer,IT,Hands-on Labs
S01774,Rohan Reddy,Male,22,CSE,8,7.14,76.1,81,Algorithms|Business Analytics|C|Cyber Security|DBMS|Data Engineering|Data Structures|DevOps|Distributed Systems|Ethical Hacking|Frontend Development|Hardware Design|Java|JavaScript|Networking|Operating Systems|Python|SQL|Software Testing|Statistics,C|Java|JavaScript|Python,Algorithms,Algorithms,Compiler Mini-Project|E-commerce Web App,DSA Specialization,Business Intelligence Analyst,CSE,Mentor-guided
S01775,Kiran Verma,Male,21,AIML,7,7.9,85.5,58,Algorithms|Business Analytics|C|DBMS|Data Engineering|Data Structures|DevOps|Hardware Design|Java|JavaScript|Machine Learning|Operating Systems|Python|SQL|Software Engineering|Software Testing|Statistics|Web Development,C|Java|JavaScript|Python,Deep Learning,Deep Learning,,,Robotics Engineer,AIML,Hands-on Labs
S01776,Swathi Gupta,Male,21,IOT,8,5.3,63.2,63,Algorithms|C|Cloud Computing|DBMS|Deep Learning|Embedded Systems|Hardware Design|Java|Machine Learning|Networking|Operating Systems|Python|SQL|Software Testing|Statistics|Web Development|Business Analytics,C|Java|Python,Machine Learning,Machine Learning,Weather Monitoring IoT Node|Smart Home Automation,Embedded Systems Certificate,Firmware Engineer,IOT,Hands-on Labs
S01777,Pooja Reddy,Female,21,AIDS,7,6.12,68.5,65,C|Cloud Computing|DBMS|Data Analytics|Data Engineering|Data Structures|Frontend Development|Hardware Design|Java|JavaScript|Operating Systems|Python|Software Engineering|Software Testing|Statistics|Web Development,C|Java|JavaScript|Python,Machine Learning,Machine Learning,,IBM Data Science Certificate,Machine Learning Engineer,AIDS,Theory-focused
S01778,Ritu Mehta,Female,21,AIML,7,6.64,72.5,73,Algorithms|C|Cloud Computing|Cyber Security|DBMS|Data Engineering|Data Structures|DevOps|Hardware Design|Java|JavaScript|Machine Learning|Operating Systems|Python|SQL|Software Engineering|Software Testing|Statistics|Web Development,C|Java|JavaScript|Python,Networking,Networking,Chatbot using Transformers,,Product Manager (Tech),AIML,Mentor-guided
S01779,Vikram Reddy,Female,19,AIML,3,5.74,62.4,23,Algorithms|C|Data Structures|Statistics,C,AI,AI,,,Computer Vision Engineer,AIDS,Self-paced Online
S01780,Meera Chandran,Female,21,CSE,8,8.69,94.1,75,Algorithms|Cloud Computing|Cyber Security|DBMS|Data Analytics|Frontend Development|Hardware Design|IoT|JavaScript|Networking|Operating Systems|SQL|Software Engineering|Software Testing|Statistics,JavaScript,Systems,Systems,,DSA Specialization|Java Programming Certificate,Systems Engineer,CSE,Project-based
S01781,Priya Patel,Female,19,CYSEC,4,7.16,79.3,31,Algorithms|C|DBMS|Data Structures|Java|JavaScript|SQL,C|Java|JavaScript,Cryptography,Cryptography,Secure File Sharing System|Phishing Detection Tool|Vulnerability Scanner,CompTIA Security+|Certified Ethical Hacker (CEH) - Foundation,Cybersecurity Analyst,CYSEC,Self-paced Online
S01782,Kavya Das,Male,20,CSBS,5,4.95,62.4,42,C|DBMS|Data Structures|Hardware Design|Java|Networking|Python|SQL|Software Engineering|Statistics|Web Development,C|Java|Python,Software,Software,Business Analytics Report Tool|Market Trend Predictor|ERP Dashboard for SMEs,PMP Foundation,IT Consultant,CSBS,Hands-on Labs
S01783,Meera Gupta,Male,21,CYSEC,5,8.39,89.4,46,Algorithms|DBMS|Hardware Design|JavaScript|Networking|Python|SQL|Software Engineering|Statistics|Web Development,JavaScript|Python,Networking,Networking,Secure File Sharing System|Vulnerability Scanner,,Product Manager (Tech),CYSEC,Self-paced Online
S01784,Sneha Singh,Female,19,CSE,4,7.97,84.9,34,Algorithms|C|DBMS|Hardware Design|JavaScript|Python|SQL|Software Engineering|Web Development,C|JavaScript|Python,Programming,Programming,,Java Programming Certificate,Software Architect,CSE,Mentor-guided
S01785,Manoj Iyer,Female,19,IT,3,7.68,81.8,19,Algorithms|Data Structures|Hardware Design|Statistics,C++,Management,Management,Network Monitoring Tool,CompTIA Network+,SOC Analyst,IT,Self-paced Online
S01786,Priya Iyer,Female,21,IOT,5,3.24,51.2,34,Algorithms|C|DBMS|Frontend Development|JavaScript|Networking|Operating Systems|Python|SQL|Software Engineering|Software Testing|Statistics|Web Development,C|JavaScript|Python,Hardware,Hardware,Weather Monitoring IoT Node|Smart Home Automation|Wearable Health Tracker,,Firmware Engineer,IOT,Project-based
S01787,Kavya Verma,Male,20,CYSEC,5,7.59,80.5,46,Algorithms|C|Data Structures|Frontend Development|Hardware Design|Java|JavaScript|Networking|Operating Systems|Python|SQL|Software Engineering|Software Testing|Statistics|Machine Learning,C|Java|JavaScript|Python,Security,Security,,CompTIA Security+,Business Systems Analyst,CYSEC,Self-paced Online
S01788,Aditi Das,Female,19,CSBS,4,8.79,93.2,34,Algorithms|C|DBMS|Data Structures|Frontend Development|Hardware Design|Java|JavaScript|Python|SQL|Statistics|Web Development,C|Java|JavaScript|Python,Security,Security,Business Analytics Report Tool,Google Business Analytics Certificate|PMP Foundation,Data Analyst,CSBS,Project-based
S01789,Deepa Kumar,Male,21,IT,6,4.8,61.2,59,Algorithms|C|Cloud Computing|DBMS|Data Structures|DevOps|Frontend Development|Java|JavaScript|Operating Systems|Python|Software Engineering|Software Testing|Statistics|Web Development,C|Java|JavaScript|Python,Cloud,Cloud,Cloud-hosted Inventory System|Enterprise CRM App|Network Monitoring Tool,AWS Cloud Practitioner|CompTIA Network+,Systems Administrator,IT,Project-based
S01790,Meera Patel,Male,20,CSE,3,7.48,78.8,23,Algorithms|Data Structures|Hardware Design|Python,Python,Programming,Programming,OS Scheduler Simulation|E-commerce Web App,DSA Specialization|Java Programming Certificate,Business Intelligence Analyst,CSE,Self-paced Online
S01791,Divya Chandran,Male,20,CSBS,4,8.15,85.4,34,Algorithms|C|DBMS|Data Structures|Frontend Development|Hardware Design|Java|JavaScript|SQL|Software Engineering|Web Development,C|Java|JavaScript,Data,Data,ERP Dashboard for SMEs|Business Analytics Report Tool,Google Business Analytics Certificate,Business Systems Analyst,CSBS,Project-based
S01792,Swathi Das,Male,21,AIML,5,5.76,65.3,46,Algorithms|C|DBMS|Java|Networking|Operating Systems|Python|SQL|Software Engineering|Software Testing|Cyber Security,C|Java|Python,Hardware,Hardware,Chatbot using Transformers,,Network Administrator,AIML,Project-based
S01793,Meera Reddy,Female,21,CSE,8,8.64,91.3,76,Business Analytics|Cloud Computing|Cyber Security|DBMS|Data Structures|DevOps|Distributed Systems|Frontend Development|Hardware Design|IoT|Java|JavaScript|Networking|Python|SQL|Statistics|Embedded Systems,Java|JavaScript|Python,Programming,Programming,OS Scheduler Simulation|Compiler Mini-Project,,Cloud Engineer,CSE,Self-paced Online
S01794,Meera Das,Male,19,CSE,3,6.39,71.1,23,Data Structures|Hardware Design|Python|Statistics,Python,Data,Data,OS Scheduler Simulation|Compiler Mini-Project,Java Programming Certificate,Firmware Engineer,CSE,Hands-on Labs
S01795,Vivek Varma,Male,21,CSE,6,8.39,90.1,59,C|DBMS|Data Structures|Frontend Development|Hardware Design|Java|JavaScript|Machine Learning|Operating Systems|SQL|Software Testing|Statistics|Web Development|Python,C|Java|JavaScript|Python,Management,Management,E-commerce Web App|Compiler Mini-Project,DSA Specialization,Cloud Engineer,CSE,Self-paced Online
S01796,Suresh Chandran,Female,21,CSE,5,3.0,49.4,22,Algorithms|DBMS|Data Structures|Java|Python|SQL|Software Engineering|Statistics,Java|Python,Algorithms,Algorithms,,Java Programming Certificate,DevOps Engineer,CSE,Theory-focused
S01797,Deepa Reddy,Male,21,IT,5,6.26,68.3,42,Algorithms|C|DBMS|Data Structures|Hardware Design|Java|JavaScript|Operating Systems|Python|SQL|Software Engineering|Software Testing|Web Development,C|Java|JavaScript|Python,Web Systems,Web Systems,Cloud-hosted Inventory System,,Computer Vision Engineer,IT,Mentor-guided
S01798,Gokul Pillai,Female,21,CYSEC,6,8.05,86.7,56,Algorithms|C|Cryptography|Cyber Security|Data Structures|Frontend Development|Java|JavaScript|Networking|Software Engineering|Statistics|Web Development,C|Java|JavaScript,Security,Security,,CompTIA Security+,Machine Learning Engineer,CYSEC,Mentor-guided
S01799,Ritu Krishnan,Male,19,CSE,4,8.68,92.5,34,Algorithms|C|Data Structures|Frontend Development|Java|JavaScript|Python|SQL|Software Engineering|Statistics,C|Java|JavaScript|Python,Algorithms,Algorithms,,DSA Specialization,Software Architect,IOT,Theory-focused
S01800,Vivek Sharma,Male,19,AIML,4,7.62,81.0,34,Algorithms|C|DBMS|Data Structures|Frontend Development|Hardware Design|Java|JavaScript|Python|SQL|Software Engineering|Statistics,C|Java|JavaScript|Python,Deep Learning,Deep Learning,Image Classification Model|Chatbot using Transformers,,NLP Engineer,AIML,Hands-on Labs
S01801,Ananya Krishnan,Female,21,CSBS,6,6.28,69.2,71,C|DBMS|Data Analytics|Data Structures|Frontend Development|Hardware Design|Java|JavaScript|Machine Learning|Networking|Software Engineering|Statistics|Web Development,C|Java|JavaScript,Management,Management,Business Analytics Report Tool|ERP Dashboard for SMEs,,Business Intelligence Analyst,CSBS,Theory-focused
S01802,Deepa Varma,Female,20,CSE,6,2.39,44.9,36,Algorithms|C|Data Structures|Frontend Development|Java|JavaScript|Networking|Python|Software Engineering|Software Testing|Web Development|DevOps,C|Java|JavaScript|Python,Programming,Programming,E-commerce Web App|Compiler Mini-Project,DSA Specialization|Java Programming Certificate,Systems Engineer,CSE,Mentor-guided
S01803,Shreya Subramaniam,Female,21,AIML,8,3.23,51.5,60,Algorithms|C|Cloud Computing|Data Engineering|Data Structures|Deep Learning|Frontend Development|Hardware Design|Java|Machine Learning|NLP|SQL|Software Engineering|Software Testing|Statistics|Web Development,C|Java,Statistics,Statistics,Chatbot using Transformers|Sentiment Analysis Tool,Deep Learning Specialization,Robotics Engineer,AIML,Hands-on Labs
S01804,Arjun Menon,Male,21,AIDS,8,2.39,45.8,41,Algorithms|C|Cloud Computing|Data Analytics|Data Engineering|Data Structures|Frontend Development|Java|JavaScript|SQL|Software Engineering|Statistics|Web Development,C|Java|JavaScript,Data Engineering,Data Engineering,Customer Segmentation Analysis|Sales Forecasting Dashboard,,Data Engineer,AIDS,Self-paced Online
S01805,Lakshmi Rao,Male,21,CYSEC,5,8.1,85.2,49,C|DBMS|Data Structures|Frontend Development|Hardware Design|Java|JavaScript|Networking|Operating Systems|Python|Software Testing|Statistics,C|Java|JavaScript|Python,Security,Security,Secure File Sharing System,,AI Research Engineer,CYSEC,Project-based
S01806,Kavya Singh,Female,19,AIDS,3,8.84,95.5,19,Algorithms|C|Data Structures|Hardware Design|Python|Statistics|IoT,C|Python,Statistics,Statistics,Sales Forecasting Dashboard|ETL Pipeline for Retail Data,,Data Engineer,AIML,Hands-on Labs
S01807,Vivek Subramaniam,Female,19,AIDS,4,6.88,74.0,34,Algorithms|C|DBMS|Data Structures|Hardware Design|Java|JavaScript|Python|SQL|Software Engineering|Statistics|Web Development,C|Java|JavaScript|Python,Data Engineering,Data Engineering,Customer Segmentation Analysis|Sales Forecasting Dashboard|ETL Pipeline for Retail Data,IBM Data Science Certificate,Cloud Engineer,AIDS,Self-paced Online
S01808,Divya Sharma,Male,20,IOT,5,8.04,86.0,45,C|Data Structures|Frontend Development|Java|JavaScript|Networking|Operating Systems|Python|SQL|Software Testing|Statistics|Web Development,C|Java|JavaScript|Python,Embedded Systems,Embedded Systems,Wearable Health Tracker,,Firmware Engineer,IOT,Theory-focused
S01809,Arjun Chandran,Female,21,IT,5,6.43,72.7,49,Algorithms|C|Data Structures|Hardware Design|JavaScript|Operating Systems|Python|Software Testing|Statistics|Web Development,C|JavaScript|Python,Networking,Networking,Enterprise CRM App|Cloud-hosted Inventory System,AWS Cloud Practitioner,Backend Developer,IT,Mentor-guided
S01810,Harish Bose,Male,20,CSE,6,5.81,66.9,62,Algorithms|C|Cryptography|Data Structures|Frontend Development|Java|JavaScript|Networking|Python|SQL|Software Engineering|Software Testing|Web Development,C|Java|JavaScript|Python,Systems,Systems,E-commerce Web App,,Systems Engineer,CSE,Hands-on Labs
S01811,Gokul Singh,Female,22,AIDS,7,6.48,70.0,75,DBMS|Data Analytics|Data Engineering|Data Structures|Embedded Systems|Frontend Development|Hardware Design|Java|JavaScript|Networking|Operating Systems|Python|SQL|Software Engineering|Software Testing|Statistics|Web Development,Java|JavaScript|Python,Statistics,Statistics,ETL Pipeline for Retail Data,Google Data Analytics Certificate,Machine Learning Engineer,AIDS,Theory-focused
S01812,Lakshmi Rao,Male,22,AIML,8,5.91,66.5,81,Algorithms|C|Cloud Computing|Computer Vision|Cyber Security|Data Analytics|Deep Learning|Frontend Development|Hardware Design|IoT|Java|Machine Learning|NLP|Networking|Operating Systems|Python|SQL|Software Engineering|Software Testing|Statistics|Web Development,C|Java|Python,Machine Learning,Machine Learning,Sentiment Analysis Tool|Chatbot using Transformers,Deep Learning Specialization,Data Scientist,AIML,Project-based
S01813,Naveen Nair,Male,19,IT,4,6.18,67.4,34,Algorithms|C|DBMS|Data Structures|Hardware Design|Java|JavaScript|SQL|Software Engineering|Statistics|Web Development,C|Java|JavaScript,Cloud,Cloud,Network Monitoring Tool,,DevOps Engineer,IT,Mentor-guided
S01814,Aditi Das,Female,21,IOT,6,6.73,74.7,60,Algorithms|C|DBMS|Data Structures|Embedded Systems|Frontend Development|Hardware Design|JavaScript|Networking|Python|Software Engineering|Software Testing|Statistics|Web Development,C|JavaScript|Python,Deep Learning,Deep Learning,Wearable Health Tracker,IoT Fundamentals (Cisco)|Embedded Systems Certificate,Firmware Engineer,IOT,Project-based
S01815,Swathi Nair,Male,20,AIML,6,7.34,79.3,56,Algorithms|Business Analytics|C|DBMS|Data Analytics|Data Structures|Hardware Design|Java|JavaScript|Machine Learning|Networking|Operating Systems|Python|Software Engineering|Statistics,C|Java|JavaScript|Python,AI,AI,Sentiment Analysis Tool|Image Classification Model,,AI Research Engineer,AIML,Self-paced Online
S01816,Deepa Sharma,Male,20,AIML,6,5.68,65.6,56,Algorithms|C|DBMS|Data Structures|Frontend Development|JavaScript|Networking|Operating Systems|Python|Software Engineering|Software Testing|Statistics,C|JavaScript|Python,Deep Learning,Deep Learning,Image Classification Model|Sentiment Analysis Tool,TensorFlow Developer Certificate,Computer Vision Engineer,AIML,Self-paced Online
S01817,Pooja Raman,Female,20,CYSEC,6,8.2,86.7,56,Algorithms|C|Cryptography|Cyber Security|DBMS|Frontend Development|Hardware Design|Java|Networking|Operating Systems|Python|SQL|Software Testing|Statistics|Web Development,C|Java|Python,Data Science,Data Science,Secure File Sharing System|Phishing Detection Tool|Vulnerability Scanner,Certified Ethical Hacker (CEH) - Foundation,Penetration Tester,AIDS,Theory-focused
S01818,Kavya Iyer,Male,20,CSE,4,7.76,83.0,34,Algorithms|C|DBMS|Frontend Development|Hardware Design|Java|JavaScript|Python|SQL|Web Development,C|Java|JavaScript|Python,Programming,Programming,Compiler Mini-Project|E-commerce Web App,,Systems Engineer,CSE,Theory-focused
S01819,Manoj Raman,Male,21,AIML,8,8.62,91.5,76,Business Analytics|C|Computer Vision|DBMS|Data Analytics|Data Structures|Deep Learning|Frontend Development|JavaScript|Machine Learning|NLP|Networking|Python|SQL|Software Engineering|Software Testing|Statistics|Web Development,C|JavaScript|Python,Machine Learning,Machine Learning,,Deep Learning Specialization,NLP Engineer,AIML,Project-based
S01820,Harish Menon,Male,19,IT,3,6.35,68.9,23,C|Data Structures|Python|Statistics,C|Python,Databases,Databases,Network Monitoring Tool|Enterprise CRM App,,NLP Engineer,IT,Mentor-guided
S01821,Harish Chandran,Female,19,AIML,4,4.57,58.3,30,Algorithms|C|Data Structures|Hardware Design|Java|JavaScript|Python|Software Engineering|Statistics|Web Development,C|Java|JavaScript|Python,AI,AI,Image Classification Model|Chatbot using Transformers|Sentiment Analysis Tool,,Machine Learning Engineer,AIML,Theory-focused
S01822,Kiran Verma,Female,21,CSE,8,6.14,69.4,77,Algorithms|C|Cloud Computing|Cryptography|Cyber Security|Data Structures|DevOps|Distributed Systems|Frontend Development|IoT|JavaScript|Operating Systems|Python|Software Engineering|Software Testing|Statistics|Web Development,C|JavaScript|Python,Databases,Databases,E-commerce Web App|Compiler Mini-Project,DSA Specialization,DevOps Engineer,AIDS,Project-based
S01823,Anjali Menon,Male,19,IOT,4,8.44,91.0,34,Algorithms|C|DBMS|Data Structures|Frontend Development|Hardware Design|Java|Software Engineering|Statistics|Web Development,C|Java,Systems,Systems,Wearable Health Tracker|Weather Monitoring IoT Node,Embedded Systems Certificate,Robotics Engineer,IOT,Project-based
S01824,Vikram Pillai,Male,20,CSE,3,7.91,84.8,23,Algorithms|Data Structures|Hardware Design|Python,Python,Networking,Networking,OS Scheduler Simulation|E-commerce Web App,Java Programming Certificate,Cloud Engineer,CSE,Hands-on Labs
S01825,Priya Nair,Male,20,CYSEC,6,7.06,77.1,66,Algorithms|C|DBMS|Data Structures|Frontend Development|Hardware Design|JavaScript|Networking|Operating Systems|SQL|Software Engineering|Software Testing|Statistics|Web Development|Data Analytics,C|JavaScript,Databases,Databases,Vulnerability Scanner|Secure File Sharing System,Certified Ethical Hacker (CEH) - Foundation,Network Administrator,CYSEC,Mentor-guided
S01826,Swathi Varma,Female,19,AIML,4,6.76,72.2,34,Data Structures|Hardware Design|Java|JavaScript|Python|SQL|Software Engineering|Statistics|Web Development,Java|JavaScript|Python,Deep Learning,Deep Learning,Image Classification Model|Sentiment Analysis Tool,,AI Research Engineer,AIML,Self-paced Online
S01827,Karthik Verma,Male,21,CYSEC,7,7.51,78.7,59,Algorithms|C|Cyber Security|DBMS|Data Structures|Frontend Development|Hardware Design|Java|Networking|Operating Systems|SQL|Software Engineering|Software Testing|Statistics|Web Development,C|Java,Systems,Systems,Secure File Sharing System|Phishing Detection Tool,,Security Architect,AIDS,Project-based
S01828,Rohan Raman,Male,21,AIML,7,7.38,78.1,66,Algorithms|C|Cyber Security|Deep Learning|Embedded Systems|Frontend Development|Hardware Design|Java|JavaScript|Machine Learning|Networking|Operating Systems|SQL|Software Testing|Statistics|Web Development|DBMS,C|Java|JavaScript,Deep Learning,Deep Learning,Chatbot using Transformers|Sentiment Analysis Tool,,Machine Learning Engineer,AIDS,Mentor-guided
S01829,Aditi Das,Female,21,AIDS,8,6.11,68.5,73,Algorithms|Business Analytics|C|Cloud Computing|DBMS|Data Analytics|Data Structures|DevOps|Frontend Development|Java|JavaScript|Machine Learning|Operating Systems|Python|SQL|Software Engineering|Software Testing|Statistics|Web Development,C|Java|JavaScript|Python,Security,Security,ETL Pipeline for Retail Data|Customer Segmentation Analysis,Google Data Analytics Certificate|IBM Data Science Certificate,Machine Learning Engineer,AIDS,Mentor-guided
S01830,Aditi Gupta,Male,21,CYSEC,7,7.37,80.4,68,Algorithms|Business Analytics|C|Cryptography|Cyber Security|DBMS|Data Structures|Ethical Hacking|Frontend Development|Hardware Design|Java|Networking|Operating Systems|Python|SQL|Software Engineering|Software Testing|Statistics|Web Development,C|Java|Python,Systems,Systems,Phishing Detection Tool|Vulnerability Scanner,Certified Ethical Hacker (CEH) - Foundation,Network Administrator,CYSEC,Hands-on Labs
S01831,Deepa Verma,Male,22,AIML,8,8.91,98.7,93,Algorithms|Backend Development|Business Analytics|Cloud Computing|Computer Vision|Cryptography|Cyber Security|DBMS|Data Analytics|Data Engineering|Data Structures|Frontend Development|Hardware Design|Java|JavaScript|NLP|Networking|Operating Systems|Software Engineering|Software Testing|Statistics|Web Development,Java|JavaScript,AI,AI,Chatbot using Transformers,,AI Research Engineer,AIML,Hands-on Labs
S01832,Swathi Das,Female,19,IT,3,8.26,88.4,23,Algorithms|C|Data Structures|Hardware Design|Python|Statistics|Software Testing,C|Python,Statistics,Statistics,Network Monitoring Tool,,Cloud Engineer,IT,Hands-on Labs
S01833,Sneha Patel,Male,19,IOT,3,7.6,81.7,20,Algorithms|C|Data Structures|Hardware Design|Python|Statistics,C|Python,Networking,Networking,Smart Home Automation,Embedded Systems Certificate|IoT Fundamentals (Cisco),Machine Learning Engineer,IOT,Project-based
S01834,Karthik Gupta,Female,21,IT,7,7.07,74.8,71,Algorithms|Backend Development|C|Cloud Computing|Cyber Security|DBMS|Data Structures|DevOps|Distributed Systems|Ethical Hacking|Frontend Development|Hardware Design|Networking|Python|SQL|Software Engineering|Statistics|Web Development,C|Python,Statistics,Statistics,Cloud-hosted Inventory System|Network Monitoring Tool|Enterprise CRM App,AWS Cloud Practitioner,Network Administrator,IT,Hands-on Labs
S01835,Vikram Das,Male,21,CSE,5,6.57,73.1,49,Algorithms|Data Structures|Frontend Development|Hardware Design|Java|JavaScript|Networking|Operating Systems|Python|SQL|Software Testing|Statistics|Web Development|DBMS,Java|JavaScript|Python,Software Engineering,Software Engineering,E-commerce Web App,Java Programming Certificate,NLP Engineer,CSE,Hands-on Labs
S01836,Anjali Krishnan,Male,21,CSE,6,2.64,47.3,25,Algorithms|C|DBMS|Data Structures|Frontend Development|Hardware Design|Java|JavaScript|Networking|SQL|Software Engineering|Software Testing,C|Java|JavaScript,Algorithms,Algorithms,Compiler Mini-Project,,Database Administrator,CSE,Mentor-guided
S01837,Aditi Singh,Female,21,AIDS,7,5.12,60.6,73,Algorithms|C|Cloud Computing|Cyber Security|DBMS|Data Analytics|Data Engineering|Data Structures|Distributed Systems|Ethical Hacking|Frontend Development|Hardware Design|JavaScript|Machine Learning|Networking|Operating Systems|Python|Software Engineering|Web Development,C|JavaScript|Python,Machine Learning,Machine Learning,Sales Forecasting Dashboard,IBM Data Science Certificate,Data Scientist,AIDS,Mentor-guided
S01838,Rohan Bose,Male,19,IT,3,6.52,72.4,23,Algorithms|C|Data Structures|Hardware Design,C,Cloud,Cloud,Network Monitoring Tool|Enterprise CRM App|Cloud-hosted Inventory System,CompTIA Network+,Network Administrator,CSBS,Hands-on Labs
S01839,Rahul Singh,Male,21,CSBS,6,6.2,67.3,69,Algorithms|Business Analytics|C|Cryptography|Data Analytics|Frontend Development|Hardware Design|Java|Machine Learning|Networking|Operating Systems|Python|Software Engineering|Software Testing|Web Development,C|Java|Python,Software,Software,,,Business Intelligence Analyst,CSBS,Theory-focused
S01840,Ritu Menon,Male,19,IT,4,6.91,75.1,34,C|DBMS|Data Structures|Frontend Development|Hardware Design|Java|JavaScript|Python|SQL|Software Engineering|Statistics|Web Development,C|Java|JavaScript|Python,Networking,Networking,Enterprise CRM App,AWS Cloud Practitioner,Systems Administrator,CSBS,Project-based
S01841,Ananya Iyer,Female,21,CYSEC,7,7.07,75.7,67,Algorithms|Business Analytics|C|Cryptography|Cyber Security|Data Analytics|Ethical Hacking|Frontend Development|Java|Networking|Operating Systems|Python|SQL|Software Engineering|Software Testing|Statistics|Web Development,C|Java|Python,Security,Security,Secure File Sharing System|Phishing Detection Tool,Certified Ethical Hacker (CEH) - Foundation,Robotics Engineer,CYSEC,Mentor-guided
S01842,Gokul Das,Male,22,AIDS,7,7.53,79.3,72,Algorithms|C|Cyber Security|DBMS|Data Analytics|Data Engineering|DevOps|Hardware Design|IoT|Java|JavaScript|Machine Learning|Python|SQL|Software Engineering|Software Testing|Statistics|Web Development,C|Java|JavaScript|Python,Software,Software,Sales Forecasting Dashboard|Customer Segmentation Analysis|ETL Pipeline for Retail Data,,Backend Developer,AIDS,Project-based
S01843,Vikram Sharma,Female,20,CSE,5,6.27,68.5,45,Algorithms|C|Frontend Development|Hardware Design|Java|JavaScript|Networking|Operating Systems|Python|Software Testing|Statistics|Web Development,C|Java|JavaScript|Python,Software Engineering,Software Engineering,E-commerce Web App,,Database Administrator,CSE,Theory-focused
S01844,Rahul Krishnan,Male,22,AIML,7,7.39,79.7,61,Algorithms|C|Cloud Computing|Cyber Security|Data Structures|Embedded Systems|Hardware Design|IoT|JavaScript|Networking|Operating Systems|Python|SQL|Statistics|Web Development|Cryptography,C|JavaScript|Python,AI,AI,,TensorFlow Developer Certificate|Deep Learning Specialization,Robotics Engineer,AIML,Hands-on Labs
S01845,Priya Pillai,Male,19,CSBS,3,6.83,72.9,23,Algorithms|C|Data Structures|Hardware Design|Python|Statistics,C|Python,Data,Data,ERP Dashboard for SMEs|Market Trend Predictor|Business Analytics Report Tool,,Data Analyst,CSBS,Self-paced Online
S01846,Rohan Sharma,Female,19,CSBS,3,6.83,75.2,23,Algorithms|C|Data Structures|Hardware Design|Python,C|Python,Business Analytics,Business Analytics,,,Business Systems Analyst,CSBS,Hands-on Labs
S01847,Harish Kumar,Male,19,IT,3,5.26,61.0,23,Algorithms|Python,Python,Systems,Systems,,AWS Cloud Practitioner,Business Intelligence Analyst,CSE,Self-paced Online
S01848,Rohan Reddy,Female,20,CYSEC,4,8.65,91.7,31,Algorithms|C|Data Structures|Frontend Development|Java|JavaScript|Python|SQL|Software Engineering|Web Development,C|Java|JavaScript|Python,Networking,Networking,Vulnerability Scanner,CompTIA Security+,SOC Analyst,CYSEC,Mentor-guided
S01849,Pooja Verma,Male,20,IT,4,7.41,80.2,34,Algorithms|C|Data Structures|Frontend Development|Java|JavaScript|Python|Software Engineering|Statistics|Web Development,C|Java|JavaScript|Python,Web Systems,Web Systems,Enterprise CRM App,AWS Cloud Practitioner,Database Administrator,IT,Hands-on Labs
S01850,Ananya Pillai,Female,21,CSE,8,7.32,78.2,81,Business Analytics|C|Cloud Computing|DBMS|Data Analytics|Data Structures|DevOps|Distributed Systems|Hardware Design|Java|JavaScript|Networking|Operating Systems|Python|Software Testing|Statistics,C|Java|JavaScript|Python,Systems,Systems,E-commerce Web App,Java Programming Certificate|DSA Specialization,Firmware Engineer,CSE,Hands-on Labs
S01851,Divya Rao,Male,19,IT,3,5.7,66.8,23,Algorithms|C|Data Structures|Hardware Design|Statistics,C,Web Systems,Web Systems,Network Monitoring Tool|Enterprise CRM App|Cloud-hosted Inventory System,CompTIA Network+,Software Engineer,AIML,Self-paced Online
S01852,Naveen Mehta,Male,21,IT,7,6.69,72.5,62,Algorithms|Backend Development|C|Cloud Computing|DBMS|DevOps|Frontend Development|Hardware Design|Java|JavaScript|Networking|SQL|Software Engineering|Software Testing|Statistics|Web Development,C|Java|JavaScript,Networking,Networking,Enterprise CRM App,,Network Administrator,IT,Hands-on Labs
S01853,Shreya Rao,Male,20,CSE,5,7.78,82.8,49,C|DBMS|Data Structures|Frontend Development|Hardware Design|JavaScript|Networking|Operating Systems|Python|Software Engineering|Software Testing|Statistics|Web Development,C|JavaScript|Python,Programming,Programming,OS Scheduler Simulation|E-commerce Web App|Compiler Mini-Project,,Software Architect,CSE,Hands-on Labs
S01854,Lakshmi Das,Male,19,AIDS,4,6.87,75.3,30,Algorithms|C|DBMS|Frontend Development|Hardware Design|Java|JavaScript|Python|SQL|Statistics|Web Development|Cryptography,C|Java|JavaScript|Python,Data,Data,ETL Pipeline for Retail Data|Sales Forecasting Dashboard|Customer Segmentation Analysis,IBM Data Science Certificate,Business Intelligence Analyst,IT,Theory-focused
S01855,Sneha Menon,Male,20,CYSEC,5,4.65,59.9,46,Algorithms|C|DBMS|Hardware Design|JavaScript|Networking|Python|SQL|Software Engineering|Statistics|Operating Systems,C|JavaScript|Python,Security,Security,Vulnerability Scanner,CompTIA Security+,Penetration Tester,CYSEC,Hands-on Labs
S01856,Meera Varma,Female,21,CYSEC,7,2.93,49.1,41,Algorithms|Cryptography|Cyber Security|DBMS|Data Structures|Frontend Development|JavaScript|Networking|SQL|Software Engineering|Software Testing|Statistics|Web Development,JavaScript,Cryptography,Cryptography,Secure File Sharing System|Vulnerability Scanner|Phishing Detection Tool,,Security Architect,CYSEC,Project-based
S01857,Naveen Menon,Male,19,AIML,4,9.0,99.9,31,Algorithms|Data Structures|Java|JavaScript|Python|SQL|Software Engineering|Statistics|Web Development,Java|JavaScript|Python,Networking,Networking,Chatbot using Transformers,,Robotics Engineer,AIML,Self-paced Online
S01858,Ananya Pillai,Female,21,AIML,7,5.83,65.9,72,Algorithms|Business Analytics|C|Cloud Computing|Cyber Security|DBMS|Data Engineering|Data Structures|Embedded Systems|Ethical Hacking|Hardware Design|Java|Machine Learning|Networking|Python|SQL|Software Engineering|Software Testing|Statistics|Web Development,C|Java|Python,Networking,Networking,,TensorFlow Developer Certificate,Data Scientist,IT,Mentor-guided
S01859,Swathi Verma,Male,19,AIDS,4,7.09,76.7,34,C|DBMS|Data Structures|Frontend Development|Hardware Design|Java|JavaScript|Python|SQL,C|Java|JavaScript|Python,Statistics,Statistics,Customer Segmentation Analysis|Sales Forecasting Dashboard,,Data Analyst,AIDS,Theory-focused
S01860,Sneha Iyer,Male,19,IOT,4,6.7,74.2,30,Algorithms|C|DBMS|Data Structures|Frontend Development|Hardware Design|Python|SQL|Statistics,C|Python,Hardware,Hardware,,,Firmware Engineer,CSBS,Theory-focused
S01861,Sanjay Gupta,Female,20,CSE,5,7.58,80.7,45,Algorithms|C|DBMS|Data Structures|Frontend Development|Java|JavaScript|Operating Systems|SQL|Software Engineering|Statistics|Web Development,C|Java|JavaScript,Embedded Systems,Embedded Systems,OS Scheduler Simulation|E-commerce Web App,DSA Specialization,Security Architect,CSE,Mentor-guided
S01862,Shreya Krishnan,Female,19,AIDS,4,3.59,50.8,34,C|DBMS|Data Structures|Frontend Development|Hardware Design|Java|JavaScript|Python|SQL|Software Engineering|Statistics|Web Development,C|Java|JavaScript|Python,Statistics,Statistics,,,Machine Learning Engineer,AIDS,Theory-focused
S01863,Manoj Gupta,Male,22,AIDS,8,5.15,60.7,74,Algorithms|C|Cloud Computing|DBMS|Data Analytics|Data Structures|Deep Learning|Distributed Systems|Embedded Systems|Frontend Development|IoT|Java|JavaScript|NLP|Networking|Operating Systems|Python|SQL|Software Engineering|Software Testing|Statistics|Web Development,C|Java|JavaScript|Python,Data Engineering,Data Engineering,,Google Data Analytics Certificate|IBM Data Science Certificate,Machine Learning Engineer,IT,Self-paced Online
S01864,Sanjay Bose,Male,20,AIML,5,6.12,68.0,49,Algorithms|C|Data Structures|Hardware Design|Java|JavaScript|Operating Systems|Python|SQL|Software Engineering|Statistics,C|Java|JavaScript|Python,Networking,Networking,Image Classification Model,,Database Administrator,AIML,Mentor-guided
S01865,Lakshmi Das,Female,19,CYSEC,3,9.0,98.3,23,C|Data Structures|Python|Statistics,C|Python,Cryptography,Cryptography,Secure File Sharing System|Vulnerability Scanner,,SOC Analyst,CYSEC,Mentor-guided
S01866,Aditi Mehta,Female,20,AIML,5,7.12,75.5,49,Algorithms|C|Data Structures|Frontend Development|Hardware Design|JavaScript|Networking|Python|Software Engineering|Software Testing|Statistics|Web Development,C|JavaScript|Python,Machine Learning,Machine Learning,Image Classification Model,Deep Learning Specialization|TensorFlow Developer Certificate,NLP Engineer,AIML,Theory-focused
S01867,Divya Mehta,Male,21,CSE,7,7.41,79.8,69,Cryptography|DBMS|Data Analytics|Data Structures|Frontend Development|Hardware Design|Java|JavaScript|Operating Systems|Python|SQL|Software Engineering|Software Testing|Web Development|DevOps,Java|JavaScript|Python,Programming,Programming,E-commerce Web App|Compiler Mini-Project|OS Scheduler Simulation,DSA Specialization,Database Administrator,CSBS,Self-paced Online
S01868,Sneha Verma,Male,22,AIML,7,6.0,68.8,82,Algorithms|Business Analytics|Cloud Computing|DBMS|Data Structures|Deep Learning|Distributed Systems|Embedded Systems|Frontend Development|Hardware Design|Java|JavaScript|Machine Learning|Networking|Operating Systems|Python|SQL|Software Testing|Web Development,Java|JavaScript|Python,Statistics,Statistics,Sentiment Analysis Tool,,Data Scientist,IT,Theory-focused
S01869,Arjun Sharma,Male,21,AIML,8,6.54,72.7,79,Algorithms|Business Analytics|C|Cloud Computing|Computer Vision|Cyber Security|Data Analytics|Data Engineering|Data Structures|DevOps|Ethical Hacking|Frontend Development|Hardware Design|JavaScript|NLP|Networking|Operating Systems|Python|Software Engineering|Software Testing|Web Development,C|JavaScript|Python,AI,AI,Image Classification Model,Deep Learning Specialization,Robotics Engineer,AIML,Mentor-guided
S01870,Ritu Bose,Female,20,AIDS,3,7.17,75.8,23,Data Structures|Hardware Design|Python|Statistics,Python,Data Science,Data Science,Customer Segmentation Analysis|Sales Forecasting Dashboard,Google Data Analytics Certificate,Computer Vision Engineer,AIDS,Mentor-guided
S01871,Nisha Chandran,Male,21,CSE,8,6.65,71.7,72,Algorithms|C|Cloud Computing|Computer Vision|DBMS|Data Analytics|Data Structures|Deep Learning|DevOps|Distributed Systems|Frontend Development|Hardware Design|Java|Networking|Operating Systems|Python|Software Engineering|Statistics|Web Development,C|Java|Python,Security,Security,,,Software Architect,CSE,Self-paced Online
S01872,Anjali Iyer,Female,21,CSBS,5,7.29,78.5,45,Algorithms|C|DBMS|Frontend Development|Networking|Operating Systems|Python|SQL|Software Engineering|Web Development,C|Python,Networking,Networking,Business Analytics Report Tool,,Business Intelligence Analyst,CSBS,Theory-focused
S01873,Karthik Reddy,Female,20,AIML,6,8.39,87.5,46,Algorithms|C|DBMS|Data Structures|Frontend Development|JavaScript|Python|Web Development,C|JavaScript|Python,Machine Learning,Machine Learning,Image Classification Model|Chatbot using Transformers,,AI Research Engineer,AIML,Mentor-guided
S01874,Naveen Mehta,Male,20,CSE,3,6.47,69.4,19,Algorithms|C|Hardware Design|Python,C|Python,Web Systems,Web Systems,E-commerce Web App|OS Scheduler Simulation,,DevOps Engineer,CSE,Hands-on Labs
S01875,Rahul Krishnan,Male,21,CSE,8,7.55,80.6,87,Algorithms|Backend Development|Business Analytics|C|Data Structures|DevOps|Distributed Systems|Embedded Systems|Frontend Development|Hardware Design|JavaScript|Operating Systems|SQL|Software Engineering|Software Testing|Web Development,C|JavaScript,Algorithms,Algorithms,E-commerce Web App|OS Scheduler Simulation,,Backend Developer,CSE,Self-paced Online
S01876,Kavya Kumar,Male,20,AIDS,4,8.0,84.9,34,Algorithms|Data Structures|Frontend Development|Hardware Design|Java|JavaScript|Python|SQL|Software Engineering|Statistics|Web Development,Java|JavaScript|Python,Statistics,Statistics,ETL Pipeline for Retail Data|Customer Segmentation Analysis,Google Data Analytics Certificate|IBM Data Science Certificate,Data Engineer,AIDS,Mentor-guided
S01877,Suresh Gupta,Female,20,CSE,4,8.81,92.2,31,Algorithms|C|Data Structures|Frontend Development|Hardware Design|JavaScript|SQL|Software Engineering|Statistics|Web Development,C|JavaScript,Algorithms,Algorithms,,,DevOps Engineer,CSE,Theory-focused
S01878,Naveen Verma,Female,20,AIDS,3,6.96,75.5,23,Algorithms|C|Hardware Design|Python|Statistics,C|Python,Data Science,Data Science,Customer Segmentation Analysis,,Data Engineer,AIDS,Mentor-guided
S01879,Pooja Nair,Male,19,CSE,3,7.87,84.4,23,Algorithms|C|Data Structures|Hardware Design|Python|Statistics,C|Python,Systems,Systems,OS Scheduler Simulation|E-commerce Web App,Java Programming Certificate|DSA Specialization,Systems Engineer,CSE,Hands-on Labs
S01880,Harish Varma,Female,21,IT,7,6.43,70.4,70,Algorithms|Backend Development|C|Cloud Computing|Cryptography|DBMS|Data Structures|DevOps|Hardware Design|Java|JavaScript|Networking|Operating Systems|SQL|Software Engineering|Software Testing|Statistics,C|Java|JavaScript,Cloud,Cloud,Network Monitoring Tool|Enterprise CRM App,AWS Cloud Practitioner,IT Support Engineer,IT,Mentor-guided
S01881,Deepa Kumar,Female,20,AIDS,4,6.26,70.9,34,Algorithms|DBMS|Data Structures|Frontend Development|Java|JavaScript|Python|SQL|Software Engineering|Statistics,Java|JavaScript|Python,Data Science,Data Science,Customer Segmentation Analysis|ETL Pipeline for Retail Data,IBM Data Science Certificate,Data Analyst,CYSEC,Mentor-guided
S01882,Shreya Pillai,Male,20,AIDS,5,7.69,83.3,45,Algorithms|C|Frontend Development|Hardware Design|JavaScript|Networking|Python|SQL|Software Engineering|Software Testing|Statistics|Web Development,C|JavaScript|Python,Machine Learning,Machine Learning,,,Business Intelligence Analyst,AIDS,Theory-focused
S01883,Sanjay Patel,Male,21,IT,8,8.2,88.0,74,Algorithms|Backend Development|Business Analytics|C|Cloud Computing|Cyber Security|Data Analytics|Data Structures|DevOps|Frontend Development|Hardware Design|IoT|JavaScript|Operating Systems|Python|Software Engineering|Software Testing|Statistics|Web Development,C|JavaScript|Python,Web Systems,Web Systems,Network Monitoring Tool|Cloud-hosted Inventory System,CompTIA Network+,Business Systems Analyst,AIDS,Mentor-guided
S01884,Kavya Raman,Male,20,CSE,3,9.0,97.8,23,Algorithms|C|Data Structures|Hardware Design|Python|Statistics,C|Python,Software Engineering,Software Engineering,E-commerce Web App|OS Scheduler Simulation,,Security Architect,IOT,Mentor-guided
S01885,Prakash Sharma,Female,20,CSE,3,8.3,88.1,20,Algorithms|C|Data Structures|Python|Statistics,C|Python,Systems,Systems,OS Scheduler Simulation,,Cloud Engineer,CSE,Mentor-guided
S01886,Rohan Chandran,Female,21,CSE,7,8.22,86.5,55,Algorithms|C|Cloud Computing|DBMS|Data Structures|Distributed Systems|Hardware Design|Java|JavaScript|Networking|Operating Systems|SQL|Software Engineering|Software Testing|Statistics|Web Development,C|Java|JavaScript,Business Analytics,Business Analytics,E-commerce Web App|OS Scheduler Simulation,,AI Research Engineer,CSE,Mentor-guided
S01887,Manoj Sharma,Female,19,CSE,4,6.26,70.0,31,Algorithms|DBMS|Frontend Development|Java|JavaScript|Python|SQL|Software Engineering|Statistics,Java|JavaScript|Python,Software Engineering,Software Engineering,OS Scheduler Simulation|Compiler Mini-Project,,Backend Developer,CSE,Theory-focused
S01888,Vikram Singh,Female,20,AIML,5,5.65,65.0,49,Algorithms|C|DBMS|Data Structures|Frontend Development|Hardware Design|Java|JavaScript|Networking|Python|SQL|Software Engineering|Software Testing|Statistics|Web Development,C|Java|JavaScript|Python,Machine Learning,Machine Learning,Sentiment Analysis Tool|Image Classification Model,,AI Research Engineer,AIML,Project-based
S01889,Swathi Menon,Male,22,AIML,8,7.08,75.1,73,Algorithms|Business Analytics|C|Cloud Computing|Computer Vision|Cyber Security|DBMS|Data Engineering|Data Structures|Hardware Design|Java|Machine Learning|NLP|Networking|Python|SQL|Software Engineering|Software Testing|Web Development,C|Java|Python,Software Engineering,Software Engineering,Image Classification Model,,Data Scientist,AIML,Theory-focused
S01890,Karthik Singh,Male,21,CSE,7,6.18,69.0,61,Algorithms|C|DBMS|Data Structures|Distributed Systems|Frontend Development|Hardware Design|Java|Networking|Operating Systems|Python|SQL|Software Engineering|Software Testing|Web Development,C|Java|Python,Systems,Systems,Compiler Mini-Project,,DevOps Engineer,CSE,Project-based
S01891,Aravind Verma,Male,21,AIDS,5,4.63,59.2,49,Algorithms|C|DBMS|Data Structures|Frontend Development|Hardware Design|Java|JavaScript|Networking|Operating Systems|SQL|Software Testing|Statistics|Distributed Systems,C|Java|JavaScript,Cryptography,Cryptography,ETL Pipeline for Retail Data|Sales Forecasting Dashboard|Customer Segmentation Analysis,,SOC Analyst,CSBS,Theory-focused
S01892,Ritu Rao,Male,20,CSE,4,6.97,77.3,34,Algorithms|C|DBMS|Data Structures|Frontend Development|JavaScript|Python|SQL|Software Engineering|Statistics|Web Development,C|JavaScript|Python,Algorithms,Algorithms,Compiler Mini-Project|OS Scheduler Simulation,,Systems Administrator,CSE,Theory-focused
S01893,Shreya Patel,Female,19,IT,3,5.48,62.7,23,Algorithms|C|Data Structures|Hardware Design|Python|Statistics,C|Python,Networking,Networking,Network Monitoring Tool|Cloud-hosted Inventory System,CompTIA Network+,Cloud Engineer,IT,Self-paced Online
S01894,Arjun Reddy,Female,19,CSE,3,8.0,85.3,23,C|Hardware Design|Python|Statistics,C|Python,Software Engineering,Software Engineering,OS Scheduler Simulation|E-commerce Web App,DSA Specialization,Cloud Engineer,CSE,Theory-focused
S01895,Pooja Das,Female,20,IT,6,5.66,66.0,58,Algorithms|Business Analytics|C|DBMS|Data Structures|DevOps|Hardware Design|Java|Networking|Operating Systems|Python|Software Engineering|Software Testing|Statistics|Web Development|Computer Vision,C|Java|Python,Networking,Networking,Network Monitoring Tool,CompTIA Network+,AI Research Engineer,IT,Project-based
S01896,Swathi Singh,Male,21,AIML,7,7.14,77.5,95,Algorithms|Business Analytics|C|Cryptography|Data Analytics|Data Engineering|Data Structures|Deep Learning|Ethical Hacking|Frontend Development|Hardware Design|Java|JavaScript|Networking|Operating Systems|Python|SQL|Software Engineering|Software Testing|Statistics|Web Development,C|Java|JavaScript|Python,Statistics,Statistics,,TensorFlow Developer Certificate,IT Consultant,IT,Hands-on Labs
S01897,Manoj Varma,Female,19,CSE,3,6.48,69.6,23,Algorithms|Hardware Design|Python|Statistics,Python,Algorithms,Algorithms,E-commerce Web App,,Systems Engineer,CSE,Project-based
S01898,Shreya Subramaniam,Male,20,CSBS,6,8.78,94.8,63,Business Analytics|C|Data Analytics|Frontend Development|Hardware Design|Java|JavaScript|Machine Learning|Networking|Operating Systems|Python|Software Engineering|Software Testing|Web Development,C|Java|JavaScript|Python,Data,Data,ERP Dashboard for SMEs|Business Analytics Report Tool,Google Business Analytics Certificate|PMP Foundation,Business Intelligence Analyst,CSBS,Mentor-guided
S01899,Meera Gupta,Male,21,CSE,8,5.57,62.9,86,Business Analytics|C|Cloud Computing|Computer Vision|Cryptography|Cyber Security|DBMS|Data Structures|Deep Learning|Distributed Systems|Frontend Development|Hardware Design|IoT|JavaScript|Networking|Operating Systems|Python|SQL|Software Engineering|Statistics|Web Development,C|JavaScript|Python,Management,Management,E-commerce Web App,DSA Specialization,Backend Developer,CSE,Mentor-guided
S01900,Rohan Gupta,Female,19,AIML,3,5.61,62.6,23,Algorithms|C|Hardware Design|Statistics|IoT,C,Statistics,Statistics,Image Classification Model,,AI Research Engineer,AIML,Project-based
S01901,Swathi Nair,Female,19,AIDS,3,3.83,52.9,23,Algorithms|Data Structures|Hardware Design|Python|Statistics,Python,Software Engineering,Software Engineering,,Google Data Analytics Certificate,Machine Learning Engineer,AIDS,Project-based
S01902,Gokul Menon,Female,21,CYSEC,7,5.03,61.1,62,C|Cloud Computing|DBMS|DevOps|Frontend Development|Hardware Design|Java|Networking|Operating Systems|Python|SQL|Software Testing|Statistics|Web Development,C|Java|Python,Business Analytics,Business Analytics,Vulnerability Scanner|Secure File Sharing System|Phishing Detection Tool,Certified Ethical Hacker (CEH) - Foundation,Security Architect,CYSEC,Self-paced Online
S01903,Sanjay Singh,Male,19,CSE,4,5.74,64.2,34,Algorithms|C|Data Structures|Frontend Development|Hardware Design|Java|JavaScript|Python|Software Engineering|Web Development,C|Java|JavaScript|Python,Algorithms,Algorithms,Compiler Mini-Project|OS Scheduler Simulation|E-commerce Web App,Java Programming Certificate|DSA Specialization,DevOps Engineer,CSE,Hands-on Labs
S01904,Rahul Mehta,Male,20,CYSEC,6,6.86,72.2,59,Algorithms|C|Cloud Computing|Cryptography|Cyber Security|DBMS|Data Structures|DevOps|Frontend Development|Java|JavaScript|Operating Systems|SQL|Software Engineering|Statistics|Web Development,C|Java|JavaScript,Security,Security,Secure File Sharing System|Phishing Detection Tool|Vulnerability Scanner,,Security Architect,CYSEC,Theory-focused
S01905,Deepa Kumar,Female,20,CSE,4,7.5,78.7,34,C|DBMS|Data Structures|Frontend Development|Hardware Design|Java|JavaScript|Python|SQL|Software Engineering,C|Java|JavaScript|Python,Programming,Programming,Compiler Mini-Project|E-commerce Web App|OS Scheduler Simulation,DSA Specialization,Database Administrator,CSE,Project-based
S01906,Kavya Kumar,Female,21,CSE,8,5.43,64.4,75,Algorithms|Backend Development|Business Analytics|Cloud Computing|Cryptography|Cyber Security|DBMS|Data Analytics|Data Engineering|Data Structures|DevOps|Distributed Systems|Frontend Development|Hardware Design|JavaScript|Operating Systems|Software Engineering|Software Testing|Statistics|Web Development,JavaScript,Programming,Programming,E-commerce Web App|OS Scheduler Simulation|Compiler Mini-Project,Java Programming Certificate|DSA Specialization,Software Architect,CSE,Hands-on Labs
S01907,Deepa Pillai,Male,20,CYSEC,4,8.06,84.9,34,Algorithms|C|DBMS|Data Structures|Frontend Development|JavaScript|Python|Software Engineering|Statistics|Web Development,C|JavaScript|Python,Cryptography,Cryptography,,,Cybersecurity Analyst,CYSEC,Hands-on Labs
S01908,Divya Pillai,Female,20,AIDS,3,7.57,81.0,23,Algorithms|C|Data Structures|Hardware Design|Python|Statistics,C|Python,Statistics,Statistics,Customer Segmentation Analysis|Sales Forecasting Dashboard,IBM Data Science Certificate,Data Engineer,AIDS,Theory-focused
S01909,Kiran Bose,Female,22,AIML,7,8.61,92.5,70,Business Analytics|C|DBMS|Data Engineering|Data Structures|Deep Learning|Embedded Systems|Frontend Development|Hardware Design|Java|JavaScript|Networking|Operating Systems|Python|SQL|Software Engineering|Software Testing|Statistics|Web Development,C|Java|JavaScript|Python,Statistics,Statistics,Sentiment Analysis Tool|Chatbot using Transformers,,NLP Engineer,AIML,Mentor-guided
S01910,Suresh Verma,Female,21,CSBS,8,8.42,89.4,60,Algorithms|Business Analytics|C|Cyber Security|Data Analytics|Data Structures|Distributed Systems|JavaScript|Networking|Operating Systems|SQL|Software Engineering|Software Testing|Statistics,C|JavaScript,Statistics,Statistics,,,Business Intelligence Analyst,CSBS,Mentor-guided
S01911,Vikram Patel,Male,19,CSBS,3,8.52,90.5,23,Algorithms|C|Data Structures|Hardware Design|Python|Statistics,C|Python,Software,Software,Market Trend Predictor,,Business Systems Analyst,CSBS,Project-based
S01912,Rahul Krishnan,Male,20,CYSEC,6,7.4,80.2,60,C|Cryptography|Cyber Security|DBMS|Data Analytics|Data Structures|Frontend Development|Hardware Design|Java|Networking|Operating Systems|Python|SQL|Statistics|Web Development,C|Java|Python,Business Analytics,Business Analytics,Vulnerability Scanner|Secure File Sharing System|Phishing Detection Tool,CompTIA Security+,SOC Analyst,CYSEC,Project-based
S01913,Rahul Krishnan,Male,21,CSE,7,6.09,67.7,77,Algorithms|C|Cloud Computing|DBMS|Data Engineering|Data Structures|DevOps|Distributed Systems|Embedded Systems|JavaScript|Networking|Operating Systems|SQL|Software Engineering|Statistics|Web Development,C|JavaScript,Statistics,Statistics,E-commerce Web App|Compiler Mini-Project,DSA Specialization,Backend Developer,CSE,Self-paced Online
S01914,Manoj Gupta,Female,19,AIDS,3,7.48,80.6,23,C|Data Structures|Hardware Design|Python|Statistics,C|Python,Networking,Networking,ETL Pipeline for Retail Data|Customer Segmentation Analysis,,Machine Learning Engineer,AIDS,Theory-focused
S01915,Vikram Nair,Female,19,AIML,3,8.43,90.9,23,Algorithms|Data Structures|Hardware Design|Statistics|Software Engineering,C++,AI,AI,Chatbot using Transformers|Image Classification Model,Deep Learning Specialization,NLP Engineer,AIML,Project-based
S01916,Rohan Sharma,Male,20,IT,6,4.12,54.4,48,C|DBMS|Data Structures|Frontend Development|Hardware Design|Java|JavaScript|Networking|Operating Systems|Python|Software Engineering|Software Testing|Statistics|IoT,C|Java|JavaScript|Python,Web Systems,Web Systems,Enterprise CRM App|Cloud-hosted Inventory System,,IT Support Engineer,IT,Hands-on Labs
S01917,Sneha Subramaniam,Female,20,CYSEC,3,7.7,81.1,23,Algorithms|C|Hardware Design|Python|Statistics,C|Python,Cryptography,Cryptography,Secure File Sharing System,CompTIA Security+|Certified Ethical Hacker (CEH) - Foundation,Cybersecurity Analyst,AIML,Project-based
S01918,Vikram Menon,Female,19,IOT,3,8.43,90.6,23,Algorithms|C|Data Structures|Python|Statistics,C|Python,IoT,IoT,Weather Monitoring IoT Node,,Robotics Engineer,AIML,Project-based
S01919,Divya Varma,Male,21,AIML,6,7.82,82.9,66,Algorithms|Business Analytics|C|Cloud Computing|Cyber Security|DBMS|Data Structures|DevOps|Embedded Systems|Hardware Design|Java|JavaScript|Machine Learning|Python|SQL|Software Engineering|Software Testing|Statistics,C|Java|JavaScript|Python,Deep Learning,Deep Learning,Sentiment Analysis Tool|Image Classification Model|Chatbot using Transformers,,Machine Learning Engineer,AIML,Self-paced Online
S01920,Pooja Singh,Male,20,CSE,5,7.07,75.9,46,Algorithms|C|Data Structures|Frontend Development|Hardware Design|Java|Networking|Operating Systems|Python|SQL|Software Engineering|Software Testing|Statistics|Web Development,C|Java|Python,Programming,Programming,OS Scheduler Simulation|Compiler Mini-Project,Java Programming Certificate|DSA Specialization,Systems Administrator,CSE,Hands-on Labs
S01921,Suresh Iyer,Male,21,IT,6,5.93,65.4,59,Algorithms|C|Cloud Computing|Cyber Security|DBMS|Data Structures|DevOps|Frontend Development|Java|JavaScript|Networking|Operating Systems|Python|Software Engineering|Software Testing|Web Development,C|Java|JavaScript|Python,Web Systems,Web Systems,Cloud-hosted Inventory System|Network Monitoring Tool,CompTIA Network+,Business Systems Analyst,IT,Theory-focused
S01922,Prakash Das,Male,19,CYSEC,3,4.65,60.6,23,Algorithms|C|Data Structures|Hardware Design|Python|Statistics,C|Python,Cryptography,Cryptography,Vulnerability Scanner|Phishing Detection Tool,,SOC Analyst,CYSEC,Hands-on Labs
S01923,Prakash Pillai,Male,20,CYSEC,5,7.71,82.4,49,Algorithms|C|DBMS|Data Structures|Hardware Design|Java|JavaScript|Networking|Operating Systems|Python|SQL|Software Engineering|Software Testing|Statistics,C|Java|JavaScript|Python,Security,Security,Vulnerability Scanner|Phishing Detection Tool,Certified Ethical Hacker (CEH) - Foundation,Penetration Tester,CYSEC,Project-based
S01924,Naveen Singh,Male,20,CSE,5,8.12,86.1,49,Algorithms|C|DBMS|Data Structures|Frontend Development|Hardware Design|Java|JavaScript|Networking|Operating Systems|Python|SQL|Software Engineering|Software Testing|Statistics|Web Development,C|Java|JavaScript|Python,Software Engineering,Software Engineering,Compiler Mini-Project,,Backend Developer,CSE,Project-based
S01925,Swathi Krishnan,Female,21,CSBS,5,6.61,73.8,49,Algorithms|C|DBMS|Data Structures|Frontend Development|Hardware Design|Java|JavaScript|Operating Systems|Python|SQL|Software Engineering|Software Testing|Statistics|Web Development,C|Java|JavaScript|Python,Management,Management,ERP Dashboard for SMEs|Business Analytics Report Tool,,IT Consultant,CSBS,Project-based
S01926,Ritu Verma,Female,19,CSE,4,7.68,83.3,34,Algorithms|C|DBMS|Frontend Development|Hardware Design|Java|JavaScript|Python|SQL|Software Engineering|Statistics|Web Development,C|Java|JavaScript|Python,Cloud,Cloud,Compiler Mini-Project,DSA Specialization,DevOps Engineer,CSE,Project-based
S01927,Naveen Subramaniam,Male,20,IOT,4,5.12,61.6,34,Algorithms|C|DBMS|Frontend Development|Hardware Design|Java|JavaScript|SQL|Software Engineering|Web Development,C|Java|JavaScript,Data Engineering,Data Engineering,Smart Home Automation,Embedded Systems Certificate,IoT Solutions Engineer,IOT,Self-paced Online
S01928,Rohan Das,Female,20,IT,4,6.62,73.1,34,C|DBMS|Hardware Design|JavaScript|Python|SQL|Software Engineering|Statistics|Web Development|Data Structures,C|JavaScript|Python,Embedded Systems,Embedded Systems,Network Monitoring Tool|Cloud-hosted Inventory System|Enterprise CRM App,,Database Administrator,IT,Project-based
S01929,Kiran Singh,Male,20,CYSEC,5,8.69,94.0,49,Algorithms|DBMS|Data Structures|Frontend Development|Hardware Design|Java|JavaScript|Operating Systems|SQL|Software Engineering|Software Testing|Web Development,Java|JavaScript,Security,Security,,,Cybersecurity Analyst,CYSEC,Theory-focused
S01930,Aditi Chandran,Male,20,AIML,5,6.96,76.1,45,C|DBMS|Data Structures|Frontend Development|Hardware Design|Java|JavaScript|Operating Systems|Python|Software Engineering|Software Testing|Statistics|Web Development,C|Java|JavaScript|Python,Statistics,Statistics,Image Classification Model,,NLP Engineer,AIML,Self-paced Online
S01931,Rahul Reddy,Male,19,AIML,4,8.41,90.0,34,C|DBMS|Data Structures|Frontend Development|Hardware Design|Java|JavaScript|Python,C|Java|JavaScript|Python,AI,AI,Image Classification Model|Chatbot using Transformers,Deep Learning Specialization,Robotics Engineer,AIML,Project-based
S01932,Manoj Menon,Female,20,AIML,5,7.13,77.0,46,Algorithms|C|DBMS|Data Structures|Frontend Development|JavaScript|Networking|Python|SQL|Software Engineering|Software Testing|Statistics|Web Development|C++,C|C++|JavaScript|Python,Networking,Networking,Sentiment Analysis Tool,,NLP Engineer,AIML,Theory-focused
S01933,Ananya Kumar,Male,19,IT,4,7.41,79.3,34,Algorithms|DBMS|Data Structures|Frontend Development|Hardware Design|JavaScript|Python|SQL|Software Engineering|Statistics,JavaScript|Python,Cloud,Cloud,Network Monitoring Tool,,Systems Engineer,IT,Hands-on Labs
S01934,Gokul Subramaniam,Male,21,IT,5,6.39,71.6,49,Algorithms|C|DBMS|Data Structures|Hardware Design|Networking|Operating Systems|Python|SQL|Software Engineering|Software Testing|Web Development,C|Python,Data Science,Data Science,Enterprise CRM App,AWS Cloud Practitioner,Backend Developer,IT,Hands-on Labs
S01935,Meera Menon,Male,20,IT,3,7.42,83.7,19,C|Data Structures|Hardware Design|Python,C|Python,Networking,Networking,,,Network Administrator,IT,Theory-focused
S01936,Manoj Raman,Female,19,AIDS,4,9.0,97.7,34,Algorithms|DBMS|Data Structures|Hardware Design|Python|SQL|Software Engineering|Statistics|Web Development,Python,Statistics,Statistics,,,Data Scientist,AIDS,Hands-on Labs
S01937,Rahul Chandran,Male,20,CSE,3,7.43,78.3,23,Algorithms|C|Data Structures|Hardware Design|Python|Statistics,C|Python,Software Engineering,Software Engineering,OS Scheduler Simulation,DSA Specialization,Cloud Engineer,CSE,Theory-focused
S01938,Gokul Mehta,Male,20,AIDS,3,7.78,82.0,23,Algorithms|C|Data Structures|Hardware Design|Python|Statistics|DBMS,C|Python,Statistics,Statistics,Customer Segmentation Analysis|Sales Forecasting Dashboard,,Data Engineer,AIDS,Theory-focused
S01939,Rahul Kumar,Female,20,CSE,6,7.85,84.2,59,Algorithms|Embedded Systems|Frontend Development|Hardware Design|Java|Networking|Operating Systems|Python|Software Engineering|Software Testing|Statistics|Web Development|Machine Learning,Java|Python,Software Engineering,Software Engineering,OS Scheduler Simulation,DSA Specialization,Software Engineer,CSE,Self-paced Online
S01940,Rahul Krishnan,Female,21,AIML,7,8.94,98.8,64,Algorithms|Business Analytics|C|Cloud Computing|DBMS|Data Analytics|Data Engineering|Data Structures|Embedded Systems|Frontend Development|Hardware Design|IoT|Java|Machine Learning|Networking|Operating Systems|Python|Software Engineering|Software Testing|Statistics,C|Java|Python,Programming,Programming,Chatbot using Transformers|Sentiment Analysis Tool,,Data Scientist,IT,Project-based
S01941,Kavya Menon,Female,20,CSE,3,3.39,51.1,23,Algorithms|C|Data Structures|Hardware Design|Python|Statistics,C|Python,Statistics,Statistics,E-commerce Web App,DSA Specialization,Software Architect,AIDS,Mentor-guided
S01942,Sanjay Subramaniam,Female,21,AIML,6,5.96,65.5,53,C|DBMS|Data Structures|Frontend Development|Hardware Design|JavaScript|Machine Learning|Operating Systems|SQL|Software Engineering,C|JavaScript,Management,Management,Chatbot using Transformers,,IT Support Engineer,AIML,Theory-focused
S01943,Harish Mehta,Female,21,IT,7,6.19,67.0,70,Algorithms|Backend Development|C|Cloud Computing|DBMS|Data Structures|Deep Learning|DevOps|Embedded Systems|Frontend Development|Hardware Design|JavaScript|Operating Systems|Python|SQL|Software Engineering|Software Testing|Statistics|Web Development,C|JavaScript|Python,Security,Security,Network Monitoring Tool|Cloud-hosted Inventory System,CompTIA Network+,IT Support Engineer,CSBS,Hands-on Labs
S01944,Anjali Verma,Female,21,AIML,8,6.73,71.6,62,C|Computer Vision|Cyber Security|DBMS|Deep Learning|Ethical Hacking|Frontend Development|Hardware Design|IoT|JavaScript|Machine Learning|NLP|Networking|Operating Systems|Python|SQL|Statistics|Web Development,C|JavaScript|Python,Machine Learning,Machine Learning,Image Classification Model,,IoT Solutions Engineer,AIML,Mentor-guided
S01945,Ananya Krishnan,Male,20,IT,6,6.65,74.3,65,Algorithms|Business Analytics|Cloud Computing|DBMS|Data Analytics|Data Structures|DevOps|Embedded Systems|Frontend Development|Hardware Design|Java|JavaScript|Networking|Python|SQL|Software Engineering|Software Testing|Statistics|Web Development,Java|JavaScript|Python,Databases,Databases,Cloud-hosted Inventory System,AWS Cloud Practitioner|CompTIA Network+,Systems Engineer,IT,Hands-on Labs
S01946,Divya Reddy,Female,21,CSE,5,6.86,73.4,49,Algorithms|DBMS|Data Structures|Hardware Design|Java|Networking|Python|SQL|Software Engineering|Software Testing|Statistics|JavaScript,Java|JavaScript|Python,Systems,Systems,E-commerce Web App|Compiler Mini-Project,,IT Consultant,CSE,Hands-on Labs
S01947,Aditi Mehta,Female,21,CSBS,8,3.22,51.3,64,Business Analytics|C|Cloud Computing|Cyber Security|DBMS|Data Analytics|Data Engineering|Data Structures|Deep Learning|Distributed Systems|Frontend Development|Hardware Design|JavaScript|NLP|Python|SQL|Software Engineering|Software Testing|Statistics|Web Development,C|JavaScript|Python,Management,Management,Market Trend Predictor|ERP Dashboard for SMEs,,IT Consultant,CSBS,Self-paced Online
S01948,Vikram Singh,Female,20,IOT,6,8.62,94.5,60,Algorithms|Business Analytics|C|DBMS|Data Structures|Embedded Systems|Frontend Development|Hardware Design|JavaScript|Networking|Operating Systems|SQL|Software Engineering|Web Development,C|JavaScript,Embedded Systems,Embedded Systems,Smart Home Automation|Wearable Health Tracker|Weather Monitoring IoT Node,Embedded Systems Certificate,Embedded Systems Engineer,IOT,Self-paced Online
S01949,Lakshmi Nair,Female,21,CSE,5,7.27,78.3,49,Algorithms|C|DBMS|Data Structures|Frontend Development|Hardware Design|Java|JavaScript|Networking|Operating Systems|Python|SQL|Software Testing|Statistics|Web Development,C|Java|JavaScript|Python,Data Science,Data Science,OS Scheduler Simulation,Java Programming Certificate,Data Engineer,CSE,Theory-focused
S01950,Anjali Chandran,Male,20,AIDS,6,4.42,58.7,53,Algorithms|C|DBMS|Data Analytics|Data Structures|Frontend Development|Hardware Design|Java|JavaScript|Machine Learning|Python|SQL|Software Testing|Statistics|Web Development,C|Java|JavaScript|Python,Cryptography,Cryptography,ETL Pipeline for Retail Data|Customer Segmentation Analysis|Sales Forecasting Dashboard,Google Data Analytics Certificate,Machine Learning Engineer,AIDS,Theory-focused
S01951,Aravind Sharma,Female,20,AIML,3,8.57,93.5,23,C|Python|Statistics,C|Python,AI,AI,,,Data Scientist,AIML,Theory-focused
S01952,Suresh Das,Female,20,IT,4,7.03,77.2,30,C|DBMS|Data Structures|Frontend Development|Hardware Design|Java|JavaScript|Python|SQL|Software Engineering,C|Java|JavaScript|Python,Software Engineering,Software Engineering,Enterprise CRM App,CompTIA Network+|AWS Cloud Practitioner,Systems Administrator,CYSEC,Hands-on Labs
S01953,Aditi Kumar,Female,21,IOT,8,7.57,80.9,74,Algorithms|C|Cloud Computing|Cyber Security|Data Structures|DevOps|Embedded Systems|Hardware Design|IoT|Java|Python|Software Engineering|Software Testing|Statistics,C|Java|Python,Embedded Systems,Embedded Systems,Smart Home Automation,,Robotics Engineer,IOT,Mentor-guided
S01954,Suresh Das,Male,21,IOT,8,7.38,79.2,71,Algorithms|Business Analytics|C|Cyber Security|DBMS|Data Analytics|Data Structures|Embedded Systems|Frontend Development|Hardware Design|Java|Machine Learning|Networking|Operating Systems|Python|SQL|Software Engineering|Software Testing|Statistics|Web Development,C|Java|Python,IoT,IoT,Smart Home Automation|Wearable Health Tracker,,Firmware Engineer,IOT,Theory-focused
S01955,Kiran Krishnan,Male,21,IT,5,8.84,96.9,49,Algorithms|C|DBMS|Data Structures|Frontend Development|Java|JavaScript|Networking|Python|Software Engineering|Software Testing|Statistics|Web Development,C|Java|JavaScript|Python,IoT,IoT,,,Systems Administrator,IT,Theory-focused
S01956,Aravind Rao,Female,21,AIDS,7,6.32,68.6,71,Algorithms|Business Analytics|C|Cloud Computing|DBMS|Data Analytics|Data Engineering|DevOps|Frontend Development|Hardware Design|IoT|Java|JavaScript|Machine Learning|Networking|Operating Systems|Python|Software Engineering|Software Testing|Web Development,C|Java|JavaScript|Python,Statistics,Statistics,ETL Pipeline for Retail Data|Sales Forecasting Dashboard,IBM Data Science Certificate,Business Intelligence Analyst,AIDS,Project-based
S01957,Ritu Patel,Male,20,AIML,5,7.43,78.2,49,Algorithms|C|DBMS|Data Structures|Frontend Development|Hardware Design|Java|JavaScript|Networking|SQL|Software Testing|Statistics|Web Development,C|Java|JavaScript,Deep Learning,Deep Learning,Image Classification Model,TensorFlow Developer Certificate,AI Research Engineer,AIML,Theory-focused
S01958,Manoj Varma,Female,20,CYSEC,6,5.73,64.4,56,Algorithms|C|Cryptography|Cyber Security|Frontend Development|Hardware Design|Java|Operating Systems|Python|Software Engineering|Software Testing|Statistics|Web Development,C|Java|Python,Software,Software,Vulnerability Scanner|Phishing Detection Tool,,SOC Analyst,CYSEC,Hands-on Labs
S01959,Sanjay Patel,Female,20,IOT,4,3.87,55.5,31,Algorithms|C|DBMS|Data Structures|Frontend Development|Hardware Design|Java|JavaScript|SQL|Statistics|Web Development,C|Java|JavaScript,Networking,Networking,,,Embedded Systems Engineer,IOT,Project-based
S01960,Anjali Iyer,Female,22,AIDS,7,7.05,75.9,66,Algorithms|C|Cloud Computing|DBMS|Data Engineering|Data Structures|Frontend Development|Java|JavaScript|Networking|Operating Systems|SQL|Software Engineering|Software Testing|Web Development,C|Java|JavaScript,Software,Software,Sales Forecasting Dashboard,IBM Data Science Certificate,Embedded Systems Engineer,AIDS,Self-paced Online
S01961,Naveen Verma,Female,22,IT,8,7.13,77.3,84,Algorithms|Backend Development|C|Cloud Computing|Cyber Security|DBMS|Data Structures|DevOps|Frontend Development|Hardware Design|IoT|Java|Networking|Operating Systems|Python|SQL|Software Engineering|Software Testing|Statistics|Web Development,C|Java|Python,Networking,Networking,Network Monitoring Tool|Cloud-hosted Inventory System,AWS Cloud Practitioner,Systems Administrator,IT,Theory-focused
S01962,Vikram Verma,Male,21,CSE,8,6.41,71.1,81,Algorithms|Cloud Computing|DBMS|Data Engineering|Deep Learning|Distributed Systems|Embedded Systems|Frontend Development|Java|JavaScript|Machine Learning|Python|SQL|Software Engineering|Statistics|Web Development,Java|JavaScript|Python,Programming,Programming,,,Cloud Engineer,CSE,Theory-focused
S01963,Divya Subramaniam,Male,19,AIML,4,7.94,84.2,34,Algorithms|C|DBMS|Data Structures|Frontend Development|Hardware Design|Java|JavaScript|Python|Software Engineering,C|Java|JavaScript|Python,Cloud,Cloud,Sentiment Analysis Tool,,Data Scientist,AIML,Project-based
S01964,Vikram Sharma,Male,19,CSE,4,7.71,81.1,31,C|DBMS|Frontend Development|Java|SQL|Software Engineering|Statistics,C|Java,Algorithms,Algorithms,E-commerce Web App|OS Scheduler Simulation,DSA Specialization|Java Programming Certificate,Machine Learning Engineer,CSE,Mentor-guided
S01965,Sanjay Varma,Female,19,CSBS,4,6.43,71.8,30,Algorithms|DBMS|Data Structures|Frontend Development|Java|Python|SQL|Software Engineering|Statistics|Web Development,Java|Python,Management,Management,,,Data Scientist,CSBS,Theory-focused
S01966,Suresh Bose,Male,21,AIML,8,3.86,54.1,71,Algorithms|C|Cloud Computing|Computer Vision|DBMS|Data Structures|Distributed Systems|Frontend Development|Hardware Design|IoT|NLP|Networking|Python|SQL|Software Engineering|Software Testing|Statistics|Web Development|Cryptography,C|Python,Deep Learning,Deep Learning,Image Classification Model|Chatbot using Transformers,,Robotics Engineer,CSE,Hands-on Labs
S01967,Ananya Gupta,Male,21,CYSEC,5,7.1,77.0,49,Algorithms|C|DBMS|Data Structures|Frontend Development|Hardware Design|JavaScript|Networking|Operating Systems|Python|SQL|Software Engineering|Software Testing|Statistics|Web Development,C|JavaScript|Python,Networking,Networking,,Certified Ethical Hacker (CEH) - Foundation|CompTIA Security+,IoT Solutions Engineer,CYSEC,Theory-focused
S01968,Ritu Gupta,Male,20,CSE,4,7.41,79.8,34,Algorithms|C|DBMS|Data Structures|Frontend Development|Hardware Design|JavaScript|Python|SQL|Software Engineering|Statistics,C|JavaScript|Python,Algorithms,Algorithms,E-commerce Web App,DSA Specialization|Java Programming Certificate,NLP Engineer,CSE,Theory-focused
S01969,Anjali Krishnan,Female,19,AIDS,3,8.26,87.6,23,C|Data Structures|Hardware Design|Python|Statistics|Computer Vision,C|Python,Machine Learning,Machine Learning,,,Data Scientist,AIDS,Self-paced Online
S01970,Swathi Varma,Female,22,IT,8,4.21,56.1,68,Algorithms|Backend Development|Business Analytics|DBMS|Data Engineering|Data Structures|DevOps|Frontend Development|Java|Operating Systems|SQL|Software Testing|Web Development,Java,Databases,Databases,Enterprise CRM App,CompTIA Network+,IT Support Engineer,IT,Hands-on Labs
S01971,Lakshmi Varma,Male,21,CSBS,5,7.65,83.0,49,Algorithms|Data Structures|Hardware Design|Java|JavaScript|Operating Systems|Python|Software Engineering|Web Development,Java|JavaScript|Python,Web Systems,Web Systems,ERP Dashboard for SMEs,Google Business Analytics Certificate,Data Analyst,CSE,Self-paced Online
S01972,Sneha Bose,Male,19,AIDS,3,8.87,95.7,23,Algorithms|C|Data Structures|Hardware Design|Python|Statistics,C|Python,Data Science,Data Science,,Google Data Analytics Certificate,Data Scientist,AIDS,Project-based
S01973,Ritu Das,Female,20,CSE,5,8.27,88.4,49,Algorithms|C|DBMS|Data Structures|Frontend Development|Hardware Design|Java|JavaScript|Networking|Operating Systems|SQL|Software Engineering|Software Testing|Statistics|Web Development,C|Java|JavaScript,Programming,Programming,,,Software Engineer,CSE,Project-based
S01974,Prakash Gupta,Female,20,IOT,5,8.88,96.8,49,Algorithms|C|Data Structures|Frontend Development|Java|JavaScript|Networking|Operating Systems|Python|SQL|Software Engineering|Software Testing|Statistics|Web Development,C|Java|JavaScript|Python,IoT,IoT,Weather Monitoring IoT Node|Wearable Health Tracker,IoT Fundamentals (Cisco),Robotics Engineer,IOT,Project-based
S01975,Sneha Bose,Male,20,CSE,5,4.04,56.3,46,Algorithms|C|DBMS|Data Structures|Java|Operating Systems|Python|SQL|Software Engineering|Software Testing,C|Java|Python,Networking,Networking,E-commerce Web App,,Cloud Engineer,CSBS,Mentor-guided
S01976,Harish Singh,Male,19,CSBS,3,5.78,65.2,23,Algorithms|C|Hardware Design|Python|Statistics|Data Engineering,C|Python,Data,Data,Business Analytics Report Tool,PMP Foundation,IT Consultant,CSBS,Project-based
S01977,Pooja Reddy,Male,19,IT,4,7.15,76.9,34,Algorithms|C|DBMS|Hardware Design|Java|JavaScript|Python|SQL|Software Engineering|Statistics|Web Development,C|Java|JavaScript|Python,Databases,Databases,Network Monitoring Tool|Enterprise CRM App|Cloud-hosted Inventory System,AWS Cloud Practitioner|CompTIA Network+,DevOps Engineer,IT,Self-paced Online
S01978,Prakash Kumar,Male,20,AIML,6,6.96,73.9,57,Algorithms|C|Hardware Design|Java|JavaScript|Machine Learning|Networking|Operating Systems|Software Testing|Statistics,C|Java|JavaScript,Systems,Systems,Chatbot using Transformers|Image Classification Model,Deep Learning Specialization,IT Consultant,AIDS,Hands-on Labs
S01979,Suresh Varma,Female,19,IOT,4,5.85,66.6,34,Algorithms|C|Data Structures|Frontend Development|Hardware Design|Java|JavaScript|Python|Software Engineering|Statistics|Web Development,C|Java|JavaScript|Python,Networking,Networking,Weather Monitoring IoT Node,IoT Fundamentals (Cisco),IoT Solutions Engineer,IOT,Self-paced Online
S01980,Shreya Raman,Male,21,IOT,7,7.18,77.2,76,Algorithms|C|Cloud Computing|DBMS|Data Structures|Distributed Systems|Embedded Systems|Frontend Development|Hardware Design|IoT|Java|JavaScript|Networking|Operating Systems|Python|SQL|Software Engineering|Software Testing|Statistics|Web Development,C|Java|JavaScript|Python,Hardware,Hardware,,,Embedded Systems Engineer,CSBS,Hands-on Labs
S01981,Swathi Krishnan,Female,21,IT,7,7.0,74.9,68,Algorithms|Backend Development|C|Cloud Computing|Cryptography|Cyber Security|DBMS|Data Analytics|Data Structures|Frontend Development|JavaScript|Networking|Operating Systems|Software Engineering|Software Testing|Statistics,C|JavaScript,Cloud,Cloud,Enterprise CRM App|Cloud-hosted Inventory System,AWS Cloud Practitioner|CompTIA Network+,Cloud Engineer,IT,Hands-on Labs
S01982,Anjali Iyer,Male,22,IT,8,7.09,76.3,87,Algorithms|Backend Development|Business Analytics|C|Cyber Security|DBMS|Data Analytics|DevOps|Frontend Development|Hardware Design|IoT|Java|JavaScript|Networking|Operating Systems|Python|SQL|Software Testing|Statistics|Web Development,C|Java|JavaScript|Python,Networking,Networking,Cloud-hosted Inventory System|Network Monitoring Tool,,Database Administrator,IT,Hands-on Labs
S01983,Gokul Nair,Male,19,AIDS,3,5.89,66.4,19,Algorithms|C|Data Structures|Hardware Design|Statistics,C,Statistics,Statistics,Sales Forecasting Dashboard|Customer Segmentation Analysis,,Data Analyst,AIDS,Self-paced Online
S01984,Sneha Menon,Male,20,IT,5,7.37,79.5,49,Algorithms|C|DBMS|Frontend Development|Hardware Design|JavaScript|Networking|Operating Systems|Python|SQL|Statistics|Web Development,C|JavaScript|Python,Networking,Networking,Enterprise CRM App|Cloud-hosted Inventory System,,Database Administrator,IT,Project-based
S01985,Sanjay Iyer,Male,19,IT,3,7.26,76.5,23,Algorithms|Data Structures|Hardware Design|Python|Statistics,Python,Cryptography,Cryptography,Cloud-hosted Inventory System|Enterprise CRM App,,IT Support Engineer,AIML,Self-paced Online
S01986,Ritu Das,Male,19,IOT,4,4.71,59.3,34,Algorithms|C|DBMS|Data Structures|Frontend Development|Hardware Design|Java|Python|SQL|Statistics|Web Development,C|Java|Python,Hardware,Hardware,Weather Monitoring IoT Node,,Robotics Engineer,IOT,Hands-on Labs
S01987,Ananya Iyer,Female,20,AIDS,6,4.0,55.7,57,C|Data Analytics|Frontend Development|Hardware Design|Java|JavaScript|Python|SQL|Software Engineering|Software Testing|Statistics|Web Development,C|Java|JavaScript|Python,Data Engineering,Data Engineering,Sales Forecasting Dashboard|Customer Segmentation Analysis,Google Data Analytics Certificate,IoT Solutions Engineer,AIDS,Mentor-guided
S01988,Nisha Verma,Male,20,AIML,3,7.87,82.4,23,Algorithms|C|Statistics|Data Structures,C,AI,AI,Chatbot using Transformers|Sentiment Analysis Tool,TensorFlow Developer Certificate|Deep Learning Specialization,Computer Vision Engineer,AIML,Theory-focused
S01989,Rohan Patel,Male,19,IOT,3,6.83,73.7,23,Algorithms|C|Data Structures|Hardware Design|Python,C|Python,IoT,IoT,Weather Monitoring IoT Node|Wearable Health Tracker|Smart Home Automation,Embedded Systems Certificate,Robotics Engineer,IOT,Self-paced Online
S01990,Suresh Kumar,Male,21,AIML,7,6.77,74.6,70,Algorithms|C|Cloud Computing|Cyber Security|DBMS|Data Engineering|Deep Learning|Ethical Hacking|Frontend Development|Hardware Design|Java|JavaScript|Networking|Operating Systems|Python|SQL|Software Testing|Statistics|Web Development,C|Java|JavaScript|Python,Machine Learning,Machine Learning,Chatbot using Transformers|Sentiment Analysis Tool,Deep Learning Specialization,NLP Engineer,AIML,Hands-on Labs
S01991,Prakash Raman,Male,19,CSE,3,6.48,70.7,23,Algorithms|C|Hardware Design|Python|Statistics|IoT,C|Python,Algorithms,Algorithms,Compiler Mini-Project|OS Scheduler Simulation|E-commerce Web App,Java Programming Certificate,Cloud Engineer,CSE,Self-paced Online
S01992,Shreya Menon,Male,22,CSE,7,6.77,75.4,61,Algorithms|C|Cloud Computing|DBMS|Data Structures|DevOps|Frontend Development|Java|JavaScript|Operating Systems|Python|SQL|Software Engineering|Software Testing|Web Development,C|Java|JavaScript|Python,Programming,Programming,OS Scheduler Simulation|E-commerce Web App,Java Programming Certificate,DevOps Engineer,CSE,Mentor-guided
S01993,Rahul Kumar,Male,22,CYSEC,8,7.36,79.1,87,Algorithms|Cryptography|Cyber Security|DBMS|Data Engineering|Data Structures|Deep Learning|DevOps|Ethical Hacking|Frontend Development|Hardware Design|IoT|Java|JavaScript|Machine Learning|Networking|Python|Software Engineering|Software Testing|Statistics|Web Development,Java|JavaScript|Python,Web Systems,Web Systems,Phishing Detection Tool|Secure File Sharing System,,Penetration Tester,CYSEC,Hands-on Labs
S01994,Gokul Patel,Male,21,CSE,7,7.88,85.1,67,Algorithms|C|Data Engineering|Data Structures|Distributed Systems|Embedded Systems|Java|JavaScript|Networking|Operating Systems|Python|SQL|Software Engineering|Software Testing|Statistics|Web Development,C|Java|JavaScript|Python,Algorithms,Algorithms,,,Data Analyst,CSE,Theory-focused
S01995,Vikram Bose,Female,21,CYSEC,7,4.95,58.6,62,Algorithms|C|Cloud Computing|Cryptography|Cyber Security|DBMS|Data Structures|DevOps|Ethical Hacking|Hardware Design|Java|Operating Systems|Python|SQL|Software Engineering|Software Testing|Statistics,C|Java|Python,Networking,Networking,Secure File Sharing System|Vulnerability Scanner,Certified Ethical Hacker (CEH) - Foundation,Security Architect,CYSEC,Mentor-guided
S01996,Lakshmi Reddy,Male,22,CYSEC,7,6.63,71.6,78,Business Analytics|Cryptography|Cyber Security|DBMS|Data Structures|Embedded Systems|Frontend Development|IoT|Java|Networking|Operating Systems|Python|Software Testing|Web Development,Java|Python,Cryptography,Cryptography,Phishing Detection Tool,,Cybersecurity Analyst,CYSEC,Theory-focused
S01997,Ritu Kumar,Male,20,IOT,3,6.3,71.6,20,Algorithms|C|Data Structures|Hardware Design|Python|Statistics,C|Python,Hardware,Hardware,,,Backend Developer,IOT,Mentor-guided
S01998,Ananya Krishnan,Male,20,CYSEC,3,6.45,71.1,20,Algorithms|C|Data Structures|Python|Statistics,C|Python,Cryptography,Cryptography,,,Cybersecurity Analyst,CYSEC,Project-based
S01999,Aditi Iyer,Male,22,CSE,8,8.08,86.9,83,C|Cloud Computing|DBMS|Data Analytics|Deep Learning|DevOps|Distributed Systems|Embedded Systems|Frontend Development|Java|JavaScript|Networking|SQL|Software Engineering|Web Development,C|Java|JavaScript,Software Engineering,Software Engineering,Compiler Mini-Project|E-commerce Web App,,Cloud Engineer,CSE,Theory-focused
S02000,Gokul Das,Male,22,AIDS,8,6.82,72.4,74,Algorithms|Business Analytics|C|Cloud Computing|DBMS|Data Analytics|Data Engineering|Data Structures|Frontend Development|Hardware Design|Java|JavaScript|Networking|Python|SQL|Software Engineering|Software Testing|Web Development,C|Java|JavaScript|Python,Data Science,Data Science,,,Data Engineer,AIDS,Self-paced Online
